corpus,date,entity_id,sector,mentions,day_total,sov,sov_sector,open,close,ret_same,ret_d1,ret_fwd5,ret_fwd10,vol_fwd5,vol_pre10,base,abn,sov_base,abn_sov,spike,silent,ret_same_sx,ret_fwd5_sx,ret_fwd10_sx,absret_same,absret_fwd5,absret_same_sx,ent,dt
digest,2026-07-07,amber,ems,0,52,0.0,0.0,7640.5,7625.0,-0.0020286630456122223,-0.026360655737704963,0.02118032786885249,-0.00039344262295082366,0.3292839282654099,0.26026463689894275,1.0,-1.0,0.01492537313432834,-0.01492537313432834,0.0,1.0,0.014093189084129265,-0.008245528543068814,-0.031143597595060912,0.0020286630456122223,0.02118032786885249,0.014093189084129265,amber,2026-07-07
digest,2026-07-08,amber,ems,1,82,0.0121951219512195,0.2,7545.0,7424.0,-0.016037110669317456,0.02377424568965525,0.057448814655172376,0.007408405172413701,0.18650997918603976,0.2808896365386674,0.8333333333333334,0.16666666666666663,0.012437810945273617,-0.00024268899405411638,0.0,0.0,-0.005425146389306709,0.01144413174668446,-0.02313368843147116,0.016037110669317456,0.057448814655172376,0.005425146389306709,amber,2026-07-08
digest,2026-07-09,amber,ems,2,23,0.0869565217391304,0.2857142857142857,7507.0,7600.5,0.012455041960836466,0.02348529701993285,0.05473324123412926,-0.022432734688507372,0.1760636581599622,0.2951463481984719,0.8571428571428571,1.1428571428571428,0.012403141088980172,0.07455338065015023,0.0,0.0,-0.019771785578648858,0.019983181487612633,-0.005978669405262833,0.012455041960836466,0.05473324123412926,0.019771785578648858,amber,2026-07-09
digest,2026-07-10,amber,ems,0,22,0.0,0.0,7636.0,7779.0,0.018727082242011583,-0.0010284098213138027,0.00327805630543776,-0.06652526031623607,0.27678768588423824,0.3190813219991717,1.0,-1.0,0.02172231367024895,-0.02172231367024895,0.0,1.0,0.025068542163044216,-0.006077609828341804,-0.028381647620454663,0.018727082242011583,0.00327805630543776,0.025068542163044216,amber,2026-07-10
digest,2026-07-12,amber,ems,0,2,0.0,0.0,7779.5,7771.0,-0.001092615206632841,0.0019945952901814223,0.011324153905546197,-0.06311928966670954,0.279327446256679,0.2592743948158129,0.8888888888888888,-0.8888888888888888,0.01930872326244351,-0.01930872326244351,0.0,1.0,-0.006730463468115104,-0.0006069644969560559,-0.032358246844535546,0.001092615206632841,0.011324153905546197,0.006730463468115104,amber,2026-07-12
digest,2026-07-13,amber,ems,0,33,0.0,0.0,7779.5,7771.0,-0.001092615206632841,0.0019945952901814223,0.011324153905546197,-0.06311928966670954,0.279327446256679,0.2592743948158129,0.8,-0.8,0.01737785093619916,-0.01737785093619916,0.0,1.0,-0.006730463468115104,-0.0006069644969560559,-0.032358246844535546,0.001092615206632841,0.011324153905546197,0.006730463468115104,amber,2026-07-13
digest,2026-07-14,amber,ems,0,35,0.0,0.0,7748.0,7786.5,0.004969024264326327,0.00821935401014584,-0.021126308354202816,-0.07416682720092471,0.36287830616707417,0.25213174447260306,0.8,-0.8,0.01737785093619916,-0.01737785093619916,0.0,1.0,-0.00011186032420586623,-0.02263605137139683,-0.03721825654917874,0.004969024264326327,0.021126308354202816,0.00011186032420586623,amber,2026-07-14
digest,2026-07-15,amber,ems,0,17,0.0,0.0,7831.5,7850.5,0.002426099725467701,0.021145149990446477,-0.0473218266352462,-0.055920005095216885,0.3558882943302953,0.2403440811324551,0.3,-0.3,0.00991516436903499,-0.00991516436903499,0.0,1.0,0.010145718111895796,-0.03271657052603568,-0.0652903983787978,0.002426099725467701,0.0473218266352462,0.010145718111895796,amber,2026-07-15
digest,2026-07-16,amber,ems,1,38,0.0263157894736842,0.1428571428571428,7910.5,8016.5,0.013399911510018292,-0.02644545624649164,-0.07316160419135531,-0.07677914301752631,0.24198851685030176,0.24248022107974512,0.3,0.7,0.00991516436903499,0.016400625104649208,0.0,0.0,-0.011563990845970856,-0.024002244716179066,-0.06260230752538681,0.013399911510018292,0.07316160419135531,0.011563990845970856,amber,2026-07-16
digest,2026-07-17,amber,ems,2,45,0.0444444444444444,0.25,8025.0,7804.5,-0.027476635514018688,0.006983150746364242,-0.06957524505093216,-0.04663975911333207,0.23202273084960234,0.2967404180530393,0.4,1.6,0.012546743316403411,0.03189770112804099,0.0,0.0,-0.005083027220712227,-0.02285661226373812,-0.06412010214031126,0.027476635514018688,0.06957524505093216,0.005083027220712227,amber,2026-07-17
digest,2026-07-18,amber,ems,0,9,0.0,0.0,7765.5,7859.0,0.01204043525851528,-0.03015650846163631,-0.07360987402977481,-0.0584043771472198,0.20765976409585518,0.2884490325076138,0.6,-0.6,0.016991187760847848,-0.016991187760847848,0.0,1.0,0.007911897859238053,-0.03207604105089068,-0.06966040049856638,0.01204043525851528,0.07360987402977481,0.007911897859238053,amber,2026-07-18
digest,2026-07-19,amber,ems,0,2,0.0,0.0,7765.5,7859.0,0.01204043525851528,-0.03015650846163631,-0.07360987402977481,-0.0584043771472198,0.20765976409585518,0.2884490325076138,0.6,-0.6,0.016991187760847848,-0.016991187760847848,0.0,1.0,0.007911897859238053,-0.03207604105089068,-0.06966040049856638,0.01204043525851528,0.07360987402977481,0.007911897859238053,amber,2026-07-19
digest,2026-07-20,amber,ems,0,12,0.0,0.0,7765.5,7859.0,0.01204043525851528,-0.03015650846163631,-0.07360987402977481,-0.0584043771472198,0.20765976409585518,0.2884490325076138,0.5,-0.5,0.015771675565725903,-0.015771675565725903,0.0,1.0,0.007911897859238053,-0.03207604105089068,-0.06966040049856638,0.01204043525851528,0.07360987402977481,0.007911897859238053,amber,2026-07-20
digest,2026-07-21,amber,ems,0,16,0.0,0.0,7840.0,7622.0,-0.02780612244897962,-0.018761479926528435,-0.05418525321437939,-0.029782209393859893,0.15937971489225708,0.33418892691029717,0.3,-0.3,0.007076023391812859,-0.007076023391812859,0.0,1.0,-0.018492840320981363,-0.015464266045542574,-0.06618870835755622,0.02780612244897962,0.05418525321437939,0.018492840320981363,amber,2026-07-21
digest,2026-07-22,amber,ems,0,27,0.0,0.0,7620.0,7479.0,-0.018503937007874005,-0.006551678031822439,-0.009025270758122761,0.00628426260195214,0.3007413755468003,0.3191411132327414,0.3,-0.3,0.007076023391812859,-0.007076023391812859,0.0,1.0,-0.0021825034577057645,-0.033958026766337523,-0.05720789533535235,0.018503937007874005,0.009025270758122761,0.0021825034577057645,amber,2026-07-22
digest,2026-07-23,amber,ems,0,30,0.0,0.0,7470.0,7430.0,-0.0053547523427041055,-0.02267833109017492,-0.003903095558546399,-0.0006729475100941684,0.2976829016492474,0.2936255255465965,0.3,-0.3,0.007076023391812859,-0.007076023391812859,0.0,1.0,-0.007428936369555494,-0.041025008356108505,-0.052746216590910056,0.0053547523427041055,0.003903095558546399,0.007428936369555494,amber,2026-07-23
digest,2026-07-24,amber,ems,1,11,0.0909090909090909,0.5,7377.0,7261.5,-0.015656771045140294,0.0026165392825174827,0.024650554293190075,0.023893135027198253,0.22446561614997967,0.2715640395732218,0.3,0.7,0.007076023391812859,0.08383306751727804,0.0,0.0,-0.004577538919966151,-0.04329388869041144,-0.07604653442481162,0.015656771045140294,0.024650554293190075,0.004577538919966151,amber,2026-07-24
digest,2026-07-25,amber,ems,0,21,0.0,0.0,7320.0,7280.5,-0.005396174863387948,-0.009820754069088666,0.016413707849735504,-0.025479019298125127,0.2367273293041767,0.2743085895181707,0.4,-0.4,0.016166932482721948,-0.016166932482721948,0.0,1.0,-0.0010819007404999264,-0.03889651826833521,-0.11023535823698523,0.005396174863387948,0.016413707849735504,0.0010819007404999264,amber,2026-07-25
digest,2026-07-26,amber,ems,0,12,0.0,0.0,7320.0,7280.5,-0.005396174863387948,-0.009820754069088666,0.016413707849735504,-0.025479019298125127,0.2367273293041767,0.2743085895181707,0.4,-0.4,0.016166932482721948,-0.016166932482721948,0.0,1.0,-0.0010819007404999264,-0.03889651826833521,-0.11023535823698523,0.005396174863387948,0.016413707849735504,0.0010819007404999264,amber,2026-07-26
digest,2026-07-27,amber,ems,0,40,0.0,0.0,7320.0,7280.5,-0.005396174863387948,-0.009820754069088666,0.016413707849735504,-0.025479019298125127,0.2367273293041767,0.2743085895181707,0.3,-0.3,0.013535353535353529,-0.013535353535353529,0.0,1.0,-0.0010819007404999264,-0.03889651826833521,-0.11023535823698523,0.005396174863387948,0.016413707849735504,0.0010819007404999264,amber,2026-07-27
digest,2026-07-28,amber,ems,0,13,0.0,0.0,7280.5,7209.0,-0.009820754069088666,0.028089887640449396,0.025801081980857177,-0.01810237203495635,0.21231898305553076,0.2706159516877453,0.1,-0.1,0.00909090909090909,-0.00909090909090909,0.0,1.0,-0.002327359807928364,-0.052061931452884444,-0.10493165071115508,0.009820754069088666,0.025801081980857177,0.002327359807928364,amber,2026-07-28
digest,2026-07-29,amber,ems,0,28,0.0,0.0,7256.0,7411.5,0.02143054024255786,-0.001416717263711842,0.015448964447142943,-0.05754570599743647,0.1433626507228952,0.3173715460123391,0.1,-0.1,0.00909090909090909,-0.00909090909090909,0.0,1.0,-0.01745073013271925,-0.022594748355624826,-0.09627724718691671,0.02143054024255786,0.015448964447142943,0.01745073013271925,amber,2026-07-29
digest,2026-07-30,amber,ems,0,29,0.0,0.0,7411.0,7401.0,-0.0013493455673998511,0.005337116605864001,0.0032428050263477726,-0.030536413998108358,0.18614705275416793,0.2825137766523527,0.1,-0.1,0.00909090909090909,-0.00909090909090909,0.0,1.0,-0.009001176376746117,-0.010689049583204083,-0.055928783154531383,0.0013493455673998511,0.0032428050263477726,0.009001176376746117,amber,2026-07-30
digest,2026-07-31,amber,ems,0,16,0.0,0.0,7400.0,7440.5,0.005472972972973,-0.005443182581815753,-0.0007391976345675344,-0.029366306027820754,0.18199742495092405,0.2685309743079585,0.1,-0.1,0.00909090909090909,-0.00909090909090909,0.0,1.0,-0.0008983503538886883,-0.03094378636401805,-0.0400018843854291,0.005472972972973,0.0007391976345675344,0.0008983503538886883,amber,2026-07-31
digest,2026-08-01,amber,ems,0,19,0.0,0.0,7567.0,7400.0,-0.02206951235628385,-0.0006756756756757243,-0.041216216216216184,-0.019054054054054026,0.3769185377239521,0.2606045347645658,0.1,-0.1,0.00909090909090909,-0.00909090909090909,0.0,1.0,-0.009990883155539717,-0.07042461971413518,-0.052058601393686045,0.02206951235628385,0.041216216216216184,0.009990883155539717,amber,2026-08-01
digest,2026-08-02,amber,ems,0,4,0.0,0.0,7567.0,7400.0,-0.02206951235628385,-0.0006756756756757243,-0.041216216216216184,-0.019054054054054026,0.3769185377239521,0.2606045347645658,0.1,-0.1,0.00909090909090909,-0.00909090909090909,0.0,1.0,-0.009990883155539717,-0.07042461971413518,-0.052058601393686045,0.02206951235628385,0.041216216216216184,0.009990883155539717,amber,2026-08-02
digest,2026-08-03,amber,ems,0,18,0.0,0.0,7567.0,7400.0,-0.02206951235628385,-0.0006756756756757243,-0.041216216216216184,-0.019054054054054026,0.3769185377239521,0.2606045347645658,0.1,-0.1,0.00909090909090909,-0.00909090909090909,0.0,1.0,-0.009990883155539717,-0.07042461971413518,-0.052058601393686045,0.02206951235628385,0.041216216216216184,0.009990883155539717,amber,2026-08-03
digest,2026-08-04,amber,ems,0,23,0.0,0.0,7425.5,7395.0,-0.004107467510605312,0.017714672075726856,-0.04279918864097365,-0.006085192697768749,0.37503383442046934,0.22301421918388176,0.0,0.0,0.0,0.0,0.0,1.0,-0.01797658109080367,-0.051257385472851635,-0.038366822531856894,0.004107467510605312,0.04279918864097365,0.01797658109080367,amber,2026-08-04
digest,2026-08-05,amber,ems,0,23,0.0,0.0,7452.0,7526.0,0.009930220075147655,-0.013420143502524629,-0.0718841349986713,-0.036672867393037434,0.2945696071701557,0.22566935227152962,0.0,0.0,0.0,0.0,0.0,1.0,0.010034054419867785,-0.07160829288326957,-0.07450089072214688,0.009930220075147655,0.0718841349986713,0.010034054419867785,amber,2026-08-05
digest,2026-08-06,amber,ems,0,41,0.0,0.0,7526.0,7425.0,-0.013420143502524629,0.0013468013468014295,-0.03367003367003363,-0.02020202020202022,0.4199049453835862,0.23433168916388358,0.0,0.0,0.0,0.0,0.0,1.0,-0.0013575668332677458,-0.04501656677975863,-0.06896518639399835,0.013420143502524629,0.03367003367003363,0.0013575668332677458,amber,2026-08-06
digest,2026-08-07,amber,ems,0,18,0.0,0.0,7424.0,7435.0,0.0014816810344826514,-0.04572965702757226,-0.02864828513786144,-0.01143241425689312,0.4276192217179768,0.19724233982565098,0.0,0.0,0.0,0.0,0.0,1.0,-0.022453499030572293,-0.009400949620207804,-0.03089564254105957,0.0014816810344826514,0.02864828513786144,0.022453499030572293,amber,2026-08-07
digest,2026-08-08,amber,ems,0,9,0.0,0.0,7425.0,7095.0,-0.0444444444444444,-0.0023255813953488857,0.02311486962649756,0.03988724453840731,0.23545587193207987,0.31194322063585234,0.0,0.0,0.0,0.0,0.0,1.0,-0.048921664872391434,0.019742238487231296,0.019079175229358425,0.0444444444444444,0.02311486962649756,0.048921664872391434,amber,2026-08-08
digest,2026-08-09,amber,ems,1,12,0.0833333333333333,0.2,7425.0,7095.0,-0.0444444444444444,-0.0023255813953488857,0.02311486962649756,0.03988724453840731,0.23545587193207987,0.31194322063585234,0.0,1.0,0.0,0.0833333333333333,0.0,0.0,-0.048921664872391434,0.019742238487231296,0.019079175229358425,0.0444444444444444,0.02311486962649756,0.048921664872391434,amber,2026-08-09
digest,2026-08-10,amber,ems,0,16,0.0,0.0,7425.0,7095.0,-0.0444444444444444,-0.0023255813953488857,0.02311486962649756,0.03988724453840731,0.23545587193207987,0.31194322063585234,0.1,-0.1,0.00833333333333333,-0.00833333333333333,0.0,1.0,-0.048921664872391434,0.019742238487231296,0.019079175229358425,0.0444444444444444,0.02311486962649756,0.048921664872391434,amber,2026-08-10
digest,2026-08-11,amber,ems,1,77,0.0129870129870129,0.1428571428571428,7100.0,7078.5,-0.0030281690140845363,-0.013209013209013243,0.03835558381012927,0.04993995903086823,0.23124712622945567,0.30920911860710576,0.1,0.9,0.00833333333333333,0.00465367965367957,0.0,0.0,0.0032633992115437644,0.016032475596768608,0.015393981077441464,0.0030281690140845363,0.03835558381012927,0.0032633992115437644,amber,2026-08-11
digest,2026-08-12,amber,ems,0,25,0.0,0.0,7078.0,6985.0,-0.01313930488838655,0.027201145311381625,0.03793843951324272,0.06886184681460272,0.23350499735971392,0.26420749156540274,0.2,-0.2,0.00963203463203462,-0.00963203463203462,0.0,1.0,-0.012072918648374379,0.0009433794295401685,0.022299914540801304,0.01313930488838655,0.03793843951324272,0.012072918648374379,amber,2026-08-12
digest,2026-08-13,amber,ems,2,45,0.0444444444444444,0.3333333333333333,7015.0,7175.0,0.022808267997148857,0.006550522648083534,0.013937282229965264,0.07331010452961673,0.1555002907998736,0.31215376206385004,0.2,1.8,0.00963203463203462,0.03481240981240978,0.0,0.0,0.023738342434524995,-0.021449468790494974,0.015672121168574214,0.022808267997148857,0.013937282229965264,0.023738342434524995,amber,2026-08-13
digest,2026-08-14,amber,ems,4,41,0.0975609756097561,0.3636363636363636,7170.5,7222.0,0.007182204867164144,0.00512323456106345,0.017723622265300554,0.06272500692328986,0.1632901306469615,0.31311048460981716,0.4,3.6,0.014076479076479059,0.08348449653327704,1.0,0.0,0.013325366446864089,-0.021983565790118155,0.011440602741311721,0.007182204867164144,0.017723622265300554,0.013325366446864089,amber,2026-08-14
digest,2026-08-15,amber,ems,3,5,0.6,1.0,7355.5,7259.0,-0.013119434436815958,0.012536162005786,0.016393442622950838,0.049731367957018824,0.16276446633671254,0.3150985993154886,0.8,2.2,0.02383257663745467,0.5761674233625453,1.0,0.0,-0.019845234783444427,-0.0007851357145234501,0.0171490173266853,0.013119434436815958,0.016393442622950838,0.019845234783444427,amber,2026-08-15
digest,2026-08-16,amber,ems,1,3,0.3333333333333333,1.0,7355.5,7259.0,-0.013119434436815958,0.012536162005786,0.016393442622950838,0.049731367957018824,0.16276446633671254,0.3150985993154886,1.1,-0.10000000000000009,0.08383257663745466,0.24950075669587865,0.0,0.0,-0.019845234783444427,-0.0007851357145234501,0.0171490173266853,0.013119434436815958,0.016393442622950838,0.019845234783444427,amber,2026-08-16
digest,2026-08-17,amber,ems,4,31,0.1290322580645161,0.5,7355.5,7259.0,-0.013119434436815958,0.012536162005786,0.016393442622950838,0.049731367957018824,0.16276446633671254,0.3150985993154886,1.2,2.8,0.11716590997078799,0.011866348093728107,1.0,0.0,-0.019845234783444427,-0.0007851357145234501,0.0171490173266853,0.013119434436815958,0.016393442622950838,0.019845234783444427,amber,2026-08-17
digest,2026-08-18,amber,ems,3,59,0.0508474576271186,0.2727272727272727,7265.0,7350.0,0.011699931176875511,-0.013605442176870763,0.011156462585034,0.021496598639455744,0.14762228443724604,0.3232260221298422,1.6,1.4,0.1300691357772396,-0.07922167815012102,0.0,0.0,0.0010831529046710364,-0.002033119826960786,0.020409312250046458,0.011699931176875511,0.011156462585034,0.0010831529046710364,amber,2026-08-18
digest,2026-07-07,ambuja,cement,3,52,0.0576923076923076,0.1428571428571428,444.0,435.8999938964844,-0.018243256989900036,-0.03395271392567023,-0.013994049527250585,0.011355843717232972,0.3460788375053938,0.2701354660845455,0.8,2.2,0.015150973244377159,0.04254133444793044,1.0,0.0,-0.014036600111037661,0.0006001851750637721,-0.01657855778685713,0.018243256989900036,0.013994049527250585,0.014036600111037661,ambuja,2026-07-07
digest,2026-07-08,ambuja,cement,3,82,0.0365853658536585,0.1875,431.04998779296875,421.1000061035156,-0.023083127180674068,0.01674183730891632,0.03360245474089596,0.023034864756256157,0.21280703674415344,0.2977870452169811,1.1666666666666667,1.8333333333333333,0.022241195652365566,0.014344170201292934,1.0,0.0,0.002928522132814637,-0.010164092080664933,-0.023642077997488298,0.023083127180674068,0.03360245474089596,0.002928522132814637,ambuja,2026-07-08
digest,2026-07-09,ambuja,cement,0,23,0.0,0.0,422.3500061035156,428.1499938964844,0.013732657059669195,0.01938577234349692,0.012729212389873235,-0.010743912575245318,0.20140716406866535,0.308293095055828,1.4285714285714286,-1.4285714285714286,0.024290362823978843,-0.024290362823978843,0.0,1.0,0.0011534348628934876,-0.015141255383628593,-0.03755544810673911,0.013732657059669195,0.012729212389873235,0.0011534348628934876,ambuja,2026-07-09
digest,2026-07-10,ambuja,cement,0,22,0.0,0.0,432.0,436.45001220703125,0.010300954182942634,-0.00985225842657822,0.004696958954365504,-0.02589075035971511,0.16357384257360066,0.3212615902573208,1.25,-1.25,0.021254067470981488,-0.021254067470981488,0.0,1.0,-0.002821792661306055,-0.0010152535110346528,-0.026874629196951577,0.010300954182942634,0.004696958954365504,0.002821792661306055,ambuja,2026-07-10
digest,2026-07-12,ambuja,cement,0,2,0.0,0.0,430.0,432.1499938964844,0.004999985805777651,-0.005437940846248268,0.013074150124453565,-0.0027767712747915896,0.13756269243727443,0.32785362074249996,1.1111111111111112,-1.1111111111111112,0.018892504418650213,-0.018892504418650213,0.0,1.0,0.007261621777678529,-0.014341176685853607,-0.022818098062126008,0.004999985805777651,0.013074150124453565,0.007261621777678529,ambuja,2026-07-12
digest,2026-07-13,ambuja,cement,0,33,0.0,0.0,430.0,432.1499938964844,0.004999985805777651,-0.005437940846248268,0.013074150124453565,-0.0027767712747915896,0.13756269243727443,0.32785362074249996,1.0,-1.0,0.01700325397678519,-0.01700325397678519,0.0,1.0,0.007261621777678529,-0.014341176685853607,-0.022818098062126008,0.004999985805777651,0.013074150124453565,0.007261621777678529,ambuja,2026-07-13
digest,2026-07-14,ambuja,cement,1,35,0.0285714285714285,0.1,429.75,429.79998779296875,0.00011631830824598843,0.012680345188042397,0.02570967571983651,-0.00884129339435713,0.11860398418842655,0.32771144715078115,1.0,0.0,0.01700325397678519,0.01156817459464331,0.0,0.0,-0.0015136579522684879,-0.017447861059632697,-0.029319112586076224,0.00011631830824598843,0.02570967571983651,0.0015136579522684879,ambuja,2026-07-14
digest,2026-07-15,ambuja,cement,0,17,0.0,0.0,430.0,435.25,0.012209302325581373,-0.003790910732876185,-0.010224037236143069,0.00011484846173170915,0.20897618935989543,0.3272622345022442,1.0,-1.0,0.01836785952049521,-0.01836785952049521,0.0,1.0,-0.011058563940962884,-0.012890799405791215,-0.002689124799084286,0.012209302325581373,0.010224037236143069,0.011058563940962884,ambuja,2026-07-15
digest,2026-07-16,ambuja,cement,1,38,0.0263157894736842,0.125,438.0,433.6000061035156,-0.010045648165489474,0.011300723771933141,-0.023178086183300417,0.0013837778945333667,0.23496451067696356,0.3087942117662971,1.0,0.0,0.01836785952049521,0.007947929953188989,0.0,0.0,-0.0038105885122633187,-0.022005661128253085,0.009400892134638017,0.010045648165489474,0.023178086183300417,0.0038105885122633187,ambuja,2026-07-16
digest,2026-07-17,ambuja,cement,0,45,0.0,0.0,433.54998779296875,438.5,0.011417396716419725,-0.0015963790354190932,-0.030444711752601217,-0.014367132937214921,0.20735682821227125,0.25945653968280397,1.0,-1.0,0.018142295610720775,-0.018142295610720775,0.0,1.0,0.01416823620817187,-0.0257915614040293,-0.006967850919929269,0.011417396716419725,0.030444711752601217,0.01416823620817187,ambuja,2026-07-17
digest,2026-07-18,ambuja,cement,0,9,0.0,0.0,436.79998779296875,437.79998779296875,0.0022893773533574358,0.006966693457262529,-0.01564635855854979,0.014161745956839056,0.2516733425951477,0.2587606979499493,0.8,-0.8,0.014916489159107881,-0.014916489159107881,0.0,1.0,-0.006810193356603822,-0.00848399848214415,0.0064861492320724135,0.0022893773533574358,0.01564635855854979,0.006810193356603822,ambuja,2026-07-18
digest,2026-07-19,ambuja,cement,0,2,0.0,0.0,436.79998779296875,437.79998779296875,0.0022893773533574358,0.006966693457262529,-0.01564635855854979,0.014161745956839056,0.2516733425951477,0.2587606979499493,0.5,-0.5,0.00914725838987712,-0.00914725838987712,0.0,1.0,-0.006810193356603822,-0.00848399848214415,0.0064861492320724135,0.0022893773533574358,0.01564635855854979,0.006810193356603822,ambuja,2026-07-19
digest,2026-07-20,ambuja,cement,0,12,0.0,0.0,436.79998779296875,437.79998779296875,0.0022893773533574358,0.006966693457262529,-0.01564635855854979,0.014161745956839056,0.2516733425951477,0.2587606979499493,0.2,-0.2,0.00548872180451127,-0.00548872180451127,0.0,1.0,-0.006810193356603822,-0.00848399848214415,0.0064861492320724135,0.0022893773533574358,0.01564635855854979,0.006810193356603822,ambuja,2026-07-20
digest,2026-07-21,ambuja,cement,0,16,0.0,0.0,439.29998779296875,440.8500061035156,0.0035283823210059406,-0.022796910902587175,-0.03368494022438262,-0.010888098546197544,0.23919995927361187,0.2523323254224395,0.2,-0.2,0.00548872180451127,-0.00548872180451127,0.0,1.0,-0.003093125427268917,-0.011908325923087604,0.0008979151892126447,0.0035283823210059406,0.03368494022438262,0.003093125427268917,ambuja,2026-07-21
digest,2026-07-22,ambuja,cement,2,27,0.074074074074074,0.3333333333333333,440.0,430.79998779296875,-0.020909118652343794,-0.016829155537219198,0.010445682747239449,0.03296196056035039,0.25941727088644906,0.21170546146800404,0.2,1.8,0.00548872180451127,0.06858535226956274,0.0,0.0,-0.005799442135623889,0.01016982302767,0.02029432817805485,0.020909118652343794,0.010445682747239449,0.005799442135623889,ambuja,2026-07-22
digest,2026-07-23,ambuja,cement,1,30,0.0333333333333333,0.25,428.6499938964844,423.54998779296875,-0.011897833141570557,0.0037776086639806916,0.02514466939205362,0.030574932310849734,0.20817790217003776,0.21490131057449496,0.4,0.6,0.01289612921191867,0.02043720412141463,0.0,0.0,-0.01206116698158094,0.03174238745864574,0.02917087639653812,0.011897833141570557,0.02514466939205362,0.01206116698158094,ambuja,2026-07-23
digest,2026-07-24,ambuja,cement,0,11,0.0,0.0,420.0,425.1499938964844,0.012261890229724681,0.013642287178202483,0.016582425994961625,0.0208161971788019,0.2195951498562033,0.1857577872810915,0.5,-0.5,0.016229462545252,-0.016229462545252,0.0,1.0,0.011545367030132675,0.019170630348525203,0.01467934781308336,0.012261890229724681,0.016582425994961625,0.011545367030132675,ambuja,2026-07-24
digest,2026-07-25,ambuja,cement,0,21,0.0,0.0,429.0,430.95001220703125,0.0045454830000728474,-0.011486279305761404,0.030281906075685372,-0.00023205963727312984,0.2744175524912018,0.19702522969327088,0.4,-0.4,0.013372319688109152,-0.013372319688109152,0.0,1.0,-0.009013178642911984,0.015290698238203893,0.0010639115170948954,0.0045454830000728474,0.030281906075685372,0.009013178642911984,ambuja,2026-07-25
digest,2026-07-26,ambuja,cement,0,12,0.0,0.0,429.0,430.95001220703125,0.0045454830000728474,-0.011486279305761404,0.030281906075685372,-0.00023205963727312984,0.2744175524912018,0.19702522969327088,0.4,-0.4,0.013372319688109152,-0.013372319688109152,0.0,1.0,-0.009013178642911984,0.015290698238203893,0.0010639115170948954,0.0045454830000728474,0.030281906075685372,0.009013178642911984,ambuja,2026-07-26
digest,2026-07-27,ambuja,cement,0,40,0.0,0.0,429.0,430.95001220703125,0.0045454830000728474,-0.011486279305761404,0.030281906075685372,-0.00023205963727312984,0.2744175524912018,0.19702522969327088,0.3,-0.3,0.01074074074074073,-0.01074074074074073,0.0,1.0,-0.009013178642911984,0.015290698238203893,0.0010639115170948954,0.0045454830000728474,0.030281906075685372,0.009013178642911984,ambuja,2026-07-27
digest,2026-07-28,ambuja,cement,1,13,0.0769230769230769,0.1666666666666666,432.45001220703125,426.0,-0.014915046883946848,0.021830957260490003,0.023591520640771746,-0.0046948356807511304,0.3026681153496022,0.20374521258682757,0.3,0.7,0.010740740740740731,0.06618233618233617,0.0,0.0,-0.013087326273322597,0.013314660669711431,0.009488771924006129,0.014915046883946848,0.023591520640771746,0.013087326273322597,ambuja,2026-07-28
digest,2026-07-29,ambuja,cement,5,28,0.1785714285714285,0.8333333333333334,424.29998779296875,435.29998779296875,0.025925053774376483,-0.002526936863735174,0.02228351132333284,-0.03285088029859973,0.2981526484273164,0.2248038140671543,0.4,4.6,0.01843304843304842,0.16013838013838008,1.0,0.0,0.019049066738365955,0.009942232746429136,-0.013235759598043823,0.025925053774376483,0.02228351132333284,0.019049066738365955,ambuja,2026-07-29
digest,2026-07-30,ambuja,cement,2,29,0.0689655172413793,0.6666666666666666,434.5,434.20001220703125,-0.0006904206972813132,-0.004606172141345732,0.005297069848704039,-0.03408571601672383,0.3428343279421727,0.22427990248809426,0.9,1.1,0.03629019129019127,0.03267532595118802,0.0,0.0,0.006118685369646826,-0.0027973088048823536,-0.016783592118510743,0.0006904206972813132,0.005297069848704039,0.006118685369646826,ambuja,2026-07-30
digest,2026-07-31,ambuja,cement,0,16,0.0,0.0,435.20001220703125,432.20001220703125,-0.006893382159587014,0.027302145903957964,0.004164710185400322,-0.03401205875021973,0.3441294036028706,0.21636685775043676,1.1,-1.1,0.0431867430143292,-0.0431867430143292,0.0,1.0,0.00022207857634826134,-0.004535190152122476,-0.013330337514864565,0.006893382159587014,0.004164710185400322,0.00022207857634826134,ambuja,2026-07-31
digest,2026-08-01,ambuja,cement,1,19,0.0526315789473684,0.1666666666666666,434.20001220703125,444.0,0.02257021537875037,-0.017905432898719043,-0.029617103370460307,-0.06475225225225223,0.2533171870710218,0.25977135102272547,1.1,-0.10000000000000009,0.0431867430143292,0.0094448359330392,0.0,0.0,0.00017737763516906258,-0.013601869746339562,-0.017922778742108486,0.02257021537875037,0.029617103370460307,0.00017737763516906258,ambuja,2026-08-01
digest,2026-08-02,ambuja,cement,0,4,0.0,0.0,434.20001220703125,444.0,0.02257021537875037,-0.017905432898719043,-0.029617103370460307,-0.06475225225225223,0.2533171870710218,0.25977135102272547,1.0,-1.0,0.04104249350165864,-0.04104249350165864,0.0,1.0,0.00017737763516906258,-0.013601869746339562,-0.017922778742108486,0.02257021537875037,0.029617103370460307,0.00017737763516906258,ambuja,2026-08-02
digest,2026-08-03,ambuja,cement,0,18,0.0,0.0,434.20001220703125,444.0,0.02257021537875037,-0.017905432898719043,-0.029617103370460307,-0.06475225225225223,0.2533171870710218,0.25977135102272547,0.9,-0.9,0.037709160168325304,-0.037709160168325304,0.0,1.0,0.00017737763516906258,-0.013601869746339562,-0.017922778742108486,0.02257021537875037,0.029617103370460307,0.00017737763516906258,ambuja,2026-08-03
digest,2026-08-04,ambuja,cement,0,23,0.0,0.0,444.45001220703125,436.04998779296875,-0.018899818164814564,0.02052519770114203,-0.027634418370147795,-0.054236886959192154,0.24766000685913792,0.2747624769134979,0.9,-0.9,0.037709160168325304,-0.037709160168325304,0.0,1.0,-0.013643820009231533,-0.0033827276285624264,-0.010414419033815597,0.018899818164814564,0.027634418370147795,0.013643820009231533,ambuja,2026-08-04
digest,2026-08-05,ambuja,cement,1,23,0.0434782608695652,0.125,441.0,445.0,0.009070294784580435,-0.019101123595505642,-0.053932584269662964,-0.0842696629213483,0.09617860830124583,0.2642200170751494,0.9,0.09999999999999998,0.037709160168325304,0.005769100701239899,0.0,0.0,0.005017660951357944,-0.022405607616196782,-0.029252824321204407,0.009070294784580435,0.053932584269662964,0.005017660951357944,ambuja,2026-08-05
digest,2026-08-06,ambuja,cement,1,41,0.024390243902439,0.125,447.5,436.5,-0.024581005586592153,-0.00572737686139746,-0.03917527171481239,-0.05841924398625431,0.07385732338211916,0.2692815380597818,1.0,0.0,0.04205698625528183,-0.017666742352842827,0.0,0.0,-0.00815097078860541,-0.013875882912071452,-0.02515460631330757,0.024581005586592153,0.03917527171481239,0.00815097078860541,ambuja,2026-08-06
digest,2026-08-07,ambuja,cement,1,18,0.0555555555555555,0.1428571428571428,438.0,434.0,-0.0091324200913242,-0.007258050452728981,-0.03801843317972353,-0.04493087557603692,0.07656820656281262,0.27286009212224616,1.1,-0.10000000000000009,0.044496010645525726,0.011059544910029771,0.0,0.0,-0.0045601986954989515,-0.008795819422158263,-0.013216796285887011,0.0091324200913242,0.03801843317972353,0.0045601986954989515,ambuja,2026-08-07
digest,2026-08-08,ambuja,cement,0,9,0.0,0.0,434.6499938964844,430.8500061035156,-0.008742638551316184,-0.015898818629399902,-0.03620751046192994,-0.05129396725180946,0.0783948455328108,0.2684439535980574,1.1,-1.1,0.04235925850877359,-0.04235925850877359,0.0,1.0,-0.007415622500629465,-0.004615687772660831,-0.00854123259124992,0.008742638551316184,0.03620751046192994,0.007415622500629465,ambuja,2026-08-08
digest,2026-08-09,ambuja,cement,0,12,0.0,0.0,434.6499938964844,430.8500061035156,-0.008742638551316184,-0.015898818629399902,-0.03620751046192994,-0.05129396725180946,0.0783948455328108,0.2684439535980574,0.6,-0.6,0.02450211565163074,-0.02450211565163074,0.0,1.0,-0.007415622500629465,-0.004615687772660831,-0.00854123259124992,0.008742638551316184,0.03620751046192994,0.007415622500629465,ambuja,2026-08-09
digest,2026-08-10,ambuja,cement,0,16,0.0,0.0,434.6499938964844,430.8500061035156,-0.008742638551316184,-0.015898818629399902,-0.03620751046192994,-0.05129396725180946,0.0783948455328108,0.2684439535980574,0.4,-0.4,0.017605563927492813,-0.017605563927492813,0.0,1.0,-0.007415622500629465,-0.004615687772660831,-0.00854123259124992,0.008742638551316184,0.03620751046192994,0.007415622500629465,ambuja,2026-08-10
digest,2026-08-11,ambuja,cement,3,77,0.0389610389610389,0.1363636363636363,434.0,424.0,-0.02304147465437789,-0.007075471698113178,-0.0273585049611218,-0.02570753277472726,0.02269663402098182,0.2746214988973209,0.4,2.6,0.017605563927492813,0.021355475033546085,1.0,0.0,-0.003851624861624492,-0.007066612600019978,-0.0021213254943186766,0.02304147465437789,0.0273585049611218,0.003851624861624492,ambuja,2026-08-11
digest,2026-08-12,ambuja,cement,1,25,0.04,0.1666666666666666,426.70001220703125,421.0,-0.013358359606199577,-0.003800489557044262,-0.03206650831353919,-0.004275505446481587,0.05112910629015617,0.24614981703971395,0.6,0.4,0.01623850992885986,0.023761490071140142,0.0,0.0,-0.013931901192669821,-0.007314094753317402,-0.0003399241677495002,0.013358359606199577,0.03206650831353919,0.013931901192669821,ambuja,2026-08-12
digest,2026-08-13,ambuja,cement,1,45,0.0222222222222222,0.1,423.20001220703125,419.3999938964844,-0.008979249057034289,-0.004530266867274535,-0.02002859804179602,-0.019909409215624785,0.12063870243576082,0.24613139359577338,0.7,0.30000000000000004,0.02023850992885986,0.00198371229336234,0.0,0.0,-0.000326468743839764,-0.01136866858545163,-0.013260028986516598,0.008979249057034289,0.02002859804179602,0.000326468743839764,ambuja,2026-08-13
digest,2026-08-14,ambuja,cement,0,41,0.0,0.0,419.6000061035156,417.5,-0.005004780917466367,-0.005389221556886259,-0.007185628742514938,-0.01305392145396711,0.14928150024617995,0.2461208806273364,0.8,-0.8,0.02246073215108208,-0.02246073215108208,0.0,1.0,0.0018940211577656019,-0.004299772376103933,-0.001577107027320307,0.005004780917466367,0.007185628742514938,0.0018940211577656019,ambuja,2026-08-14
digest,2026-08-15,ambuja,cement,0,5,0.0,0.0,417.0,415.25,-0.004196642685851293,-0.006863350038568639,-0.015653220951234226,-0.03395546322339704,0.1736931578959942,0.17719347745108519,0.8,-0.8,0.02246073215108208,-0.02246073215108208,0.0,1.0,-0.00043483300343674647,-0.003924280722825829,-0.008573661679687289,0.004196642685851293,0.015653220951234226,0.00043483300343674647,ambuja,2026-08-15
digest,2026-08-16,ambuja,cement,0,3,0.0,0.0,417.0,415.25,-0.004196642685851293,-0.006863350038568639,-0.015653220951234226,-0.03395546322339704,0.1736931578959942,0.17719347745108519,0.7,-0.7,0.01811290606412556,-0.01811290606412556,0.0,1.0,-0.00043483300343674647,-0.003924280722825829,-0.008573661679687289,0.004196642685851293,0.015653220951234226,0.00043483300343674647,ambuja,2026-08-16
digest,2026-08-17,ambuja,cement,0,31,0.0,0.0,417.0,415.25,-0.004196642685851293,-0.006863350038568639,-0.015653220951234226,-0.03395546322339704,0.1736931578959942,0.17719347745108519,0.6,-0.6,0.015673881673881656,-0.015673881673881656,0.0,1.0,-0.00043483300343674647,-0.003924280722825829,-0.008573661679687289,0.004196642685851293,0.015653220951234226,0.00043483300343674647,ambuja,2026-08-17
digest,2026-08-18,ambuja,cement,1,59,0.0169491525423728,0.0833333333333333,414.0,412.3999938964844,-0.0038647490423082687,-0.011881653659079117,0.0016974108084175654,-0.02473322463727634,0.19318064971411986,0.16579889390794275,0.5,0.5,0.01011832611832611,0.006830826424046692,0.0,0.0,0.0005604042097653028,0.005046072630023907,0.00024036701070340172,0.0038647490423082687,0.0016974108084175654,0.0005604042097653028,ambuja,2026-08-18
digest,2026-07-07,apl_apollo,steel,2,52,0.0384615384615384,0.1176470588235294,1821.800048828125,1819.800048828125,-0.0010978153180347672,-0.005605051636720204,-0.011429853978473847,-0.0001099424314865427,0.2797597628382726,0.12479100042673255,0.8,1.2,0.02858294930875574,0.009878589152782662,0.0,0.0,0.005577401670513016,-0.026589918245980657,-0.02446212379394714,0.0010978153180347672,0.011429853978473847,0.005577401670513016,apl_apollo,2026-07-07
digest,2026-07-08,apl_apollo,steel,0,82,0.0,0.0,1819.800048828125,1809.5999755859375,-0.005605051636720204,-0.013096790169993877,0.004199809730587978,0.00734971762133152,0.28969882718825674,0.12068410408301468,1.0,-1.0,0.030229380834219517,-0.030229380834219517,0.0,1.0,0.0019872423217295477,-0.02231148525644295,-0.02565896935963536,0.005605051636720204,0.004199809730587978,0.0019872423217295477,apl_apollo,2026-07-08
digest,2026-07-09,apl_apollo,steel,0,23,0.0,0.0,1809.9000244140625,1785.9000244140625,-0.013260400948262197,0.027997087920083708,0.0036956019349978497,0.025197379128075292,0.29123205664929497,0.1027807767932078,0.8571428571428571,-0.8571428571428571,0.025910897857902442,-0.025910897857902442,0.0,1.0,-0.018826940116762128,-0.011718580623628945,0.005521743008808127,0.013260400948262197,0.0036956019349978497,0.018826940116762128,apl_apollo,2026-07-09
digest,2026-07-10,apl_apollo,steel,0,22,0.0,0.0,1804.0,1835.9000244140625,0.01768294036256246,-0.003921822074426706,-0.022060024762473596,-0.007135451501569912,0.17242053191774087,0.17593351223754947,0.75,-0.75,0.022672035625664638,-0.022672035625664638,0.0,1.0,0.009040673081899042,-0.017420958263378496,0.0011719862940060086,0.01768294036256246,0.022060024762473596,0.009040673081899042,apl_apollo,2026-07-10
digest,2026-07-12,apl_apollo,steel,0,2,0.0,0.0,1828.9000244140625,1828.699951171875,-0.00010939539587551117,-0.016241019284132685,-0.007874393136239832,0.011592975232816105,0.20280208248545448,0.17648296329746924,0.6666666666666666,-0.6666666666666666,0.020152920556146346,-0.020152920556146346,0.0,1.0,-0.005476778308514991,-0.014489711937285068,0.004928243548316336,0.00010939539587551117,0.007874393136239832,0.005476778308514991,apl_apollo,2026-07-12
digest,2026-07-13,apl_apollo,steel,1,33,0.0303030303030303,0.0833333333333333,1828.9000244140625,1828.699951171875,-0.00010939539587551117,-0.016241019284132685,-0.007874393136239832,0.011592975232816105,0.20280208248545448,0.17648296329746924,0.6,0.4,0.01813762850053171,0.012165401802498591,0.0,0.0,-0.005476778308514991,-0.014489711937285068,0.004928243548316336,0.00010939539587551117,0.007874393136239832,0.005476778308514991,apl_apollo,2026-07-13
digest,2026-07-14,apl_apollo,steel,2,35,0.0571428571428571,0.25,1823.9000244140625,1799.0,-0.013652077460803658,0.010116704375694896,0.011450792432427637,0.0265147032639661,0.15517243930604144,0.1998276861565257,0.6,1.4,0.017596502959406173,0.03954635418345093,0.0,0.0,-0.020836454880893487,0.002655756723052358,0.026388288901932597,0.013652077460803658,0.011450792432427637,0.020836454880893487,apl_apollo,2026-07-14
digest,2026-07-15,apl_apollo,steel,0,17,0.0,0.0,1804.0,1817.199951171875,0.007317046104143632,-0.013592313358772978,0.0031367342039116952,0.028945685158273005,0.1392633587116683,0.2045318053606987,0.8,-0.8,0.02331078867369188,-0.02331078867369188,0.0,1.0,0.013665704219459167,-0.003317510232008071,0.004798411968567975,0.007317046104143632,0.0031367342039116952,0.013665704219459167,apl_apollo,2026-07-15
digest,2026-07-16,apl_apollo,steel,0,38,0.0,0.0,1817.0999755859375,1792.5,-0.013538041888974783,0.0016178657819037046,0.021422607762378032,0.05612271999215479,0.05835293455563617,0.21875651905862994,0.7,-0.7,0.01706078867369188,-0.01706078867369188,0.0,1.0,-0.009924379780272576,0.01717969093824672,0.029765633022791876,0.013538041888974783,0.021422607762378032,0.009924379780272576,apl_apollo,2026-07-16
digest,2026-07-17,apl_apollo,steel,1,45,0.0222222222222222,0.0666666666666666,1800.0,1795.4000244140625,-0.002555541992187549,0.010526915538073833,0.015261236516360466,0.013423178822670856,0.08515551176799104,0.2188287664380823,0.6,0.4,0.014203645816549032,0.008018576405673166,0.0,0.0,-0.00019337947236016837,0.018851529528629975,-0.01193266993530238,0.002555541992187549,0.015261236516360466,0.00019337947236016837,apl_apollo,2026-07-17
digest,2026-07-18,apl_apollo,steel,0,9,0.0,0.0,1795.4000244140625,1814.300048828125,0.010526915538073833,0.002921196392644987,0.019621878756455935,0.07010965537593128,0.11087140924440454,0.22037118029711267,0.6,-0.6,0.014812964812964801,-0.014812964812964801,0.0,1.0,0.0049562700373251755,0.019435762935882117,0.0444280887401671,0.010526915538073833,0.019621878756455935,0.0049562700373251755,apl_apollo,2026-07-18
digest,2026-07-19,apl_apollo,steel,0,2,0.0,0.0,1795.4000244140625,1814.300048828125,0.010526915538073833,0.002921196392644987,0.019621878756455935,0.07010965537593128,0.11087140924440454,0.22037118029711267,0.4,-0.4,0.01096681096681096,-0.01096681096681096,0.0,1.0,0.0049562700373251755,0.019435762935882117,0.0444280887401671,0.010526915538073833,0.019621878756455935,0.0049562700373251755,apl_apollo,2026-07-19
digest,2026-07-20,apl_apollo,steel,1,12,0.0833333333333333,0.1428571428571428,1795.4000244140625,1814.300048828125,0.010526915538073833,0.002921196392644987,0.019621878756455935,0.07010965537593128,0.11087140924440454,0.22037118029711267,0.4,0.6,0.010966810966810962,0.07236652236652234,0.0,0.0,0.0049562700373251755,0.019435762935882117,0.0444280887401671,0.010526915538073833,0.019621878756455935,0.0049562700373251755,apl_apollo,2026-07-20
digest,2026-07-21,apl_apollo,steel,1,16,0.0625,0.125,1823.0,1819.5999755859375,-0.0018650709896118611,0.0018136122622569584,0.014893369943693724,0.055176976127256916,0.11817003815558606,0.21656046601622847,0.5,0.5,0.01930014430014429,0.04319985569985571,0.0,0.0,-0.003394653449402929,0.023361157805608847,0.02810897676510003,0.0018650709896118611,0.014893369943693724,0.003394653449402929,apl_apollo,2026-07-21
digest,2026-07-22,apl_apollo,steel,0,27,0.0,0.0,1823.0,1822.9000244140625,-5.484124297172599e-05,0.0043886114942433,0.025728248277981036,0.06890118706664095,0.1347342112897668,0.21430524527966321,0.6,-0.6,0.025550144300144288,-0.025550144300144288,0.0,1.0,0.009059776601171203,0.007935299623481717,0.02461702562966782,5.484124297172599e-05,0.025728248277981036,0.009059776601171203,apl_apollo,2026-07-22
digest,2026-07-23,apl_apollo,steel,0,30,0.0,0.0,1815.0,1830.9000244140625,0.008760344029786538,-0.004424040350608283,0.03397233619666418,0.06231906388359598,0.14384566683617764,0.20002506054388025,0.6,-0.6,0.025550144300144288,-0.025550144300144288,0.0,1.0,0.009188190690775604,0.011982878826682159,0.024309021189842794,0.008760344029786538,0.03397233619666418,0.009188190690775604,apl_apollo,2026-07-23
digest,2026-07-24,apl_apollo,steel,0,11,0.0,0.0,1820.0,1822.800048828125,0.001538488367101687,0.01486722342549851,-0.0018104283189187553,0.08075485364755708,0.359125512909739,0.14254898635899066,0.5,-0.5,0.022519841269841263,-0.022519841269841263,0.0,1.0,0.0032119807910982855,-0.030941714827478015,0.034764993197046956,0.001538488367101687,0.0018104283189187553,0.0032119807910982855,apl_apollo,2026-07-24
digest,2026-07-25,apl_apollo,steel,0,21,0.0,0.0,1825.0,1849.9000244140625,0.013643848994006946,-0.0017298628033701746,0.04951617621333404,0.09195090185471777,0.6041425259742444,0.16063910629147354,0.3,-0.3,0.016805555555555553,-0.016805555555555553,0.0,1.0,0.008669831867480413,0.024222220683020507,0.0536876133909709,0.013643848994006946,0.04951617621333404,0.008669831867480413,apl_apollo,2026-07-25
digest,2026-07-26,apl_apollo,steel,0,12,0.0,0.0,1825.0,1849.9000244140625,0.013643848994006946,-0.0017298628033701746,0.04951617621333404,0.09195090185471777,0.6041425259742444,0.16063910629147354,0.3,-0.3,0.016805555555555553,-0.016805555555555553,0.0,1.0,0.008669831867480413,0.024222220683020507,0.0536876133909709,0.013643848994006946,0.04951617621333404,0.008669831867480413,apl_apollo,2026-07-26
digest,2026-07-27,apl_apollo,steel,0,40,0.0,0.0,1825.0,1849.9000244140625,0.013643848994006946,-0.0017298628033701746,0.04951617621333404,0.09195090185471777,0.6041425259742444,0.16063910629147354,0.3,-0.3,0.016805555555555553,-0.016805555555555553,0.0,1.0,0.008669831867480413,0.024222220683020507,0.0536876133909709,0.013643848994006946,0.04951617621333404,0.008669831867480413,apl_apollo,2026-07-27
digest,2026-07-28,apl_apollo,steel,1,13,0.0769230769230769,0.5,1852.4000244140625,1846.699951171875,-0.0030771286801243303,0.012508852692388439,0.03969245181471437,0.08989007656314718,0.6192993482265593,0.1301491479798006,0.2,0.8,0.014583333333333332,0.06233974358974357,0.0,0.0,-9.543685418706652e-05,0.00413091267051862,0.06252355234580387,0.0030771286801243303,0.03969245181471437,9.543685418706652e-05,apl_apollo,2026-07-28
digest,2026-07-29,apl_apollo,steel,0,28,0.0,0.0,1860.0,1869.800048828125,0.005268843455981109,0.012461186303003524,0.04209003589512106,0.06808210687425964,0.6204926864498761,0.1344736677841687,0.3,-0.3,0.02227564102564102,-0.02227564102564102,0.0,1.0,-0.008697306332192536,0.01611852427747113,0.05906665704580554,0.005268843455981109,0.04209003589512106,0.008697306332192536,apl_apollo,2026-07-29
digest,2026-07-30,apl_apollo,steel,0,29,0.0,0.0,1875.0,1893.0999755859375,0.009653320312499991,-0.03887801834826887,0.027415363733232834,0.09043372006235373,0.6235578680854873,0.10555187990453113,0.3,-0.3,0.02227564102564102,-0.02227564102564102,0.0,1.0,0.011381271135326023,0.012024140916445119,0.08467509523641881,0.009653320312499991,0.027415363733232834,0.011381271135326023,apl_apollo,2026-07-30
digest,2026-07-31,apl_apollo,steel,0,16,0.0,0.0,1908.0,1819.5,-0.046383647798742156,0.06705138774388564,0.0827150316020886,0.1449849127936933,0.48061231941232996,0.24750737196035735,0.2,-0.2,0.013942307692307688,-0.013942307692307688,0.0,1.0,-0.04010070814988568,0.06614229754090853,0.13373953024312757,0.046383647798742156,0.0827150316020886,0.04010070814988568,apl_apollo,2026-07-31
digest,2026-08-01,apl_apollo,steel,0,19,0.0,0.0,1820.300048828125,1941.5,0.06658240285710115,-0.011073911923770274,0.04043265516353345,0.07200620593774154,0.228980388408359,0.4129408329031697,0.1,-0.1,0.00769230769230769,-0.00769230769230769,0.0,1.0,0.06573357462226954,0.027990912178084262,0.06111641573107472,0.06658240285710115,0.04043265516353345,0.06573357462226954,apl_apollo,2026-08-01
digest,2026-08-02,apl_apollo,steel,1,4,0.25,1.0,1820.300048828125,1941.5,0.06658240285710115,-0.011073911923770274,0.04043265516353345,0.07200620593774154,0.228980388408359,0.4129408329031697,0.1,0.9,0.00769230769230769,0.2423076923076923,0.0,0.0,0.06573357462226954,0.027990912178084262,0.06111641573107472,0.06658240285710115,0.04043265516353345,0.06573357462226954,apl_apollo,2026-08-02
digest,2026-08-03,apl_apollo,steel,0,18,0.0,0.0,1820.300048828125,1941.5,0.06658240285710115,-0.011073911923770274,0.04043265516353345,0.07200620593774154,0.228980388408359,0.4129408329031697,0.2,-0.2,0.03269230769230769,-0.03269230769230769,0.0,1.0,0.06573357462226954,0.027990912178084262,0.06111641573107472,0.06658240285710115,0.04043265516353345,0.06573357462226954,apl_apollo,2026-08-03
digest,2026-08-04,apl_apollo,steel,2,23,0.0869565217391304,0.25,1956.9000244140625,1920.0,-0.018856366678778658,0.014843750000000044,0.048281224568685,0.1015625,0.19305191713236958,0.42276395545393786,0.2,1.8,0.03269230769230769,0.05426421404682272,0.0,0.0,-0.024521106825369374,0.05631825655055329,0.10503016363196334,0.018856366678778658,0.048281224568685,0.024521106825369374,apl_apollo,2026-08-04
digest,2026-08-05,apl_apollo,steel,1,23,0.0434782608695652,0.5,1945.0,1948.5,0.0017994858611825038,-0.0017962535283551073,0.024942250749775408,0.08894023547761098,0.2188178015555324,0.424468106411828,0.4,0.6,0.04138795986622073,0.0020903010033444733,0.0,0.0,-0.0019788623069056615,0.041579917163583974,0.09911194057604351,0.0017994858611825038,0.024942250749775408,0.0019788623069056615,apl_apollo,2026-08-05
digest,2026-08-06,apl_apollo,steel,0,41,0.0,0.0,1968.0,1945.0,-0.011686991869918728,0.01285347043701801,0.06133678602988435,0.10025706940874035,0.284224208243086,0.4266639476701464,0.5,-0.5,0.045735785953177246,-0.045735785953177246,0.0,1.0,0.0023980549180048685,0.07079503927015474,0.09575254938761138,0.011686991869918728,0.06133678602988435,0.0023980549180048685,apl_apollo,2026-08-06
digest,2026-08-07,apl_apollo,steel,0,18,0.0,0.0,1945.9000244140625,1970.0,0.01238500194438008,0.025380710659898442,0.05751271514118028,0.08578680203045685,0.28479791544917427,0.4232119510822857,0.5,-0.5,0.045735785953177246,-0.045735785953177246,0.0,1.0,0.012406427832396491,0.06324721752796222,0.08654373838054388,0.01238500194438008,0.05751271514118028,0.012406427832396491,apl_apollo,2026-08-07
digest,2026-08-08,apl_apollo,steel,0,9,0.0,0.0,1974.9000244140625,2020.0,0.022836586676998172,-0.0036138855584777474,0.030346558825804504,0.061881188118811936,0.26380121750675756,0.4311283891485933,0.4,-0.4,0.038043478260869554,-0.038043478260869554,0.0,1.0,0.01907297598250024,0.03214185929057726,0.050460686860756714,0.022836586676998172,0.030346558825804504,0.01907297598250024,apl_apollo,2026-08-08
digest,2026-08-09,apl_apollo,steel,0,12,0.0,0.0,1974.9000244140625,2020.0,0.022836586676998172,-0.0036138855584777474,0.030346558825804504,0.061881188118811936,0.26380121750675756,0.4311283891485933,0.4,-0.4,0.038043478260869554,-0.038043478260869554,0.0,1.0,0.01907297598250024,0.03214185929057726,0.050460686860756714,0.022836586676998172,0.030346558825804504,0.01907297598250024,apl_apollo,2026-08-09
digest,2026-08-10,apl_apollo,steel,0,16,0.0,0.0,1974.9000244140625,2020.0,0.022836586676998172,-0.0036138855584777474,0.030346558825804504,0.061881188118811936,0.26380121750675756,0.4311283891485933,0.4,-0.4,0.038043478260869554,-0.038043478260869554,0.0,1.0,0.01907297598250024,0.03214185929057726,0.050460686860756714,0.022836586676998172,0.030346558825804504,0.01907297598250024,apl_apollo,2026-08-10
digest,2026-08-11,apl_apollo,steel,2,77,0.0259740259740259,0.1333333333333333,2027.0,2012.699951171875,-0.007054784819005899,-0.007750770588956679,0.05082727247474805,0.06290063135468271,0.25515872311446464,0.432562480097965,0.4,1.6,0.038043478260869554,-0.012069452286843654,0.0,0.0,0.004253453610130029,0.04659638827007974,0.035085544421159236,0.007054784819005899,0.05082727247474805,0.004253453610130029,apl_apollo,2026-08-11
digest,2026-08-12,apl_apollo,steel,0,25,0.0,0.0,2016.9000244140625,1997.0999755859375,-0.009817070052283383,0.03364882783220269,0.06244057621882515,0.081067561160308,0.21574990757095608,0.43982151210667003,0.6,-0.6,0.04064088085827215,-0.04064088085827215,0.0,1.0,-0.01029053053038509,0.05618259621039956,0.03172586837096791,0.009817070052283383,0.06244057621882515,0.01029053053038509,apl_apollo,2026-08-12
digest,2026-08-13,apl_apollo,steel,0,45,0.0,0.0,1990.9000244140625,2064.300048828125,0.03686776006528247,0.009204088335310612,0.03667100197708595,0.05992343566629166,0.10325163886633253,0.4596709321374612,0.5,-0.5,0.01564088085827215,-0.01564088085827215,0.0,1.0,0.038749863549963647,0.022632952336473,0.009758891297318092,0.03686776006528247,0.03667100197708595,0.038749863549963647,apl_apollo,2026-08-13
digest,2026-08-14,apl_apollo,steel,0,41,0.0,0.0,2060.0,2083.300048828125,0.011310703314623805,-0.0009600153377450349,0.026736403718325086,0.08750542147333529,0.11396770973330932,0.3747820335286461,0.5,-0.5,0.01564088085827215,-0.01564088085827215,0.0,1.0,0.006057836817765061,0.021728022900374802,0.02020565080450125,0.011310703314623805,0.026736403718325086,0.006057836817765061,apl_apollo,2026-08-14
digest,2026-08-15,apl_apollo,steel,0,5,0.0,0.0,2093.0,2081.300048828125,-0.005590038782548934,0.016191779359660208,0.03060584715199588,0.06827456406183918,0.10357569930108229,0.23344127724870048,0.3,-0.3,0.0069452286843591105,-0.0069452286843591105,0.0,1.0,-0.015294433049539131,0.017259643850529152,0.02161012401564065,0.005590038782548934,0.03060584715199588,0.015294433049539131,apl_apollo,2026-08-15
digest,2026-08-16,apl_apollo,steel,0,3,0.0,0.0,2093.0,2081.300048828125,-0.005590038782548934,0.016191779359660208,0.03060584715199588,0.06827456406183918,0.10357569930108229,0.23344127724870048,0.2,-0.2,0.00259740259740259,-0.00259740259740259,0.0,1.0,-0.015294433049539131,0.017259643850529152,0.02161012401564065,0.005590038782548934,0.03060584715199588,0.015294433049539131,apl_apollo,2026-08-16
digest,2026-08-17,apl_apollo,steel,0,31,0.0,0.0,2093.0,2081.300048828125,-0.005590038782548934,0.016191779359660208,0.03060584715199588,0.06827456406183918,0.10357569930108229,0.23344127724870048,0.2,-0.2,0.00259740259740259,-0.00259740259740259,0.0,1.0,-0.015294433049539131,0.017259643850529152,0.02161012401564065,0.005590038782548934,0.03060584715199588,0.015294433049539131,apl_apollo,2026-08-17
digest,2026-08-18,apl_apollo,steel,1,59,0.0169491525423728,0.0769230769230769,2082.0,2115.0,0.015850144092218965,0.003215153110224689,0.011489384788711643,0.056264775413711554,0.06769207583887131,0.2133539555062056,0.2,0.8,0.00259740259740259,0.014351749944970212,0.0,0.0,0.023040655895828568,-0.012303328439919436,0.004514845061873669,0.015850144092218965,0.011489384788711643,0.023040655895828568,apl_apollo,2026-08-18
digest,2026-07-07,avalon,ems,0,52,0.0,0.0,1741.4000244140625,1639.9000244140625,-0.05828643538359446,-0.0053052461202908185,0.06597960214710952,0.06286967135254184,0.5142226913452294,0.3379785364754397,0.0,0.0,0.0,0.0,0.0,1.0,-0.04216458325385297,0.036553745735188214,0.032119516380431756,0.05828643538359446,0.06597960214710952,0.04216458325385297,avalon,2026-07-07
digest,2026-07-08,avalon,ems,0,82,0.0,0.0,1639.9000244140625,1631.199951171875,-0.0053052461202908185,0.059710659226104745,0.02979407743442808,0.06896763325622857,0.6331897869715091,0.3375362290613709,0.0,0.0,0.0,0.0,0.0,1.0,0.0053067181597199285,-0.016210605474059836,0.0384255396523437,0.0053052461202908185,0.02979407743442808,0.0053067181597199285,avalon,2026-07-08
digest,2026-07-09,avalon,ems,1,23,0.0434782608695652,0.1428571428571428,1651.9000244140625,1728.5999755859375,0.046431351799925524,0.022850862291960095,0.02256161087054287,0.007057777053393721,0.5948452836096639,0.4754946741048601,0.0,1.0,0.0,0.0434782608695652,0.0,0.0,0.0142045242604402,-0.012188448875973756,0.02351184233663826,0.046431351799925524,0.02256161087054287,0.0142045242604402,avalon,2026-07-09
digest,2026-07-10,avalon,ems,0,22,0.0,0.0,1745.800048828125,1768.0999755859375,0.012773471264811542,-0.026695295415200326,-0.024942014702151072,-0.015044384340949013,0.600792353069413,0.4902378846319219,0.125,-0.125,0.00543478260869565,-0.00543478260869565,0.0,1.0,0.019114931185844175,-0.034297680835930634,0.023099228354832392,0.012773471264811542,0.024942014702151072,0.019114931185844175,avalon,2026-07-10
digest,2026-07-12,avalon,ems,0,2,0.0,0.0,1748.0999755859375,1720.9000244140625,-0.015559722871546833,0.015805654474980946,-0.00255681582406897,0.004241923792347002,0.5688113949120455,0.49719003393764855,0.1111111111111111,-0.1111111111111111,0.004830917874396133,-0.004830917874396133,0.0,1.0,-0.021197571133029097,-0.014487934226571223,0.035002966614521,0.015559722871546833,0.00255681582406897,0.021197571133029097,avalon,2026-07-12
digest,2026-07-13,avalon,ems,0,33,0.0,0.0,1748.0999755859375,1720.9000244140625,-0.015559722871546833,0.015805654474980946,-0.00255681582406897,0.004241923792347002,0.5688113949120455,0.49719003393764855,0.1,-0.1,0.00434782608695652,-0.00434782608695652,0.0,1.0,-0.021197571133029097,-0.014487934226571223,0.035002966614521,0.015559722871546833,0.00255681582406897,0.021197571133029097,avalon,2026-07-13
digest,2026-07-14,avalon,ems,0,35,0.0,0.0,1724.800048828125,1748.0999755859375,0.013508769769367213,-0.0390709500095493,-0.0029174393096299545,-0.06183855448525133,0.5681739751220088,0.5025820285211339,0.1,-0.1,0.00434782608695652,-0.00434782608695652,0.0,1.0,0.00842788518083502,-0.004427182326823968,-0.02488998383350536,0.013508769769367213,0.0029174393096299545,0.00842788518083502,avalon,2026-07-14
digest,2026-07-15,avalon,ems,0,17,0.0,0.0,1759.9000244140625,1679.800048828125,-0.04551393515242763,0.052268082036944996,0.038040183644671544,-0.0014882723701217238,0.4554196460081194,0.5351043202992334,0.1,-0.1,0.00434782608695652,-0.00434782608695652,0.0,1.0,-0.037794316765999536,0.05264543975388206,-0.010858665653702637,0.04551393515242763,0.038040183644671544,0.037794316765999536,avalon,2026-07-15
digest,2026-07-16,avalon,ems,1,38,0.0263157894736842,0.1428571428571428,1685.0,1767.5999755859375,0.049020757024295314,-0.024666200604288147,-0.015161760085976805,-0.00458247097636022,0.2279215263173132,0.6105665149740842,0.1,0.9,0.00434782608695652,0.021967963386727678,0.0,0.0,0.024056854668306166,0.03399759938919944,0.009594364515779275,0.049020757024295314,0.015161760085976805,0.024056854668306166,avalon,2026-07-16
digest,2026-07-17,avalon,ems,1,45,0.0222222222222222,0.125,1767.0,1724.0,-0.02433503112620261,-0.004350348027842177,0.010150812064965153,0.0486659074327509,0.12281813441401795,0.621782117312139,0.2,0.8,0.00697940503432494,0.015242817187897259,0.0,0.0,-0.0019414228328961496,0.05686944485215919,0.03118556440577171,0.02433503112620261,0.010150812064965153,0.0019414228328961496,avalon,2026-07-17
digest,2026-07-18,avalon,ems,0,9,0.0,0.0,1723.0,1716.5,-0.003772489843296589,0.015438392076900564,0.006816167300830234,0.020565131854427543,0.13519463383956645,0.6054560634981561,0.3,-0.3,0.009201627256547159,-0.009201627256547159,0.0,1.0,-0.007901027242573817,0.04835000027971437,0.009309108503080957,0.003772489843296589,0.006816167300830234,0.007901027242573817,avalon,2026-07-18
digest,2026-07-19,avalon,ems,0,2,0.0,0.0,1723.0,1716.5,-0.003772489843296589,0.015438392076900564,0.006816167300830234,0.020565131854427543,0.13519463383956645,0.6054560634981561,0.3,-0.3,0.009201627256547159,-0.009201627256547159,0.0,1.0,-0.007901027242573817,0.04835000027971437,0.009309108503080957,0.003772489843296589,0.006816167300830234,0.007901027242573817,avalon,2026-07-19
digest,2026-07-20,avalon,ems,0,12,0.0,0.0,1723.0,1716.5,-0.003772489843296589,0.015438392076900564,0.006816167300830234,0.020565131854427543,0.13519463383956645,0.6054560634981561,0.3,-0.3,0.009201627256547159,-0.009201627256547159,0.0,1.0,-0.007901027242573817,0.04835000027971437,0.009309108503080957,0.003772489843296589,0.006816167300830234,0.007901027242573817,avalon,2026-07-20
digest,2026-07-21,avalon,ems,0,16,0.0,0.0,1716.5,1743.0,0.015438392076900564,0.00040157841186183596,-0.059093516924842215,0.03580035824099981,0.35114991876269097,0.5229466584969205,0.2,-0.2,0.00485380116959064,-0.00485380116959064,0.0,1.0,0.02475167420489882,-0.020372529756005398,-0.0006061407226965257,0.015438392076900564,0.059093516924842215,0.02475167420489882,avalon,2026-07-21
digest,2026-07-22,avalon,ems,0,27,0.0,0.0,1743.0,1743.699951171875,0.00040157841186183596,-0.001663074166975309,-0.038079890005803585,0.04559270644388724,0.4279179430946758,0.5200862167031571,0.2,-0.2,0.00485380116959064,-0.00485380116959064,0.0,1.0,0.016723011962030077,-0.06301264601401835,-0.01789945149341725,0.00040157841186183596,0.038079890005803585,0.016723011962030077,avalon,2026-07-22
digest,2026-07-23,avalon,ems,0,30,0.0,0.0,1740.0,1740.800048828125,0.00045979817708330373,0.0004020859100655194,0.010742159149445873,0.019358886848929613,0.5910878348370618,0.4299189218053042,0.2,-0.2,0.00485380116959064,-0.00485380116959064,0.0,1.0,-0.0016143858497680852,-0.026379753648116233,-0.032714382231886274,0.00045979817708330373,0.010742159149445873,0.0016143858497680852,avalon,2026-07-23
digest,2026-07-24,avalon,ems,0,11,0.0,0.0,1735.0,1741.5,0.0037463976945244504,-0.007637122496770066,0.03812806455013629,0.1285099332920614,0.6152885539177928,0.41243231685192366,0.2,-0.2,0.00485380116959064,-0.00485380116959064,0.0,1.0,0.014825629819698594,-0.029816378433465227,0.028570263840051527,0.0037463976945244504,0.03812806455013629,0.014825629819698594,avalon,2026-07-24
digest,2026-07-25,avalon,ems,0,21,0.0,0.0,1751.0999755859375,1728.199951171875,-0.013077508270993965,-0.051035732938232936,0.013655883765212984,0.11312348427474106,0.6727542437467388,0.3899451757799456,0.2,-0.2,0.00485380116959064,-0.00485380116959064,0.0,1.0,-0.008763234148105942,-0.04165434235285773,0.02836714533588096,0.013077508270993965,0.013655883765212984,0.008763234148105942,avalon,2026-07-25
digest,2026-07-26,avalon,ems,0,12,0.0,0.0,1751.0999755859375,1728.199951171875,-0.013077508270993965,-0.051035732938232936,0.013655883765212984,0.11312348427474106,0.6727542437467388,0.3899451757799456,0.2,-0.2,0.00485380116959064,-0.00485380116959064,0.0,1.0,-0.008763234148105942,-0.04165434235285773,0.02836714533588096,0.013077508270993965,0.013655883765212984,0.008763234148105942,avalon,2026-07-26
digest,2026-07-27,avalon,ems,0,40,0.0,0.0,1751.0999755859375,1728.199951171875,-0.013077508270993965,-0.051035732938232936,0.013655883765212984,0.11312348427474106,0.6727542437467388,0.3899451757799456,0.1,-0.1,0.00222222222222222,-0.00222222222222222,0.0,1.0,-0.008763234148105942,-0.04165434235285773,0.02836714533588096,0.013077508270993965,0.013655883765212984,0.008763234148105942,avalon,2026-07-27
digest,2026-07-28,avalon,ems,0,13,0.0,0.0,1744.5999755859375,1640.0,-0.05995642385057742,0.022743932212271334,0.10085367342320883,0.181890273675686,0.4776519707070031,0.4561533893734078,0.0,0.0,0.0,0.0,0.0,1.0,-0.05246302958941712,0.022990659989467213,0.09506099499948727,0.05995642385057742,0.10085367342320883,0.05246302958941712,avalon,2026-07-28
digest,2026-07-29,avalon,ems,0,28,0.0,0.0,1649.5999755859375,1677.300048828125,0.016791994212020045,0.04900730267628939,0.08698497471915378,0.17086983082494722,0.48133414568671457,0.435726520897373,0.0,0.0,0.0,0.0,0.0,1.0,-0.022089276163257066,0.048941261916386015,0.13213828963546698,0.016791994212020045,0.08698497471915378,0.022089276163257066,avalon,2026-07-29
digest,2026-07-30,avalon,ems,0,29,0.0,0.0,1669.4000244140625,1759.5,0.053971471347954214,0.027507828595659367,0.008525149190110826,0.09712988031489767,0.4659072240780107,0.42498932470833406,0.0,0.0,0.0,0.0,0.0,1.0,0.04631964053860795,-0.00540670541944103,0.07173751115847464,0.053971471347954214,0.008525149190110826,0.04631964053860795,avalon,2026-07-30
digest,2026-07-31,avalon,ems,0,16,0.0,0.0,1770.0,1807.9000244140625,0.02141244317178681,-0.03103046342627236,0.08706234984706951,0.07351071553701383,0.8924539579965337,0.42135773513131,0.0,0.0,0.0,0.0,0.0,1.0,0.015041119844925122,0.05685776111761899,0.06287513717940547,0.02141244317178681,0.08706234984706951,0.015041119844925122,avalon,2026-07-31
digest,2026-08-01,avalon,ems,0,19,0.0,0.0,1814.0,1751.800048828125,-0.03428883747071387,0.030597085336190988,0.09812758166021474,0.1755907323563528,0.8604562283220328,0.45779077480068653,0.0,0.0,0.0,0.0,0.0,1.0,-0.022210208269969743,0.06891917816229574,0.1425861850167208,0.03428883747071387,0.09812758166021474,0.022210208269969743,avalon,2026-08-01
digest,2026-08-02,avalon,ems,0,4,0.0,0.0,1814.0,1751.800048828125,-0.03428883747071387,0.030597085336190988,0.09812758166021474,0.1755907323563528,0.8604562283220328,0.45779077480068653,0.0,0.0,0.0,0.0,0.0,1.0,-0.022210208269969743,0.06891917816229574,0.1425861850167208,0.03428883747071387,0.09812758166021474,0.022210208269969743,avalon,2026-08-02
digest,2026-08-03,avalon,ems,0,18,0.0,0.0,1814.0,1751.800048828125,-0.03428883747071387,0.030597085336190988,0.09812758166021474,0.1755907323563528,0.8604562283220328,0.45779077480068653,0.0,0.0,0.0,0.0,0.0,1.0,-0.022210208269969743,0.06891917816229574,0.1425861850167208,0.03428883747071387,0.09812758166021474,0.022210208269969743,avalon,2026-08-03
digest,2026-08-04,avalon,ems,0,23,0.0,0.0,1754.4000244140625,1805.4000244140625,0.02906976703732833,0.009859270254297003,0.07361250837314848,0.21707101978203003,0.8581387656601325,0.4758357727807736,0.0,0.0,0.0,0.0,0.0,1.0,0.015200653457129972,0.0651543115412705,0.1847893899479419,0.02906976703732833,0.07361250837314848,0.015200653457129972,avalon,2026-08-04
digest,2026-08-05,avalon,ems,3,23,0.1304347826086956,1.0,1840.0,1823.199951171875,-0.009130461319633132,-0.026711250809639764,0.07717204750458206,0.2316806481992686,0.857100798085635,0.4762408619202644,0.0,3.0,0.0,0.1304347826086956,1.0,0.0,-0.009026626974913002,0.07744788961998379,0.19385262487015914,0.009130461319633132,0.07717204750458206,0.009026626974913002,avalon,2026-08-05
digest,2026-08-06,avalon,ems,2,41,0.048780487804878,1.0,1821.0,1774.5,-0.025535420098846795,0.1075232735013385,0.0878557477678572,0.2654268808114961,0.829011630915667,0.5017840356635773,0.3,1.7,0.01304347826086956,0.03573700954400844,0.0,0.0,-0.013472843429589912,0.07650921465813221,0.216663714619518,0.025535420098846795,0.0878557477678572,0.013472843429589912,avalon,2026-08-06
digest,2026-08-07,avalon,ems,1,18,0.0555555555555555,1.0,1785.0,1965.300048828125,0.10100843071603638,-0.021167300983407356,-0.012466289824095256,0.11117895210468642,0.24734376802653593,0.7274263341872517,0.5,0.5,0.01792152704135736,0.037634028514198135,0.0,0.0,0.07707325065098143,0.00678104569355838,0.09171572382051997,0.10100843071603638,0.012466289824095256,0.07707325065098143,avalon,2026-08-07
digest,2026-08-08,avalon,ems,0,9,0.0,0.0,1968.0,1923.699951171875,-0.022510187412665195,0.007589591946163932,0.0705411210772291,0.101731016343094,0.4559406424604366,0.741256576548687,0.6,-0.6,0.02347708259691291,-0.02347708259691291,0.0,1.0,-0.026987407840612227,0.06716848993796283,0.08092294703404512,0.022510187412665195,0.0705411210772291,0.026987407840612227,avalon,2026-08-08
digest,2026-08-09,avalon,ems,0,12,0.0,0.0,1968.0,1923.699951171875,-0.022510187412665195,0.007589591946163932,0.0705411210772291,0.101731016343094,0.4559406424604366,0.741256576548687,0.6,-0.6,0.02347708259691291,-0.02347708259691291,0.0,1.0,-0.026987407840612227,0.06716848993796283,0.08092294703404512,0.022510187412665195,0.0705411210772291,0.026987407840612227,avalon,2026-08-09
digest,2026-08-10,avalon,ems,2,16,0.125,0.5,1968.0,1923.699951171875,-0.022510187412665195,0.007589591946163932,0.0705411210772291,0.101731016343094,0.4559406424604366,0.741256576548687,0.6,1.4,0.02347708259691291,0.10152291740308708,0.0,0.0,-0.026987407840612227,0.06716848993796283,0.08092294703404512,0.022510187412665195,0.0705411210772291,0.026987407840612227,avalon,2026-08-10
digest,2026-08-11,avalon,ems,0,77,0.0,0.0,1930.0,1938.300048828125,0.004300543434261561,0.013207436898851066,0.1336222429321965,0.08935662529472133,0.5807190528747558,0.6557536586687607,0.8,-0.8,0.035977082596912915,-0.035977082596912915,0.0,1.0,0.010592111659889863,0.11129913471883583,0.05481064734129456,0.004300543434261561,0.1336222429321965,0.010592111659889863,avalon,2026-08-11
digest,2026-08-12,avalon,ems,1,25,0.04,0.5,1940.0,1963.9000244140625,0.012319600213434256,-0.017057894792783523,0.14343911082043692,0.13366254629382435,0.571890612684958,0.6554031371766047,0.8,0.19999999999999996,0.035977082596912915,0.004022917403087085,0.0,0.0,0.013385986453446427,0.10644405073673438,0.08710061402002292,0.012319600213434256,0.14343911082043692,0.013385986453446427,avalon,2026-08-12
digest,2026-08-13,avalon,ems,1,45,0.0222222222222222,0.1666666666666666,1973.699951171875,1930.4000244140625,-0.021938454592403178,0.005387497038195077,0.16323040385454846,0.16898055797590428,0.4957335030634001,0.6479099887928298,0.9,0.09999999999999998,0.03997708259691291,-0.017754860374690713,0.0,0.0,-0.02100838015502704,0.12784365283408822,0.11134257461486177,0.021938454592403178,0.16323040385454846,0.02100838015502704,avalon,2026-08-13
digest,2026-08-14,avalon,ems,1,41,0.024390243902439,0.0909090909090909,1939.0999755859375,1940.800048828125,0.0008767331564087932,0.061108744090993206,0.12520609742705124,0.14988659059412046,0.6376321453326848,0.6406790608527577,1.0,0.0,0.04219930481913513,-0.017809060916696127,0.0,0.0,0.007019894736108738,0.08549890937163254,0.09860218641214233,0.0008767331564087932,0.12520609742705124,0.007019894736108738,avalon,2026-08-14
digest,2026-08-15,avalon,ems,0,5,0.0,0.0,1950.300048828125,2059.39990234375,0.055940035268511545,0.06696132515468922,0.02913470080857805,0.15242311419318488,0.6343718364518344,0.6511139648776566,1.1,-1.1,0.04463832920937903,-0.04463832920937903,0.0,1.0,0.04921423492188307,0.011956122471103763,0.11984076356285137,0.055940035268511545,0.02913470080857805,0.04921423492188307,avalon,2026-08-15
digest,2026-08-16,avalon,ems,0,3,0.0,0.0,1950.300048828125,2059.39990234375,0.055940035268511545,0.06696132515468922,0.02913470080857805,0.15242311419318488,0.6343718364518344,0.6511139648776566,0.8,-0.8,0.031594850948509466,-0.031594850948509466,0.0,1.0,0.04921423492188307,0.011956122471103763,0.11984076356285137,0.055940035268511545,0.02913470080857805,0.04921423492188307,avalon,2026-08-16
digest,2026-08-17,avalon,ems,0,31,0.0,0.0,1950.300048828125,2059.39990234375,0.055940035268511545,0.06696132515468922,0.02913470080857805,0.15242311419318488,0.6343718364518344,0.6511139648776566,0.6,-0.6,0.02671680216802167,-0.02671680216802167,0.0,1.0,0.04921423492188307,0.011956122471103763,0.11984076356285137,0.055940035268511545,0.02913470080857805,0.04921423492188307,avalon,2026-08-17
digest,2026-08-18,avalon,ems,1,59,0.0169491525423728,0.0909090909090909,2059.39990234375,2197.300048828125,0.06696132515468922,0.021981544511358253,-0.03904794380443599,0.05520413513521616,0.3387362331283761,0.6963428536439028,0.5,0.5,0.02116124661246612,-0.00421209407009332,0.0,0.0,0.05634454688248475,-0.052237526216430775,0.05411684874580688,0.06696132515468922,0.03904794380443599,0.05634454688248475,avalon,2026-08-18
digest,2026-07-07,coal_india,mining,0,52,0.0,0.0,432.3500061035156,428.95001220703125,-0.007863984846736227,0.00023307048162357624,0.0038465878296514155,0.005361901684382442,0.022771004705152708,0.1848853000526013,1.4,-1.4,0.03763945250704998,-0.03763945250704998,0.0,1.0,-0.004932232003599574,-0.0070483232480079705,-0.018966181496854584,0.007863984846736227,0.0038465878296514155,0.004932232003599574,coal_india,2026-07-07
digest,2026-07-08,coal_india,mining,5,82,0.0609756097560975,0.625,428.0,429.04998779296875,0.0024532425069363484,0.0019811353634759943,-0.0034960961255726675,-0.0015149607620965622,0.060912358515999,0.1852046840975632,1.1666666666666667,3.833333333333333,0.03136621042254165,0.029609399333555844,1.0,0.0,0.005275145963285016,-0.02838024210152032,-0.022103321806758724,0.0024532425069363484,0.0034960961255726675,0.005275145963285016,coal_india,2026-07-08
digest,2026-07-09,coal_india,mining,0,23,0.0,0.0,432.45001220703125,429.8999938964844,-0.005896677624155244,-0.0013956876297609444,-0.005931583691956899,-0.00662946300064815,0.056453864525923624,0.17460812818102478,1.7142857142857142,-1.7142857142857142,0.035596124613049625,-0.035596124613049625,0.0,1.0,-0.006314304133637205,-0.016459194531585952,-0.029024745885198933,0.005896677624155244,0.005931583691956899,0.006314304133637205,coal_india,2026-07-09
digest,2026-07-10,coal_india,mining,0,22,0.0,0.0,430.1499938964844,429.29998779296875,-0.0019760690818937388,0.00209649298778114,-0.003843451999537617,-0.0044257953657353966,0.05790401554728678,0.174476443878184,1.5,-1.5,0.031146609036418423,-0.031146609036418423,0.0,1.0,-0.009443456444658604,-0.0007518939094953436,-0.011118392476707428,0.0019760690818937388,0.003843451999537617,0.009443456444658604,coal_india,2026-07-10
digest,2026-07-12,coal_india,mining,0,2,0.0,0.0,429.0,430.20001220703125,0.002797231251821186,0.0009297858789736324,-0.0018596426960626466,-0.006276178824773937,0.06536821256518617,0.12169584808578814,1.3333333333333333,-1.3333333333333333,0.027685874699038597,-0.027685874699038597,0.0,1.0,-0.005702808920029778,-0.0036357269973048,-0.020783909535478845,0.002797231251821186,0.0018596426960626466,0.005702808920029778,coal_india,2026-07-12
digest,2026-07-13,coal_india,mining,2,33,0.0606060606060606,0.3333333333333333,429.0,430.20001220703125,0.002797231251821186,0.0009297858789736324,-0.0018596426960626466,-0.006276178824773937,0.06536821256518617,0.12169584808578814,1.2,0.8,0.02491728722913474,0.03568877337692586,0.0,0.0,-0.005702808920029778,-0.0036357269973048,-0.020783909535478845,0.002797231251821186,0.0018596426960626466,0.005702808920029778,coal_india,2026-07-13
digest,2026-07-14,coal_india,mining,0,35,0.0,0.0,429.95001220703125,430.6000061035156,0.0015117894593090764,-0.007083182227855422,0.0015095074019300103,-0.0474918994824981,0.07348242466800703,0.11010089261771357,1.2,-1.2,0.02383503614688366,-0.02383503614688366,0.0,1.0,-0.00032624994987831557,-0.011344288607744751,-0.04409972710070281,0.0015117894593090764,0.0015095074019300103,0.00032624994987831557,coal_india,2026-07-14
digest,2026-07-15,coal_india,mining,0,17,0.0,0.0,430.54998779296875,427.54998779296875,-0.006967832040544741,-0.00046773873269279065,0.001988085902898451,-0.04093088644519849,0.0704911636247851,0.10541396644031643,1.1,-1.1,0.02234249883345083,-0.02234249883345083,0.0,1.0,-0.008156694083461397,0.006272694682388252,-0.05441710016248763,0.006967832040544741,0.001988085902898451,0.008156694083461397,coal_india,2026-07-15
digest,2026-07-16,coal_india,mining,0,38,0.0,0.0,427.54998779296875,427.3500061035156,-0.00046773873269279065,0.0007019721274932333,-0.0007020435386965174,-0.023751009129565293,0.07501410742541958,0.08579975099664046,1.1,-1.1,0.02234249883345083,-0.02234249883345083,0.0,1.0,0.012313444482214608,-0.01190200698918667,-0.041733188592431414,0.00046773873269279065,0.0007020435386965174,0.012313444482214608,coal_india,2026-07-16
digest,2026-07-17,coal_india,mining,0,45,0.0,0.0,427.3999938964844,427.6499938964844,0.0005849321562239052,0.004092131474281224,-0.0005845902106116352,-0.03156787137302697,0.07510103608765165,0.08681947783486525,0.8,-0.8,0.013771070262022258,-0.013771070262022258,0.0,1.0,-0.002155688659568694,-0.009981949028040837,-0.05628391750427231,0.0005849321562239052,0.0005845902106116352,0.002155688659568694,coal_india,2026-07-17
digest,2026-07-18,coal_india,mining,0,9,0.0,0.0,428.1499938964844,429.3999938964844,0.002919537586872467,0.004308351490013296,-0.004424764609899823,-0.03120632064963358,0.06594390313666916,0.061724042327388304,0.7,-0.7,0.012158167036215809,-0.012158167036215809,0.0,1.0,-0.002501716495852041,-0.01653683856739213,-0.04869629624596172,0.002919537586872467,0.004424764609899823,0.002501716495852041,coal_india,2026-07-18
digest,2026-07-19,coal_india,mining,0,2,0.0,0.0,428.1499938964844,429.3999938964844,0.002919537586872467,0.004308351490013296,-0.004424764609899823,-0.03120632064963358,0.06594390313666916,0.061724042327388304,0.7,-0.7,0.012158167036215809,-0.012158167036215809,0.0,1.0,-0.002501716495852041,-0.01653683856739213,-0.04869629624596172,0.002919537586872467,0.004424764609899823,0.002501716495852041,coal_india,2026-07-19
digest,2026-07-20,coal_india,mining,0,12,0.0,0.0,428.1499938964844,429.3999938964844,0.002919537586872467,0.004308351490013296,-0.004424764609899823,-0.03120632064963358,0.06594390313666916,0.061724042327388304,0.2,-0.2,0.00606060606060606,-0.00606060606060606,0.0,1.0,-0.002501716495852041,-0.01653683856739213,-0.04869629624596172,0.002919537586872467,0.004424764609899823,0.002501716495852041,coal_india,2026-07-20
digest,2026-07-21,coal_india,mining,0,16,0.0,0.0,429.95001220703125,431.25,0.0030235789186181528,-0.006608709805253632,-0.04892755038496377,-0.031652159759963716,0.2767284649058034,0.05142985486889609,0.2,-0.2,0.00606060606060606,-0.00606060606060606,0.0,1.0,-0.00353346581209546,-0.03238071251328223,-0.03954628634499838,0.0030235789186181528,0.04892755038496377,0.00353346581209546,coal_india,2026-07-21
digest,2026-07-22,coal_india,mining,0,27,0.0,0.0,431.29998779296875,428.3999938964844,-0.00672384414227345,-0.003151274796334036,-0.04283381504424011,-0.030112030999705053,0.2850025944675989,0.06278612280819178,0.2,-0.2,0.00606060606060606,-0.00606060606060606,0.0,1.0,0.01249198287907427,-0.06067995270604601,-0.08149853912004904,0.00672384414227345,0.04283381504424011,0.01249198287907427,coal_india,2026-07-22
digest,2026-07-23,coal_india,mining,1,30,0.0333333333333333,1.0,428.8500061035156,427.04998779296875,-0.004197314410466335,0.0008195904777434926,-0.023065158336247782,-0.02681180661923821,0.34159363104257273,0.06320564900601114,0.2,0.8,0.00606060606060606,0.02727272727272724,0.0,0.0,-0.00856208984175802,-0.02953943980703244,-0.07503185608182456,0.004197314410466335,0.023065158336247782,0.00856208984175802,coal_india,2026-07-23
digest,2026-07-24,coal_india,mining,0,11,0.0,0.0,427.0,427.3999938964844,0.0009367538559352795,0.00023398714305988833,-0.031001404279872635,-0.028427688511916793,0.338528317617319,0.06345928746265882,0.1,-0.1,0.0033333333333333296,-0.0033333333333333296,0.0,1.0,-0.004173995684306875,-0.045772064389886874,-0.07349143586722084,0.0009367538559352795,0.031001404279872635,0.004173995684306875,coal_india,2026-07-24
digest,2026-07-25,coal_india,mining,0,21,0.0,0.0,429.5,427.5,-0.00465657741559955,-0.04058480959886701,-0.026900584795321647,-0.038596491228070184,0.3447889546838396,0.062051038530104165,0.1,-0.1,0.0033333333333333296,-0.0033333333333333296,0.0,1.0,-0.007318771961770748,-0.03199884944813458,-0.06224163711874356,0.00465657741559955,0.026900584795321647,0.007318771961770748,coal_india,2026-07-25
digest,2026-07-26,coal_india,mining,0,12,0.0,0.0,429.5,427.5,-0.00465657741559955,-0.04058480959886701,-0.026900584795321647,-0.038596491228070184,0.3447889546838396,0.062051038530104165,0.1,-0.1,0.0033333333333333296,-0.0033333333333333296,0.0,1.0,-0.007318771961770748,-0.03199884944813458,-0.06224163711874356,0.00465657741559955,0.026900584795321647,0.007318771961770748,coal_india,2026-07-26
digest,2026-07-27,coal_india,mining,1,40,0.025,0.5,429.5,427.5,-0.00465657741559955,-0.04058480959886701,-0.026900584795321647,-0.038596491228070184,0.3447889546838396,0.062051038530104165,0.1,0.9,0.0033333333333333296,0.02166666666666667,0.0,0.0,-0.007318771961770748,-0.03199884944813458,-0.06224163711874356,0.00465657741559955,0.026900584795321647,0.007318771961770748,coal_india,2026-07-27
digest,2026-07-28,coal_india,mining,1,13,0.0769230769230769,1.0,422.8999938964844,410.1499938964844,-0.030148971823160897,-0.00024382812386647412,0.01816411634254833,0.005973454208192841,0.14332933924176286,0.20898029403459215,0.2,0.8,0.00583333333333333,0.07108974358974357,0.0,0.0,-0.013310090721229073,-0.006690872315749441,-0.03275636053330644,0.030148971823160897,0.01816411634254833,0.013310090721229073,coal_india,2026-07-28
digest,2026-07-29,coal_india,mining,2,28,0.0714285714285714,0.6666666666666666,413.04998779296875,410.04998779296875,-0.007263043429754701,0.017436957997600366,0.01329109223088909,-0.0018290452928355627,0.1550427769232183,0.20968333258109512,0.3,1.7,0.013525641025641019,0.057902930402930375,0.0,0.0,-0.0227436972489653,-0.020285989445608776,-0.015522605873869638,0.007263043429754701,0.01329109223088909,0.0227436972489653,coal_india,2026-07-29
digest,2026-07-30,coal_india,mining,1,29,0.0344827586206896,0.5,412.95001220703125,417.20001220703125,0.010291802577473419,-0.007310686052984461,-0.0038351056009117146,-0.016059472701324906,0.08350101324838967,0.23596103503026808,0.5,0.5,0.02066849816849816,0.013814260452191439,0.0,0.0,0.014700565058915038,-0.04602322843311371,-0.03095710620961384,0.010291802577473419,0.0038351056009117146,0.014700565058915038,coal_india,2026-07-30
digest,2026-07-31,coal_india,mining,0,16,0.0,0.0,413.0,414.1499938964844,0.002784488853473155,0.0044669953658820205,0.0026560572732752252,-0.01702278859559969,0.06115444053614333,0.23653478052213806,0.6,-0.6,0.02411677403056712,-0.02411677403056712,0.0,1.0,-0.0025802621853225627,-0.026904782277434314,-0.01424908333474742,0.002784488853473155,0.0026560572732752252,0.0025802621853225627,coal_india,2026-07-31
digest,2026-08-01,coal_india,mining,0,19,0.0,0.0,415.95001220703125,416.0,0.00012017740474035143,0.0038461685180664062,-0.012019230769230727,-0.018149009117713333,0.08574769778660449,0.2368612271330031,0.6,-0.6,0.02411677403056712,-0.02411677403056712,0.0,1.0,0.0053584282683370454,-0.03005055599166559,-0.04463128828226531,0.00012017740474035143,0.012019230769230727,0.0053584282683370454,coal_india,2026-08-01
digest,2026-08-02,coal_india,mining,0,4,0.0,0.0,415.95001220703125,416.0,0.00012017740474035143,0.0038461685180664062,-0.012019230769230727,-0.018149009117713333,0.08574769778660449,0.2368612271330031,0.6,-0.6,0.02411677403056712,-0.02411677403056712,0.0,1.0,0.0053584282683370454,-0.03005055599166559,-0.04463128828226531,0.00012017740474035143,0.012019230769230727,0.0053584282683370454,coal_india,2026-08-02
digest,2026-08-03,coal_india,mining,2,18,0.1111111111111111,0.6666666666666666,415.95001220703125,416.0,0.00012017740474035143,0.0038461685180664062,-0.012019230769230727,-0.018149009117713333,0.08574769778660449,0.2368612271330031,0.5,1.5,0.020783440697233792,0.09032767041387732,0.0,0.0,0.0053584282683370454,-0.03005055599166559,-0.04463128828226531,0.00012017740474035143,0.012019230769230727,0.0053584282683370454,coal_india,2026-08-03
digest,2026-08-04,coal_india,mining,0,23,0.0,0.0,415.0,417.6000061035156,0.006265074948230476,-0.005028750174383534,-0.011973179901631936,-0.025622634220888618,0.08596292856466944,0.23646950747670373,0.7,-0.7,0.0318945518083449,-0.0318945518083449,0.0,1.0,0.004727881973984827,-0.025349968540972656,-0.04283134480836423,0.006265074948230476,0.011973179901631936,0.004727881973984827,coal_india,2026-08-04
digest,2026-08-05,coal_india,mining,0,23,0.0,0.0,417.6000061035156,415.5,-0.005028750174383534,0.0002406885764516531,-0.014921810365899568,-0.03730445246690739,0.09391279222133223,0.2359473187934619,0.7,-0.7,0.0318945518083449,-0.0318945518083449,0.0,1.0,-0.028111648039063408,0.005185438538876069,-0.01056258179462849,0.005028750174383534,0.014921810365899568,0.028111648039063408,coal_india,2026-08-05
digest,2026-08-06,coal_india,mining,0,41,0.0,0.0,414.5,415.6000061035156,0.0026538144837531252,-0.0008421705928186585,-0.012271429327759265,-0.03152070719713307,0.10138805613560815,0.23648073671448097,0.7,-0.7,0.0318945518083449,-0.0318945518083449,0.0,1.0,0.004832998934291899,0.014463327970418188,-0.0032448409548774815,0.0026538144837531252,0.012271429327759265,0.004832998934291899,coal_india,2026-08-06
digest,2026-08-07,coal_india,mining,1,18,0.0555555555555555,0.3333333333333333,415.0,415.25,0.00060240963855418,-0.010234798314268545,-0.01962671618659695,-0.024202258381622488,0.1075280705594695,0.23595201630644866,0.6,0.4,0.0293945518083449,0.026161003747210598,0.0,0.0,0.003053113174448563,0.011824111102636203,-0.006310907373891339,0.00060240963855418,0.01962671618659695,0.003053113174448563,coal_india,2026-08-07
digest,2026-08-08,coal_india,mining,1,9,0.1111111111111111,0.5,415.0,411.0,-0.009638554216867434,0.0038929588893323874,-0.006204349861237857,-0.009975683950159686,0.10032992651682818,0.23805263503132726,0.6,0.4,0.02725779967159276,0.08385331143951835,0.0,0.0,0.0040304938629641684,-0.013260742493325872,-0.004538823044526491,0.009638554216867434,0.006204349861237857,0.0040304938629641684,coal_india,2026-08-08
digest,2026-08-09,coal_india,mining,0,12,0.0,0.0,415.0,411.0,-0.009638554216867434,0.0038929588893323874,-0.006204349861237857,-0.009975683950159686,0.10032992651682818,0.23805263503132726,0.5,-0.5,0.031226053639846728,-0.031226053639846728,0.0,1.0,0.0040304938629641684,-0.013260742493325872,-0.004538823044526491,0.009638554216867434,0.006204349861237857,0.0040304938629641684,coal_india,2026-08-09
digest,2026-08-10,coal_india,mining,0,16,0.0,0.0,415.0,411.0,-0.009638554216867434,0.0038929588893323874,-0.006204349861237857,-0.009975683950159686,0.10032992651682818,0.23805263503132726,0.4,-0.4,0.02777777777777777,-0.02777777777777777,0.0,1.0,0.0040304938629641684,-0.013260742493325872,-0.004538823044526491,0.009638554216867434,0.006204349861237857,0.0040304938629641684,coal_india,2026-08-10
digest,2026-08-11,coal_india,mining,2,77,0.0259740259740259,0.25,411.0,412.6000061035156,0.0038929588893323874,-0.007998105336234351,-0.013814862149083895,-0.020843446379780195,0.08991345840341582,0.12232285966251275,0.4,1.6,0.02777777777777777,-0.0018037518037518699,0.0,0.0,0.010962781064849964,-0.016176609387791252,0.0010488937242804364,0.0038929588893323874,0.013814862149083895,0.010962781064849964,coal_india,2026-08-11
digest,2026-08-12,coal_india,mining,0,25,0.0,0.0,412.6000061035156,409.29998779296875,-0.007998105336234351,0.002931864751577473,-0.022721690863262034,-0.014170505658315569,0.13430198242371724,0.12982395187110005,0.6,-0.6,0.03037518037518036,-0.03037518037518036,0.0,1.0,-0.0035356108848548784,-0.016236874531242507,-0.014838250978668144,0.007998105336234351,0.022721690863262034,0.0035356108848548784,coal_india,2026-08-12
digest,2026-08-13,coal_india,mining,1,45,0.0222222222222222,0.25,409.29998779296875,410.5,0.002931864751577473,-0.00828256734831756,-0.01948842874543244,-0.025578562728379994,0.14738747737451682,0.08870263887760853,0.6,0.4,0.03037518037518036,-0.008152958152958162,0.0,0.0,0.007071886110047582,-0.01779238257746571,-0.004403434347531404,0.002931864751577473,0.01948842874543244,0.007071886110047582,coal_india,2026-08-13
digest,2026-08-14,coal_india,mining,1,41,0.024390243902439,0.3333333333333333,409.79998779296875,407.1000061035156,-0.0065885353096134525,0.0033161534838501705,-0.004667142883808428,-0.014984048175043618,0.15735077675856807,0.09056805152844978,0.5,0.5,0.02148629148629147,0.002903952416147531,0.0,0.0,0.003318572189565855,-0.017882019137790556,-0.006230126177200479,0.0065885353096134525,0.004667142883808428,0.003318572189565855,coal_india,2026-08-14
digest,2026-08-15,coal_india,mining,0,5,0.0,0.0,407.1000061035156,408.45001220703125,0.0033161534838501705,-0.003794878844956995,-0.003794878844956995,-0.016403505953710762,0.15894917343530848,0.08853503712519153,0.6,-0.6,0.023925315876535368,-0.023925315876535368,0.0,1.0,-0.025191158902377053,0.009528680911239013,0.019427560863852666,0.0033161534838501705,0.003794878844956995,0.025191158902377053,coal_india,2026-08-15
digest,2026-08-16,coal_india,mining,0,3,0.0,0.0,407.1000061035156,408.45001220703125,0.0033161534838501705,-0.003794878844956995,-0.003794878844956995,-0.016403505953710762,0.15894917343530848,0.08853503712519153,0.6,-0.6,0.023925315876535368,-0.023925315876535368,0.0,1.0,-0.025191158902377053,0.009528680911239013,0.019427560863852666,0.0033161534838501705,0.003794878844956995,0.025191158902377053,coal_india,2026-08-16
digest,2026-08-17,coal_india,mining,0,31,0.0,0.0,407.1000061035156,408.45001220703125,0.0033161534838501705,-0.003794878844956995,-0.003794878844956995,-0.016403505953710762,0.15894917343530848,0.08853503712519153,0.6,-0.6,0.023925315876535368,-0.023925315876535368,0.0,1.0,-0.025191158902377053,0.009528680911239013,0.019427560863852666,0.0033161534838501705,0.003794878844956995,0.025191158902377053,coal_india,2026-08-17
digest,2026-08-18,coal_india,mining,2,59,0.0338983050847457,0.2857142857142857,408.95001220703125,406.8999938964844,-0.0050128823801307565,-0.016957468665481867,-0.007127043352136653,-0.013025283540105126,0.16466797407319597,0.08298793577416749,0.5,1.5,0.01836976032097982,0.015528544763765879,0.0,0.0,-0.00035228142085083625,0.016443335054982355,0.02246461577100975,0.0050128823801307565,0.007127043352136653,0.00035228142085083625,coal_india,2026-08-18
digest,2026-07-07,coforge,it,0,52,0.0,0.0,1482.0,1516.199951171875,0.02307689012947023,-0.04636586797373099,0.012069680396692206,-0.014641836094716032,0.47347967130501695,0.4785764480407574,2.2,-2.2,0.061233922553132904,-0.061233922553132904,0.0,1.0,0.004233379877733142,-0.010135906748400831,-0.0407662688400942,0.02307689012947023,0.012069680396692206,0.004233379877733142,coforge,2026-07-07
digest,2026-07-08,coforge,it,0,82,0.0,0.0,1517.0,1445.9000244140625,-0.04686880394590476,0.015699530250076643,0.060377567801197074,0.017636074119532275,0.21640871829118355,0.534091082604998,1.8333333333333333,-1.8333333333333333,0.051028268794277416,-0.051028268794277416,0.0,1.0,-0.028543808301823306,0.01995635783253459,-0.011449286215624823,0.04686880394590476,0.060377567801197074,0.028543808301823306,coforge,2026-07-08
digest,2026-07-09,coforge,it,0,23,0.0,0.0,1450.0,1468.5999755859375,0.012827569369612046,0.023968455554510992,0.042285153628142336,-0.019542388430467184,0.2315214616355266,0.5422527854799587,1.5714285714285714,-1.5714285714285714,0.04373851610938064,-0.04373851610938064,0.0,1.0,0.008334890868436043,0.0022328028740700515,-0.040404819536854125,0.012827569369612046,0.042285153628142336,0.008334890868436043,coforge,2026-07-09
digest,2026-07-10,coforge,it,0,22,0.0,0.0,1495.800048828125,1503.800048828125,0.005348308422818748,0.02467081685151462,0.0030589010749948464,-0.012701221596005507,0.2299211276369584,0.5567779073574992,1.375,-1.375,0.038271201595708064,-0.038271201595708064,0.0,1.0,-0.00299342059925058,-0.0199366541315504,-0.028590851269876073,0.005348308422818748,0.0030589010749948464,0.00299342059925058,coforge,2026-07-10
digest,2026-07-12,coforge,it,0,2,0.0,0.0,1494.0999755859375,1540.9000244140625,0.031323237797237447,-0.00415343261253831,-0.02174054089767352,-0.008112142125997535,0.09314424870024386,0.5686086421613258,1.2222222222222223,-1.2222222222222223,0.034018845862851615,-0.034018845862851615,0.0,1.0,0.0004662681589541126,-0.017139619172596404,-0.015270834057565326,0.031323237797237447,0.02174054089767352,0.0004662681589541126,coforge,2026-07-12
digest,2026-07-13,coforge,it,0,33,0.0,0.0,1494.0999755859375,1540.9000244140625,0.031323237797237447,-0.00415343261253831,-0.02174054089767352,-0.008112142125997535,0.09314424870024386,0.5686086421613258,1.1,-1.1,0.030616961276566452,-0.030616961276566452,0.0,1.0,0.0004662681589541126,-0.017139619172596404,-0.015270834057565326,0.031323237797237447,0.02174054089767352,0.0004662681589541126,coforge,2026-07-13
digest,2026-07-14,coforge,it,0,35,0.0,0.0,1545.0,1534.5,-0.006796116504854344,-0.0008472133125611014,-0.02639296187683282,0.09872922776148574,0.09836460258160074,0.5587311224430646,0.5,-0.5,0.00918838984799503,-0.00918838984799503,0.0,1.0,0.007160367992620388,-0.030182891591232424,0.04410485920344358,0.006796116504854344,0.02639296187683282,0.007160367992620388,coforge,2026-07-14
digest,2026-07-15,coforge,it,0,17,0.0,0.0,1520.0,1533.199951171875,0.008684178402549314,-0.0016305766238050579,-0.04030780636966291,0.11851035678895516,0.109113293703424,0.4057246395728313,0.4,-0.4,0.0076958525345622005,-0.0076958525345622005,0.0,1.0,0.002610107637018599,-0.029712939650485732,0.04182003320838794,0.008684178402549314,0.04030780636966291,0.002610107637018599,coforge,2026-07-15
digest,2026-07-16,coforge,it,2,38,0.0526315789473684,0.0909090909090909,1536.0999755859375,1530.699951171875,-0.0035154120824737456,-0.014568450688680068,-0.05931921973885068,0.14124262111373875,0.12373149897563764,0.3402754288131106,0.4,1.6,0.0076958525345622005,0.044935726412806194,0.0,0.0,-0.0030665929768892877,-0.04074916757629462,0.07453262284088538,0.0035154120824737456,0.05931921973885068,0.0030665929768892877,coforge,2026-07-16
digest,2026-07-17,coforge,it,0,45,0.0,0.0,1549.699951171875,1508.4000244140625,-0.026650272994189428,-0.0006629541128444494,-0.015712061030623392,0.14094402820533092,0.3262770177802168,0.350765710516321,0.5,-0.5,0.01010186757215619,-0.01010186757215619,0.0,1.0,-0.027673058078954055,-0.008931001735298875,0.08978160622495665,0.026650272994189428,0.015712061030623392,0.027673058078954055,coforge,2026-07-17
digest,2026-07-18,coforge,it,0,9,0.0,0.0,1504.800048828125,1507.4000244140625,0.0017277880791950473,-0.008889494624541472,0.01393127216391199,0.1728804374188826,0.4011886586555734,0.34744527088884425,0.2,-0.2,0.005263157894736839,-0.005263157894736839,0.0,1.0,0.0028483564822662745,0.002137922930604953,0.09316353773059599,0.0017277880791950473,0.01393127216391199,0.0028483564822662745,coforge,2026-07-18
digest,2026-07-19,coforge,it,0,2,0.0,0.0,1504.800048828125,1507.4000244140625,0.0017277880791950473,-0.008889494624541472,0.01393127216391199,0.1728804374188826,0.4011886586555734,0.34744527088884425,0.2,-0.2,0.005263157894736839,-0.005263157894736839,0.0,1.0,0.0028483564822662745,0.002137922930604953,0.09316353773059599,0.0017277880791950473,0.01393127216391199,0.0028483564822662745,coforge,2026-07-19
digest,2026-07-20,coforge,it,0,12,0.0,0.0,1504.800048828125,1507.4000244140625,0.0017277880791950473,-0.008889494624541472,0.01393127216391199,0.1728804374188826,0.4011886586555734,0.34744527088884425,0.2,-0.2,0.005263157894736839,-0.005263157894736839,0.0,1.0,0.0028483564822662745,0.002137922930604953,0.09316353773059599,0.0017277880791950473,0.01393127216391199,0.0028483564822662745,coforge,2026-07-20
digest,2026-07-21,coforge,it,0,16,0.0,0.0,1507.0,1494.0,-0.00862641008626408,-0.015127159026731896,0.12851405622489964,0.1712851569036562,0.7906192025014067,0.32941056073718566,0.2,-0.2,0.005263157894736839,-0.005263157894736839,0.0,1.0,-0.004162842751084259,0.0778666571836282,0.09385713354254763,0.00862641008626408,0.12851405622489964,0.004162842751084259,coforge,2026-07-21
digest,2026-07-22,coforge,it,0,27,0.0,0.0,1494.0,1471.4000244140625,-0.015127159026731896,-0.021408182327945724,0.16548864751919923,0.20769333323046046,0.7160163618405817,0.23286801028771556,0.2,-0.2,0.005263157894736839,-0.005263157894736839,0.0,1.0,0.0009902018430767608,0.07726587002920063,0.10674518233107858,0.015127159026731896,0.16548864751919923,0.0009902018430767608,coforge,2026-07-22
digest,2026-07-23,coforge,it,1,30,0.0333333333333333,0.1428571428571428,1472.0,1439.9000244140625,-0.02180704863175098,0.03111322036128361,0.21320924702736033,0.2311966239111145,0.5697106973783581,0.24523312939261807,0.2,0.8,0.005263157894736839,0.02807017543859646,0.0,0.0,-0.016289439691136977,0.12618476765559541,0.13356616935622756,0.02180704863175098,0.21320924702736033,0.016289439691136977,coforge,2026-07-23
digest,2026-07-24,coforge,it,1,11,0.0909090909090909,0.2,1430.0,1484.699951171875,0.0382517141062062,0.029433605899761073,0.15915677012154084,0.1962012921184524,0.6940849456230896,0.26788385261976017,0.3,0.7,0.008596491228070168,0.08231259968102073,0.0,0.0,0.01071494077414921,0.10062407982807399,0.10617239051030476,0.0382517141062062,0.15915677012154084,0.01071494077414921,coforge,2026-07-24
digest,2026-07-25,coforge,it,0,21,0.0,0.0,1495.5,1528.4000244140625,0.021999347652331913,0.10311435034578476,0.156765226222626,0.18424494313515427,0.6944936200118009,0.2814610461547124,0.4,-0.4,0.01768740031897926,-0.01768740031897926,0.0,1.0,0.013238357592092123,0.08982370185794118,0.11008844829694982,0.021999347652331913,0.156765226222626,0.013238357592092123,coforge,2026-07-25
digest,2026-07-26,coforge,it,0,12,0.0,0.0,1495.5,1528.4000244140625,0.021999347652331913,0.10311435034578476,0.156765226222626,0.18424494313515427,0.6944936200118009,0.2814610461547124,0.4,-0.4,0.01768740031897926,-0.01768740031897926,0.0,1.0,0.013238357592092123,0.08982370185794118,0.11008844829694982,0.021999347652331913,0.156765226222626,0.013238357592092123,coforge,2026-07-26
digest,2026-07-27,coforge,it,0,40,0.0,0.0,1495.5,1528.4000244140625,0.021999347652331913,0.10311435034578476,0.156765226222626,0.18424494313515427,0.6944936200118009,0.2814610461547124,0.2,-0.2,0.012424242424242421,-0.012424242424242421,0.0,1.0,0.013238357592092123,0.08982370185794118,0.11008844829694982,0.021999347652331913,0.156765226222626,0.013238357592092123,coforge,2026-07-27
digest,2026-07-28,coforge,it,1,13,0.0769230769230769,0.5,1570.0,1686.0,0.07388535031847132,0.01714117699529205,0.037900370352350166,0.07888493475682079,0.2994086464635844,0.5901529233279831,0.2,0.8,0.012424242424242421,0.06449883449883448,0.0,0.0,0.05193300022264989,0.0124716818518768,0.03323780834597714,0.07388535031847132,0.037900370352350166,0.05193300022264989,coforge,2026-07-28
digest,2026-07-29,coforge,it,6,28,0.2142857142857142,1.0,1720.0,1714.9000244140625,-0.0029651020848473486,0.018659979908119517,0.03621200927275958,0.05049855638991341,0.29630448307656343,0.5877539478224678,0.3,5.7,0.02011655011655011,0.19416916416916408,1.0,0.0,-0.004312623920730823,0.02433562196157996,0.03751973230267297,0.0029651020848473486,0.03621200927275958,0.004312623920730823,coforge,2026-07-29
digest,2026-07-30,coforge,it,3,29,0.1034482758620689,0.2142857142857142,1701.699951171875,1746.9000244140625,0.026561717423251086,-0.014826277435510238,0.014826277435510349,0.04699752386429501,0.2827072449525738,0.5835326518524878,0.9,2.1,0.041545121545121536,0.06190315431694736,1.0,0.0,0.027507366501297557,0.004894077297465245,0.024021683938570806,0.026561717423251086,0.014826277435510349,0.027507366501297557,coforge,2026-07-30
digest,2026-07-31,coforge,it,0,16,0.0,0.0,1710.0,1721.0,0.00643274853801179,0.027309703660662432,0.03195816385822203,0.052876234747240014,0.23738923885696867,0.5838859365828256,1.2,-1.2,0.05188994913132842,-0.05188994913132842,0.0,1.0,-0.0020891529595236016,0.002126019187752435,0.02614445076236256,0.00643274853801179,0.03195816385822203,0.0020891529595236016,coforge,2026-07-31
digest,2026-08-01,coforge,it,1,19,0.0526315789473684,0.5,1739.0,1768.0,0.016676250718803853,-0.010237542752227102,0.0237556561085972,0.02149321266968318,0.19545082748664563,0.5812911227489342,1.2,-0.19999999999999996,0.05188994913132842,0.0007416298160399792,0.0,0.0,-0.004477310701407111,0.017003033961176417,0.03125841317605915,0.016676250718803853,0.0237556561085972,0.004477310701407111,coforge,2026-08-01
digest,2026-08-02,coforge,it,0,4,0.0,0.0,1739.0,1768.0,0.016676250718803853,-0.010237542752227102,0.0237556561085972,0.02149321266968318,0.19545082748664563,0.5812911227489342,1.3,-1.3,0.05715310702606526,-0.05715310702606526,0.0,1.0,-0.004477310701407111,0.017003033961176417,0.03125841317605915,0.016676250718803853,0.0237556561085972,0.004477310701407111,coforge,2026-08-02
digest,2026-08-03,coforge,it,0,18,0.0,0.0,1739.0,1768.0,0.016676250718803853,-0.010237542752227102,0.0237556561085972,0.02149321266968318,0.19545082748664563,0.5812911227489342,1.2,-1.2,0.05381977369273193,-0.05381977369273193,0.0,1.0,-0.004477310701407111,0.017003033961176417,0.03125841317605915,0.016676250718803853,0.0237556561085972,0.004477310701407111,coforge,2026-08-03
digest,2026-08-04,coforge,it,0,23,0.0,0.0,1772.0,1749.9000244140625,-0.012471769518023423,0.015486585066487812,0.03948795623857149,0.01320074019295614,0.14527664735471085,0.5829865485885739,1.1,-1.1,0.044728864601822835,-0.044728864601822835,0.0,1.0,-0.003986378101674152,0.019665516701371358,0.035182064276879164,0.012471769518023423,0.03948795623857149,0.003986378101674152,coforge,2026-08-04
digest,2026-08-05,coforge,it,1,23,0.0434782608695652,0.125,1745.0999755859375,1777.0,0.018279768987648826,-0.0023635065683033085,0.013787281935846885,0.020315124133898355,0.1690792171476965,0.5560939757391624,1.1,-0.10000000000000009,0.044728864601822835,-0.0012506037322576324,0.0,0.0,0.019080410670209824,0.012919575149864082,0.04048819545300882,0.018279768987648826,0.013787281935846885,0.019080410670209824,coforge,2026-08-05
digest,2026-08-06,coforge,it,2,41,0.048780487804878,0.1428571428571428,1813.9000244140625,1772.800048828125,-0.02265834667443367,0.0018050265589681924,0.03170123512182044,0.06159744368467246,0.18113268115256137,0.5240877757514676,1.2,0.8,0.04907669068877936,-0.00029620288390135724,0.0,0.0,-0.012943528210409885,0.01874720223229258,0.06660563313167488,0.02265834667443367,0.03170123512182044,0.012943528210409885,coforge,2026-08-06
digest,2026-08-07,coforge,it,0,18,0.0,0.0,1772.800048828125,1776.0,0.0018050265589681924,0.019144144144144226,0.020270270270270174,0.06514636890308267,0.2128931131444327,0.5296306019615622,1.4,-1.4,0.053954739469267154,-0.053954739469267154,0.0,1.0,-0.012008114045613057,0.023307732488614542,0.08498584752547506,0.0018050265589681924,0.020270270270270174,0.012008114045613057,coforge,2026-08-07
digest,2026-08-08,coforge,it,1,9,0.1111111111111111,0.5,1783.0999755859375,1810.0,0.015086099928425467,0.004972375690607711,-0.0022099447513812542,0.0348066298342542,0.16778765789802008,0.5262192174820167,1.3,-0.30000000000000004,0.046262431776959476,0.06484867933415163,0.0,0.0,0.013555468520347742,0.014285752630461664,0.06072430555266684,0.015086099928425467,0.0022099447513812542,0.013555468520347742,coforge,2026-08-08
digest,2026-08-09,coforge,it,1,12,0.0833333333333333,1.0,1783.0999755859375,1810.0,0.015086099928425467,0.004972375690607711,-0.0022099447513812542,0.0348066298342542,0.16778765789802008,0.5262192174820167,0.8,0.19999999999999996,0.03594497145949916,0.04738836187383414,0.0,0.0,0.013555468520347742,0.014285752630461664,0.06072430555266684,0.015086099928425467,0.0022099447513812542,0.013555468520347742,coforge,2026-08-09
digest,2026-08-10,coforge,it,1,16,0.0625,0.3333333333333333,1783.0999755859375,1810.0,0.015086099928425467,0.004972375690607711,-0.0022099447513812542,0.0348066298342542,0.16778765789802008,0.5262192174820167,0.6,0.4,0.0339334772066256,0.028566522793374398,0.0,0.0,0.013555468520347742,0.014285752630461664,0.06072430555266684,0.015086099928425467,0.0022099447513812542,0.013555468520347742,coforge,2026-08-10
digest,2026-08-11,coforge,it,3,77,0.0389610389610389,0.2142857142857142,1820.0,1819.0,-0.0005494505494505475,-0.00962067069818584,-0.02528862012094557,0.04057176955916719,0.19913899714659455,0.2218679401460195,0.7,2.3,0.0401834772066256,-0.001222438245586703,1.0,0.0,-0.0033992803439038244,0.015704228946476613,0.06806785909558564,0.0005494505494505475,0.02528862012094557,0.0033992803439038244,coforge,2026-08-11
digest,2026-08-12,coforge,it,1,25,0.04,0.0833333333333333,1819.0,1801.5,-0.00962067069818584,0.015265056897030282,0.006439064993581711,0.043574798778795554,0.2710288671336084,0.23051708161572368,0.9,0.09999999999999998,0.038816423207992654,0.0011835767920073473,0.0,0.0,0.00536016984024232,0.02732951942685813,0.06667377381202502,0.00962067069818584,0.006439064993581711,0.00536016984024232,coforge,2026-08-12
digest,2026-08-13,coforge,it,2,45,0.0444444444444444,0.1333333333333333,1800.5,1829.0,0.015828936406553806,-0.009294696555494752,0.028977583378895666,0.039803197828389925,0.37313268446969466,0.22547252922720865,1.0,1.0,0.04281642320799265,0.0016280212364517474,0.0,0.0,0.010077819016613344,0.04648435441894014,0.0676989818387902,0.015828936406553806,0.028977583378895666,0.010077819016613344,coforge,2026-08-13
digest,2026-08-14,coforge,it,0,41,0.0,0.0,1830.0,1812.0,-0.00983606557377048,-0.0033112582781457123,0.0439845205142797,0.11181014105184195,0.3492848288078436,0.21345334691056592,1.2,-1.2,0.04726086765243709,-0.04726086765243709,0.0,1.0,-0.0069441921907488725,0.06082657137995317,0.10614590456138548,0.00983606557377048,0.0439845205142797,0.0069441921907488725,coforge,2026-08-14
digest,2026-08-15,coforge,it,0,5,0.0,0.0,1811.5,1806.0,-0.003036157880209722,-0.01827242524916939,0.03709856035437431,0.09928020422376793,0.3663896251479936,0.17708131079167286,1.2,-1.2,0.04726086765243709,-0.04726086765243709,0.0,1.0,0.004516853079625811,0.046816733563298754,0.09288750494839743,0.003036157880209722,0.03709856035437431,0.004516853079625811,coforge,2026-08-15
digest,2026-08-16,coforge,it,0,3,0.0,0.0,1811.5,1806.0,-0.003036157880209722,-0.01827242524916939,0.03709856035437431,0.09928020422376793,0.3663896251479936,0.17708131079167286,1.1,-1.1,0.04291304156548057,-0.04291304156548057,0.0,1.0,0.004516853079625811,0.046816733563298754,0.09288750494839743,0.003036157880209722,0.03709856035437431,0.004516853079625811,coforge,2026-08-16
digest,2026-08-17,coforge,it,2,31,0.064516129032258,0.1052631578947368,1811.5,1806.0,-0.003036157880209722,-0.01827242524916939,0.03709856035437431,0.09928020422376793,0.3663896251479936,0.17708131079167286,0.9,1.1,0.03803499278499277,0.026481136247265225,0.0,0.0,0.004516853079625811,0.046816733563298754,0.09288750494839743,0.003036157880209722,0.03709856035437431,0.004516853079625811,coforge,2026-08-17
digest,2026-08-18,coforge,it,1,59,0.0169491525423728,0.0714285714285714,1795.0,1773.0,-0.012256267409470722,0.022617019507015,0.06756911947440769,0.12177102335818524,0.287095597896022,0.1964027740142389,1.1,-0.10000000000000009,0.04448660568821857,-0.02753745314584577,0.0,0.0,0.003267404681854073,0.05362541561122373,0.08709808815912196,0.012256267409470722,0.06756911947440769,0.003267404681854073,coforge,2026-08-18
digest,2026-07-07,dalmia,cement,3,52,0.0576923076923076,0.1428571428571428,1788.699951171875,1788.800048828125,5.596112203409831e-05,-0.039356005418371254,-0.015149875288746673,0.04215110704695357,0.40665137626620584,0.204955538383912,0.8,2.2,0.01763945250704998,0.04005285518525762,1.0,0.0,0.004262618000896473,-0.0005556405864323155,0.014216705542863473,5.596112203409831e-05,0.015149875288746673,0.004262618000896473,dalmia,2026-07-07
digest,2026-07-08,dalmia,cement,2,82,0.024390243902439,0.125,1782.9000244140625,1718.4000244140625,-0.036177014480213154,0.013908300788235683,0.061859826144996966,0.08484632488731902,0.3218719627793962,0.26313602067240177,1.1666666666666667,0.8333333333333333,0.02431492837125958,7.53155311794193e-05,0.0,0.0,-0.01016536516672445,0.018093279323436073,0.03816938213357457,0.036177014480213154,0.061859826144996966,0.01016536516672445,dalmia,2026-07-08
digest,2026-07-09,dalmia,cement,0,23,0.0,0.0,1730.0,1742.300048828125,0.0071098548139449935,0.02536873668895545,0.050507947846978984,0.06451236824526885,0.32748176540564683,0.2697689524435125,1.2857142857142858,-1.2857142857142858,0.024325687732856642,-0.024325687732856642,0.0,1.0,-0.005469367382830714,0.022637480073477156,0.037700832713775057,0.0071098548139449935,0.050507947846978984,0.005469367382830714,dalmia,2026-07-09
digest,2026-07-10,dalmia,cement,0,22,0.0,0.0,1742.300048828125,1786.5,0.02536873668895545,-0.01645677269189061,0.02054293376539329,0.013602042445074236,0.30657189449627953,0.2949712117911025,1.125,-1.125,0.02128497676624956,-0.02128497676624956,0.0,1.0,0.012245989844706762,0.014830721299993133,0.012618163607837768,0.02536873668895545,0.02054293376539329,0.012245989844706762,dalmia,2026-07-10
digest,2026-07-12,dalmia,cement,0,2,0.0,0.0,1770.199951171875,1757.0999755859375,-0.007400280164545969,0.002617936173155755,0.05161918758318906,0.03949691274164402,0.24730171989206967,0.3030761568503675,1.0,-1.0,0.018919979347777387,-0.018919979347777387,0.0,1.0,-0.005138644192645092,0.02420386077288189,0.0194555859543096,0.007400280164545969,0.05161918758318906,0.005138644192645092,dalmia,2026-07-12
digest,2026-07-13,dalmia,cement,0,33,0.0,0.0,1770.199951171875,1757.0999755859375,-0.007400280164545969,0.002617936173155755,0.05161918758318906,0.03949691274164402,0.24730171989206967,0.3030761568503675,0.9,-0.9,0.01702798141299965,-0.01702798141299965,0.0,1.0,-0.005138644192645092,0.02420386077288189,0.0194555859543096,0.007400280164545969,0.05161918758318906,0.005138644192645092,dalmia,2026-07-13
digest,2026-07-14,dalmia,cement,1,35,0.0285714285714285,0.1,1755.0,1761.699951171875,0.0038176359953703276,0.0357609137458923,0.058182439031015054,0.028097860800343932,0.23904790422120423,0.30254728499786354,0.9,0.09999999999999998,0.01702798141299965,0.011543447158428852,0.0,0.0,0.0021876597348558513,0.015024902251545846,0.007620041608624839,0.0038176359953703276,0.058182439031015054,0.0021876597348558513,dalmia,2026-07-14
digest,2026-07-15,dalmia,cement,0,17,0.0,0.0,1772.0,1824.699951171875,0.029740378765166442,0.0030690512446462925,0.021647394671453712,-0.0009316332642982372,0.11008077241766648,0.3429355874128404,0.9,-0.9,0.018392586956709672,-0.018392586956709672,0.0,1.0,0.006472512498622185,0.018980632501805567,-0.0037356065251142323,0.029740378765166442,0.021647394671453712,0.006472512498622185,dalmia,2026-07-15
digest,2026-07-16,dalmia,cement,1,38,0.0263157894736842,0.125,1840.5,1830.300048828125,-0.005541945760323297,-0.0038791987471102907,0.013331094188284709,-0.019723595417791562,0.12944575208795106,0.3312141742585192,0.9,0.09999999999999998,0.018392586956709672,0.007923202516974526,0.0,0.0,0.000693113892902858,0.014503519243332041,-0.011706481177686912,0.005541945760323297,0.013331094188284709,0.000693113892902858,dalmia,2026-07-16
digest,2026-07-17,dalmia,cement,1,45,0.0222222222222222,1.0,1825.0,1823.199951171875,-0.0009863281249999911,0.013492813906910373,-0.006801175228081768,-0.012889425531684151,0.22988726387824684,0.3325423891565558,0.8,0.19999999999999996,0.01530988018979238,0.006912342032429819,0.0,0.0,0.0017645113667521528,-0.002148024879509852,-0.005490143514398499,0.0009863281249999911,0.006801175228081768,0.0017645113667521528,dalmia,2026-07-17
digest,2026-07-18,dalmia,cement,0,9,0.0,0.0,1829.5,1847.800048828125,0.010002759676482675,0.008875366333143564,-0.011527247681172859,-0.0017318287464149762,0.2122355496214666,0.3363862458879139,0.8,-0.8,0.015919199186208148,-0.015919199186208148,0.0,1.0,0.0009031889665214177,-0.00436488760476722,-0.009407425471181619,0.010002759676482675,0.011527247681172859,0.0009031889665214177,dalmia,2026-07-18
digest,2026-07-19,dalmia,cement,0,2,0.0,0.0,1829.5,1847.800048828125,0.010002759676482675,0.008875366333143564,-0.011527247681172859,-0.0017318287464149762,0.2122355496214666,0.3363862458879139,0.5,-0.5,0.010149968416977389,-0.010149968416977389,0.0,1.0,0.0009031889665214177,-0.00436488760476722,-0.009407425471181619,0.010002759676482675,0.011527247681172859,0.0009031889665214177,dalmia,2026-07-19
digest,2026-07-20,dalmia,cement,0,12,0.0,0.0,1829.5,1847.800048828125,0.010002759676482675,0.008875366333143564,-0.011527247681172859,-0.0017318287464149762,0.2122355496214666,0.3363862458879139,0.3,-0.3,0.0077109440267334895,-0.0077109440267334895,0.0,1.0,0.0009031889665214177,-0.00436488760476722,-0.009407425471181619,0.010002759676482675,0.011527247681172859,0.0009031889665214177,dalmia,2026-07-20
digest,2026-07-21,dalmia,cement,0,16,0.0,0.0,1856.800048828125,1864.199951171875,0.003985298443103913,0.0,-0.02843042666463058,-0.0199549147871666,0.18940386672034276,0.3363065353361561,0.3,-0.3,0.0077109440267334895,-0.0077109440267334895,0.0,1.0,-0.0026362093051709445,-0.006653812363335565,-0.008168901051756411,0.003985298443103913,0.02843042666463058,0.0026362093051709445,dalmia,2026-07-21
digest,2026-07-22,dalmia,cement,0,27,0.0,0.0,1873.0,1864.199951171875,-0.004698370970702137,-0.005096019873848889,-0.022100607365629354,-0.014000630978200923,0.20660981831404862,0.23628537714697803,0.3,-0.3,0.0077109440267334895,-0.0077109440267334895,0.0,1.0,0.010411305546017768,-0.022376467085198803,-0.026668263360496464,0.004698370970702137,0.022100607365629354,0.010411305546017768,dalmia,2026-07-22
digest,2026-07-23,dalmia,cement,1,30,0.0333333333333333,0.25,1864.9000244140625,1854.699951171875,-0.005469501372006413,-0.023669544130851095,-0.032619831559155266,-0.017361272453546905,0.22228443237689127,0.24277084461488427,0.3,0.7,0.0077109440267334895,0.02562238930659981,0.0,0.0,-0.005632835212016796,-0.026022113492563143,-0.01876532836785852,0.005469501372006413,0.032619831559155266,0.005632835212016796,dalmia,2026-07-23
digest,2026-07-24,dalmia,cement,1,11,0.0909090909090909,0.5,1854.9000244140625,1810.800048828125,-0.02377485309477423,0.008670173817388216,-0.006129941107210324,0.009167205179103188,0.16644525902888732,0.2595740812767372,0.4,0.6,0.011044277360066818,0.07986481354902408,0.0,0.0,-0.024491376294366235,-0.003541736753646746,0.0030303558133846498,0.02377485309477423,0.006129941107210324,0.024491376294366235,dalmia,2026-07-24
digest,2026-07-25,dalmia,cement,4,21,0.1904761904761904,1.0,1730.5999755859375,1826.5,0.05541432206572927,-0.008376703437243394,0.009909649923864006,0.010128661374212866,0.24753357234510104,0.24096076927369398,0.4,3.6,0.01727804359383306,0.17319814688235735,1.0,0.0,0.04185566042274444,-0.005081557913617474,0.011424632528580891,0.05541432206572927,0.009909649923864006,0.04185566042274444,dalmia,2026-07-25
digest,2026-07-26,dalmia,cement,2,12,0.1666666666666666,1.0,1730.5999755859375,1826.5,0.05541432206572927,-0.008376703437243394,0.009909649923864006,0.010128661374212866,0.24753357234510104,0.24096076927369398,0.8,1.2,0.0363256626414521,0.1303410040252145,0.0,0.0,0.04185566042274444,-0.005081557913617474,0.011424632528580891,0.05541432206572927,0.009909649923864006,0.04185566042274444,dalmia,2026-07-26
digest,2026-07-27,dalmia,cement,10,40,0.25,0.5882352941176471,1730.5999755859375,1826.5,0.05541432206572927,-0.008376703437243394,0.009909649923864006,0.010128661374212866,0.24753357234510104,0.24096076927369398,0.9,9.1,0.05036075036075034,0.19963924963924967,1.0,0.0,0.04185566042274444,-0.005081557913617474,0.011424632528580891,0.05541432206572927,0.009909649923864006,0.04185566042274444,dalmia,2026-07-27
digest,2026-07-28,dalmia,cement,1,13,0.0769230769230769,0.1666666666666666,1815.0,1811.199951171875,-0.0020936908143939226,0.00651504480247489,0.008723525427384304,0.01347174529144346,0.2507476098342081,0.24889656163593263,1.8,-0.8,0.07313852813852813,0.003784548784548772,0.0,0.0,-0.00026597020376967206,-0.0015533345436760104,0.02765535289620072,0.0020936908143939226,0.008723525427384304,0.00026597020376967206,dalmia,2026-07-28
digest,2026-07-29,dalmia,cement,1,28,0.0357142857142857,0.1666666666666666,1814.0,1823.0,0.004961411245865577,-0.015798161726892523,0.00828303652547313,0.010093266272113377,0.25025003580671834,0.17222057705892618,1.9,-0.8999999999999999,0.0808308358308358,-0.04511655011655011,0.0,0.0,-0.0019145757901449512,-0.004058242051430572,0.029708386972669282,0.004961411245865577,0.00828303652547313,0.0019145757901449512,dalmia,2026-07-29
digest,2026-07-30,dalmia,cement,1,29,0.0344827586206896,0.3333333333333333,1833.0,1794.199951171875,-0.021167511635638347,0.003065433145512886,0.015773074126794517,0.02251701343970902,0.22170621043503216,0.18800427443792123,2.0,-1.0,0.08440226440226438,-0.04991950578157478,0.0,0.0,-0.014358405568710209,0.007678695473208125,0.03981913733792211,0.021167511635638347,0.015773074126794517,0.014358405568710209,dalmia,2026-07-30
digest,2026-07-31,dalmia,cement,0,16,0.0,0.0,1816.5,1799.699951171875,-0.009248581793627864,0.024948616787384914,0.015391495245721698,0.023503945088502842,0.22173806560331147,0.1892130942789106,2.1,-2.1,0.08785054026433334,-0.08785054026433334,0.0,1.0,-0.0021331210576925885,0.0066915949081989,0.04418566632385801,0.009248581793627864,0.015391495245721698,0.0021331210576925885,dalmia,2026-07-31
digest,2026-08-01,dalmia,cement,1,19,0.0526315789473684,0.1666666666666666,1799.699951171875,1844.5999755859375,0.024948616787384914,-0.009541350872211085,0.00021686241968832398,-0.000325260540972816,0.13746344294779314,0.22035236725601745,2.1,-1.1,0.08785054026433334,-0.03521896131696494,0.0,0.0,0.0025557790438036077,0.01623209604380907,0.04650421296917093,0.024948616787384914,0.00021686241968832398,0.0025557790438036077,dalmia,2026-08-01
digest,2026-08-02,dalmia,cement,0,4,0.0,0.0,1799.699951171875,1844.5999755859375,0.024948616787384914,-0.009541350872211085,0.00021686241968832398,-0.000325260540972816,0.13746344294779314,0.22035236725601745,2.2,-2.2,0.09311369815907018,-0.09311369815907018,0.0,1.0,0.0025557790438036077,0.01623209604380907,0.04650421296917093,0.024948616787384914,0.00021686241968832398,0.0025557790438036077,dalmia,2026-08-02
digest,2026-08-03,dalmia,cement,0,18,0.0,0.0,1799.699951171875,1844.5999755859375,0.024948616787384914,-0.009541350872211085,0.00021686241968832398,-0.000325260540972816,0.13746344294779314,0.22035236725601745,2.1,-2.1,0.08978036482573684,-0.08978036482573684,0.0,1.0,0.0025557790438036077,0.01623209604380907,0.04650421296917093,0.024948616787384914,0.00021686241968832398,0.0025557790438036077,dalmia,2026-08-03
digest,2026-08-04,dalmia,cement,0,23,0.0,0.0,1844.199951171875,1827.0,-0.009326511022270334,0.006075520298816306,0.0047071568614873716,0.005528174923884688,0.12044061072333945,0.2187683910127589,2.0,-2.0,0.08068945573482775,-0.08068945573482775,0.0,1.0,-0.004070512866687304,0.02895884760307274,0.049350642849261245,0.009326511022270334,0.0047071568614873716,0.004070512866687304,dalmia,2026-08-04
digest,2026-08-05,dalmia,cement,2,23,0.0869565217391304,0.25,1839.0,1838.0999755859375,-0.000489409686820319,-0.008487011475512674,0.0017953587247467873,0.020075091074575502,0.11426303100386084,0.222364199438661,1.6,0.3999999999999999,0.06164183668720872,0.025314685051921686,0.0,0.0,-0.00454204352004281,0.03332233537821297,0.0750919296747194,0.000489409686820319,0.0017953587247467873,0.00454204352004281,dalmia,2026-08-05
digest,2026-08-06,dalmia,cement,1,41,0.024390243902439,0.125,1835.0,1822.5,-0.006811989100817484,0.002688627936385357,0.006639218428498017,0.040877914951989114,0.0941195070694103,0.22461639319600585,1.6,-0.6000000000000001,0.05367082219445509,-0.02928057829201609,0.0,0.0,0.009618045697169259,0.03193860723123895,0.07414255262493585,0.006811989100817484,0.006639218428498017,0.009618045697169259,dalmia,2026-08-06
digest,2026-08-07,dalmia,cement,1,18,0.0555555555555555,0.1428571428571428,1828.4000244140625,1827.4000244140625,-0.0005469262670352304,0.009631156479589453,0.007989479802386956,0.02878405104695303,0.09580435567468092,0.18834184925759115,0.7,0.30000000000000004,0.031109846584698998,0.0244457089708565,0.0,0.0,0.0040252951287900185,0.037212093559952225,0.06049813033710294,0.0005469262670352304,0.007989479802386956,0.0040252951287900185,dalmia,2026-08-07
digest,2026-08-08,dalmia,cement,0,9,0.0,0.0,1832.800048828125,1845.0,0.006656455067030054,-0.005094864181063641,-0.0005420054200542257,0.0043360433604335835,0.06495758868855223,0.18949930142455793,0.7,-0.7,0.028973094447946858,-0.028973094447946858,0.0,1.0,0.007983471117716773,0.03104981726921488,0.04708877802099312,0.006656455067030054,0.0005420054200542257,0.007983471117716773,dalmia,2026-08-08
digest,2026-08-09,dalmia,cement,0,12,0.0,0.0,1832.800048828125,1845.0,0.006656455067030054,-0.005094864181063641,-0.0005420054200542257,0.0043360433604335835,0.06495758868855223,0.18949930142455793,0.6,-0.6,0.025401665876518285,-0.025401665876518285,0.0,1.0,0.007983471117716773,0.03104981726921488,0.04708877802099312,0.006656455067030054,0.0005420054200542257,0.007983471117716773,dalmia,2026-08-09
digest,2026-08-10,dalmia,cement,0,16,0.0,0.0,1832.800048828125,1845.0,0.006656455067030054,-0.005094864181063641,-0.0005420054200542257,0.0043360433604335835,0.06495758868855223,0.18949930142455793,0.5,-0.5,0.021953390014449327,-0.021953390014449327,0.0,1.0,0.007983471117716773,0.03104981726921488,0.04708877802099312,0.006656455067030054,0.0005420054200542257,0.007983471117716773,dalmia,2026-08-10
digest,2026-08-11,dalmia,cement,2,77,0.0259740259740259,0.0909090909090909,1851.4000244140625,1835.5999755859375,-0.008534108577170074,0.003159756431285299,0.0008171715079268171,-0.00631944636098325,0.058826331791857214,0.18559328778365958,0.5,1.5,0.021953390014449327,0.0040206359595765725,0.0,0.0,0.010655741215583325,0.021109063869028638,0.017266760919425334,0.008534108577170074,0.0008171715079268171,0.010655741215583325,dalmia,2026-08-11
digest,2026-08-12,dalmia,cement,1,25,0.04,0.1666666666666666,1835.5999755859375,1841.4000244140625,0.003159756431285299,-0.0036928688704067625,0.01824697248857099,0.030737468684430835,0.15946012016375183,0.18375943084270177,0.6,0.4,0.019287634717115077,0.020712365282884924,0.0,0.0,0.0025862148448150546,0.042999386048792776,0.03467304996316292,0.003159756431285299,0.01824697248857099,0.0025862148448150546,dalmia,2026-08-12
digest,2026-08-13,dalmia,cement,1,45,0.0222222222222222,0.1,1832.199951171875,1834.5999755859375,0.0013099140257739617,0.004033590162726863,0.03401287759972482,0.022675229553871024,0.15206413037636562,0.16133495178517726,0.7,0.30000000000000004,0.023287634717115077,-0.0010654124948928784,0.0,0.0,0.009962694338968486,0.04267280705606921,0.02932460978297921,0.0013099140257739617,0.03401287759972482,0.009962694338968486,dalmia,2026-08-13
digest,2026-08-14,dalmia,cement,0,41,0.0,0.0,1843.699951171875,1842.0,-0.0009220324439421779,0.0010857763300760048,0.02062975027144409,0.0017915574528366562,0.18994632483724444,0.16154078659437837,0.8,-0.8,0.0255098569393373,-0.0255098569393373,0.0,1.0,0.005976769631289791,0.023515606637855097,0.01326837187948346,0.0009220324439421779,0.02062975027144409,0.005976769631289791,dalmia,2026-08-14
digest,2026-08-15,dalmia,cement,0,5,0.0,0.0,1856.4000244140625,1844.0,-0.006679607978337665,-0.0037418787494916117,0.0048806941431669415,0.006616025581277052,0.23252721467886134,0.10136954617408954,0.8,-0.8,0.0255098569393373,-0.0255098569393373,0.0,1.0,-0.0029177982959231186,0.016609634371575338,0.031997827124986805,0.006679607978337665,0.0048806941431669415,0.0029177982959231186,dalmia,2026-08-15
digest,2026-08-16,dalmia,cement,0,3,0.0,0.0,1856.4000244140625,1844.0,-0.006679607978337665,-0.0037418787494916117,0.0048806941431669415,0.006616025581277052,0.23252721467886134,0.10136954617408954,0.6,-0.6,0.016814204765424258,-0.016814204765424258,0.0,1.0,-0.0029177982959231186,0.016609634371575338,0.031997827124986805,0.006679607978337665,0.0048806941431669415,0.0029177982959231186,dalmia,2026-08-16
digest,2026-08-17,dalmia,cement,0,31,0.0,0.0,1856.4000244140625,1844.0,-0.006679607978337665,-0.0037418787494916117,0.0048806941431669415,0.006616025581277052,0.23252721467886134,0.10136954617408954,0.5,-0.5,0.014375180375180357,-0.014375180375180357,0.0,1.0,-0.0029177982959231186,0.016609634371575338,0.031997827124986805,0.006679607978337665,0.0048806941431669415,0.0029177982959231186,dalmia,2026-08-17
digest,2026-08-18,dalmia,cement,1,59,0.0169491525423728,0.0833333333333333,1850.0,1837.0999755859375,-0.006972986169763495,0.020630354862409828,-0.007130790789847574,-0.01660225377242852,0.2615736179795266,0.08960586381115337,0.4,0.6,0.008819624819624807,0.008129527722747994,0.0,0.0,-0.002547832917689924,-0.003782128968241233,0.008371337875551221,0.006972986169763495,0.007130790789847574,0.002547832917689924,dalmia,2026-08-18
digest,2026-07-07,dixon,ems,1,52,0.0192307692307692,0.5,13319.0,13242.0,-0.005781214805916313,-0.02325932638574235,0.009288627095604962,0.06615314907113734,0.38975585255786366,0.38787682299915244,1.0,0.0,0.027398720682302757,-0.008167951451533557,0.0,0.0,0.010340637323825175,-0.02013722931631634,0.03540299409902725,0.005781214805916313,0.009288627095604962,0.010340637323825175,dixon,2026-07-07
digest,2026-07-08,dixon,ems,3,82,0.0365853658536585,0.6,13160.0,12934.0,-0.017173252279635287,0.041982372042678184,0.0554352868408845,0.07329519096953763,0.3313525883498602,0.4230898598454623,1.0,2.0,0.0260373954403805,0.010547970413277999,1.0,0.0,-0.00656128799962454,0.009430603932396586,0.04275309736565276,0.017173252279635287,0.0554352868408845,0.00656128799962454,dixon,2026-07-08
digest,2026-07-09,dixon,ems,2,23,0.0869565217391304,0.2857142857142857,13153.0,13477.0,0.024633163536835756,-0.004155227424501029,0.07642650441492904,0.026118572382577643,0.4607466168374516,0.4491569027204163,1.2857142857142858,0.7142857142857142,0.02754424835656307,0.059412273382567334,0.0,0.0,-0.007593664002649568,0.041676444668412416,0.042572637665822186,0.024633163536835756,0.07642650441492904,0.007593664002649568,dixon,2026-07-09
digest,2026-07-10,dixon,ems,3,22,0.1363636363636363,1.0,13875.0,13421.0,-0.03272072072072074,0.005141196632143741,0.06765516727516574,0.03166679085016022,0.4851394214512927,0.4527142095407638,1.375,1.625,0.03497078252938399,0.10139285383425231,1.0,0.0,-0.02637926079968811,0.05829950114138618,0.06981040354594162,0.03272072072072074,0.06765516727516574,0.02637926079968811,dixon,2026-07-10
digest,2026-07-12,dixon,ems,0,2,0.0,0.0,13355.0,13490.0,0.010108573567952028,-0.009266123054114117,0.08146775389177163,0.023721275018532273,0.4797063629507061,0.42593424503485655,1.5555555555555556,-1.5555555555555556,0.04623665517763424,-0.04623665517763424,0.0,1.0,0.004470725306469765,0.06953663548926937,0.05448231784070627,0.010108573567952028,0.08146775389177163,0.004470725306469765,dixon,2026-07-12
digest,2026-07-13,dixon,ems,1,33,0.0303030303030303,1.0,13355.0,13490.0,0.010108573567952028,-0.009266123054114117,0.08146775389177163,0.023721275018532273,0.4797063629507061,0.42593424503485655,1.4,-0.3999999999999999,0.04161298965987082,-0.01130995935684052,0.0,0.0,0.004470725306469765,0.06953663548926937,0.05448231784070627,0.010108573567952028,0.08146775389177163,0.004470725306469765,dixon,2026-07-13
digest,2026-07-14,dixon,ems,2,35,0.0571428571428571,1.0,13390.0,13365.0,-0.0018670649738611322,0.02139917695473259,0.05634118967452295,0.04025439580995127,0.5749060328651053,0.4413487526373134,1.2,0.8,0.03392900697588814,0.02321385016696896,0.0,0.0,-0.006947949562393326,0.05483144665732894,0.07720296646169725,0.0018670649738611322,0.05634118967452295,0.006947949562393326,dixon,2026-07-14
digest,2026-07-15,dixon,ems,0,17,0.0,0.0,13580.0,13651.0,0.005228276877761395,0.06270602886235443,0.01692183722804197,0.045710936927697565,0.5969791262460896,0.4406998133207736,1.2,-1.2,0.03665821806330818,-0.03665821806330818,0.0,1.0,0.01294789526418949,0.03152709333725249,0.03634054364411665,0.005228276877761395,0.01692183722804197,0.01294789526418949,dixon,2026-07-15
digest,2026-07-16,dixon,ems,2,38,0.0526315789473684,0.2857142857142857,14101.0,14507.0,0.02879228423516067,-0.012269938650306789,-0.04673605845453921,-0.011649548493830597,0.2943593843478545,0.4967476425350113,1.2,0.8,0.03665821806330818,0.01597336088406022,0.0,0.0,0.0038283818791715225,0.0024233010206370365,0.0025272869983088975,0.02879228423516067,0.04673605845453921,0.0038283818791715225,dixon,2026-07-16
digest,2026-07-17,dixon,ems,2,45,0.0444444444444444,0.25,14499.0,14329.0,-0.011724946548037796,0.018145020587619465,-0.0337078651685393,-0.019540791402051783,0.30154793192369617,0.5159520265163218,1.4,0.6000000000000001,0.04192137595804502,0.0025230684863993755,0.0,0.0,0.010668661745268666,0.013010767618654738,-0.037021134429030975,0.011724946548037796,0.0337078651685393,0.010668661745268666,dixon,2026-07-17
digest,2026-07-18,dixon,ems,0,9,0.0,0.0,14300.0,14589.0,0.02020979020979019,-0.032284597984783,-0.05339639454383438,-0.04777572143395714,0.21842252503832707,0.4235682692756008,1.6,-1.6,0.04636582040248946,-0.04636582040248946,0.0,1.0,0.016081252810512963,-0.011862561564950247,-0.05903174478530373,0.02020979020979019,0.05339639454383438,0.016081252810512963,dixon,2026-07-18
digest,2026-07-19,dixon,ems,0,2,0.0,0.0,14300.0,14589.0,0.02020979020979019,-0.032284597984783,-0.05339639454383438,-0.04777572143395714,0.21842252503832707,0.4235682692756008,1.5,-1.5,0.04444274347941254,-0.04444274347941254,0.0,1.0,0.016081252810512963,-0.011862561564950247,-0.05903174478530373,0.02020979020979019,0.05339639454383438,0.016081252810512963,dixon,2026-07-19
digest,2026-07-20,dixon,ems,0,12,0.0,0.0,14300.0,14589.0,0.02020979020979019,-0.032284597984783,-0.05339639454383438,-0.04777572143395714,0.21842252503832707,0.4235682692756008,1.2,-1.2,0.040784206894046694,-0.040784206894046694,0.0,1.0,0.016081252810512963,-0.011862561564950247,-0.05903174478530373,0.02020979020979019,0.05339639454383438,0.016081252810512963,dixon,2026-07-20
digest,2026-07-21,dixon,ems,0,16,0.0,0.0,14573.0,14118.0,-0.031222123104371113,-0.01671624876044764,-0.015228785947018042,-0.009208103130755041,0.13784366435018267,0.46974857615163645,1.0,-1.0,0.03208855472013365,-0.03208855472013365,0.0,1.0,-0.021908840976372856,0.023492201221818776,-0.045614602094451374,0.031222123104371113,0.015228785947018042,0.021908840976372856,dixon,2026-07-21
digest,2026-07-22,dixon,ems,0,27,0.0,0.0,14139.0,13882.0,-0.018176674446566232,-0.0038178936752629733,0.02831004178072316,0.030831292320991244,0.19825971210909804,0.45904618249015167,0.7,-0.7,0.01845219108377002,-0.01845219108377002,0.0,1.0,-0.0018552408963979916,0.0033772857725083982,-0.03266086561631325,0.018176674446566232,0.02831004178072316,0.0018552408963979916,dixon,2026-07-22
digest,2026-07-23,dixon,ems,0,30,0.0,0.0,13850.0,13829.0,-0.0015162454873646203,0.0012293007448116455,0.03680671053583051,0.026827680960300748,0.1813596418623764,0.4184040984288757,0.7,-0.7,0.01845219108377002,-0.01845219108377002,0.0,1.0,-0.003590429514216009,-0.00031520226173159527,-0.02524558812051514,0.0015162454873646203,0.03680671053583051,0.003590429514216009,dixon,2026-07-23
digest,2026-07-24,dixon,ems,0,11,0.0,0.0,13750.0,13846.0,0.0069818181818182,-0.002600028889209849,0.014661274014155623,0.025566950743897143,0.26891893952793633,0.41673589384681486,0.6,-0.6,0.01542188805346699,-0.01542188805346699,0.0,1.0,0.018061050306992343,-0.05328316896944589,-0.07437271870811273,0.0069818181818182,0.014661274014155623,0.018061050306992343,dixon,2026-07-24
digest,2026-07-25,dixon,ems,0,21,0.0,0.0,13951.0,13810.0,-0.010106802379757696,0.006734250543084741,0.0059377262853004265,0.02208544532947143,0.2865416616350916,0.417654952104315,0.4,-0.4,0.00970760233918128,-0.00970760233918128,0.0,1.0,-0.005792528256869674,-0.04937249983277029,-0.06267089360938867,0.010106802379757696,0.0059377262853004265,0.005792528256869674,dixon,2026-07-25
digest,2026-07-26,dixon,ems,0,12,0.0,0.0,13951.0,13810.0,-0.010106802379757696,0.006734250543084741,0.0059377262853004265,0.02208544532947143,0.2865416616350916,0.417654952104315,0.4,-0.4,0.00970760233918128,-0.00970760233918128,0.0,1.0,-0.005792528256869674,-0.04937249983277029,-0.06267089360938867,0.010106802379757696,0.0059377262853004265,0.005792528256869674,dixon,2026-07-26
digest,2026-07-27,dixon,ems,0,40,0.0,0.0,13951.0,13810.0,-0.010106802379757696,0.006734250543084741,0.0059377262853004265,0.02208544532947143,0.2865416616350916,0.417654952104315,0.2,-0.2,0.00444444444444444,-0.00444444444444444,0.0,1.0,-0.005792528256869674,-0.04937249983277029,-0.06267089360938867,0.010106802379757696,0.0059377262853004265,0.005792528256869674,dixon,2026-07-27
digest,2026-07-28,dixon,ems,0,13,0.0,0.0,13800.0,13903.0,0.00746376811594196,0.02675681507588301,0.0061137883909947455,0.008631230669639667,0.2867542720042556,0.412562543022485,0.0,0.0,0.0,0.0,0.0,1.0,0.014957162377102262,-0.07174922504274688,-0.07819804800655906,0.00746376811594196,0.0061137883909947455,0.014957162377102262,dixon,2026-07-28
digest,2026-07-29,dixon,ems,0,28,0.0,0.0,13950.0,14275.0,0.023297491039426577,0.0044133099824867905,0.0024518388791594514,-0.03327495621716292,0.266399021733653,0.41961372293097715,0.0,0.0,0.0,0.0,0.0,1.0,-0.015583779335850534,-0.03559187392360832,-0.07200649740664317,0.023297491039426577,0.0024518388791594514,0.015583779335850534,dixon,2026-07-29
digest,2026-07-30,dixon,ems,0,29,0.0,0.0,14282.0,14338.0,0.00392101946506096,-0.020156228204770588,-0.009624773329613645,-0.021132654484586455,0.26932804665212234,0.2695181450700072,0.0,0.0,0.0,0.0,0.0,1.0,-0.003730811344285305,-0.0235566279391655,-0.04652502364100948,0.00392101946506096,0.009624773329613645,0.003730811344285305,dixon,2026-07-30
digest,2026-07-31,dixon,ems,1,16,0.0625,0.5,14335.0,14049.0,-0.019951168468782754,-0.011175172610150219,0.010748095949889569,0.005765534913517056,0.21549831674017253,0.2813651877362087,0.0,1.0,0.0,0.0625,0.0,0.0,-0.026322491795644443,-0.019456492779560946,-0.004870043444091291,0.019951168468782754,0.010748095949889569,0.026322491795644443,dixon,2026-07-31
digest,2026-08-01,dixon,ems,2,19,0.1052631578947368,0.6666666666666666,13875.0,13892.0,0.0012252252252251683,0.0069104520587388585,0.016052404261445385,0.009573855456377789,0.19759176187364802,0.26083165518994966,0.1,1.9,0.00625,0.09901315789473679,0.0,0.0,0.0133038544259693,-0.01315599923647361,-0.02343069188325423,0.0012252252252251683,0.016052404261445385,0.0133038544259693,dixon,2026-08-01
digest,2026-08-02,dixon,ems,1,4,0.25,1.0,13875.0,13892.0,0.0012252252252251683,0.0069104520587388585,0.016052404261445385,0.009573855456377789,0.19759176187364802,0.26083165518994966,0.3,0.7,0.016776315789473677,0.23322368421052633,0.0,0.0,0.0133038544259693,-0.01315599923647361,-0.02343069188325423,0.0012252252252251683,0.016052404261445385,0.0133038544259693,dixon,2026-08-02
digest,2026-08-03,dixon,ems,2,18,0.1111111111111111,1.0,13875.0,13892.0,0.0012252252252251683,0.0069104520587388585,0.016052404261445385,0.009573855456377789,0.19759176187364802,0.26083165518994966,0.4,1.6,0.041776315789473675,0.06933479532163743,0.0,0.0,0.0133038544259693,-0.01315599923647361,-0.02343069188325423,0.0012252252252251683,0.016052404261445385,0.0133038544259693,dixon,2026-08-03
digest,2026-08-04,dixon,ems,1,23,0.0434782608695652,1.0,13900.0,13988.0,0.0063309352517986195,0.023019731198169913,0.002502144695453179,0.011581355447526365,0.20479197529904786,0.21525787778585473,0.6,0.4,0.05288742690058479,-0.009409166031019586,0.0,0.0,-0.007538178328399739,-0.005956052136424805,-0.02070027438656178,0.0063309352517986195,0.002502144695453179,0.007538178328399739,dixon,2026-08-04
digest,2026-08-05,dixon,ems,0,23,0.0,0.0,14055.0,14310.0,0.018143009605122717,-0.007686932215234088,-0.03563941299790352,0.010621942697414344,0.09041058671586824,0.22539332931468273,0.7,-0.7,0.057235252987541306,-0.057235252987541306,0.0,1.0,0.018246843949842845,-0.035363570882501784,-0.027206080631695106,0.018143009605122717,0.03563941299790352,0.018246843949842845,dixon,2026-08-05
digest,2026-08-06,dixon,ems,0,41,0.0,0.0,14310.0,14200.0,-0.007686932215234088,0.0,-0.011619718309859195,0.045774647887323994,0.1936591983104089,0.2295322889121278,0.7,-0.7,0.057235252987541306,-0.057235252987541306,0.0,1.0,0.004375644454022795,-0.022966251419584194,-0.002988518304654131,0.007686932215234088,0.011619718309859195,0.004375644454022795,dixon,2026-08-06
digest,2026-08-07,dixon,ems,0,18,0.0,0.0,14200.0,14200.0,0.0,-0.005985915492957794,-0.004929577464788726,0.045774647887323994,0.20433722076995361,0.22984225985557255,0.7,-0.7,0.057235252987541306,-0.057235252987541306,0.0,1.0,-0.023935180065054944,0.01431775805286491,0.026311419603157544,0.0,0.004929577464788726,0.023935180065054944,dixon,2026-08-07
digest,2026-08-08,dixon,ems,0,9,0.0,0.0,14200.0,14115.0,-0.005985915492957794,-0.006517888770811164,-0.006376195536663132,0.03223521076868585,0.20683578882571632,0.23260790597644124,0.7,-0.7,0.057235252987541306,-0.057235252987541306,0.0,1.0,-0.010463135920904826,-0.009748826675929393,0.01142714145963697,0.005985915492957794,0.006376195536663132,0.010463135920904826,dixon,2026-08-08
digest,2026-08-09,dixon,ems,1,12,0.0833333333333333,0.2,14200.0,14115.0,-0.005985915492957794,-0.006517888770811164,-0.006376195536663132,0.03223521076868585,0.20683578882571632,0.23260790597644124,0.7,0.30000000000000004,0.057235252987541306,0.026098080345791995,0.0,0.0,-0.010463135920904826,-0.009748826675929393,0.01142714145963697,0.005985915492957794,0.006376195536663132,0.010463135920904826,dixon,2026-08-09
digest,2026-08-10,dixon,ems,0,16,0.0,0.0,14200.0,14115.0,-0.005985915492957794,-0.006517888770811164,-0.006376195536663132,0.03223521076868585,0.20683578882571632,0.23260790597644124,0.8,-0.8,0.06556858632087463,-0.06556858632087463,0.0,1.0,-0.010463135920904826,-0.009748826675929393,0.01142714145963697,0.005985915492957794,0.006376195536663132,0.010463135920904826,dixon,2026-08-10
digest,2026-08-11,dixon,ems,2,77,0.0259740259740259,0.2857142857142857,14115.0,14023.0,-0.006517888770811164,-0.01590244598160162,0.009056549953647686,0.06895814019824575,0.2108622691583595,0.23500787972466208,0.7,1.3,0.05931858632087463,-0.03334456034684873,0.0,0.0,-0.0002263205451828636,-0.013266558259712975,0.03441216224481899,0.006517888770811164,0.009056549953647686,0.0002263205451828636,dixon,2026-08-11
digest,2026-08-12,dixon,ems,0,25,0.0,0.0,14061.0,13800.0,-0.018561979944527462,0.017028985507246297,0.04797101449275365,0.06775362318840572,0.17900788723659322,0.19863603216954026,0.7,-0.7,0.05138967312880355,-0.05138967312880355,0.0,1.0,-0.017495593704515294,0.010975954409051102,0.0211916909146043,0.018561979944527462,0.04797101449275365,0.017495593704515294,dixon,2026-08-12
digest,2026-08-13,dixon,ems,2,45,0.0444444444444444,0.3333333333333333,13840.0,14035.0,0.014089595375722519,0.006768792304951976,0.058069112931955935,0.04816530103313155,0.21499576414233015,0.22118317607490398,0.6,1.4,0.026389673128803547,0.01805477131564085,0.0,0.0,0.015019669813098657,0.022682361911495696,-0.009472682327910965,0.014089595375722519,0.058069112931955935,0.015019669813098657,dixon,2026-08-13
digest,2026-08-14,dixon,ems,2,41,0.048780487804878,0.1818181818181818,14009.0,14130.0,0.008637304589906414,-0.007430997876857748,0.05095541401273884,0.03680113234253368,0.22913777378817898,0.19971254460796187,0.6,1.4,0.01972300646213688,0.029057481342741123,0.0,0.0,0.01478046616960636,0.011248225957320133,-0.014483271839444457,0.008637304589906414,0.05095541401273884,0.01478046616960636,dixon,2026-08-14
digest,2026-08-15,dixon,ems,0,5,0.0,0.0,14190.0,14025.0,-0.011627906976744207,0.00891265597147961,0.03885918003565059,0.05882352941176472,0.2903045044630469,0.19431879376329406,0.7,-0.7,0.02025322915566816,-0.02025322915566816,0.0,1.0,-0.018353707323372676,0.0216806016981763,0.026241178781431194,0.011627906976744207,0.03885918003565059,0.018353707323372676,dixon,2026-08-15
digest,2026-08-16,dixon,ems,0,3,0.0,0.0,14190.0,14025.0,-0.011627906976744207,0.00891265597147961,0.03885918003565059,0.05882352941176472,0.2903045044630469,0.19431879376329406,0.7,-0.7,0.020253229155668163,-0.020253229155668163,0.0,1.0,-0.018353707323372676,0.0216806016981763,0.026241178781431194,0.011627906976744207,0.03885918003565059,0.018353707323372676,dixon,2026-08-16
digest,2026-08-17,dixon,ems,0,31,0.0,0.0,14190.0,14025.0,-0.011627906976744207,0.00891265597147961,0.03885918003565059,0.05882352941176472,0.2903045044630469,0.19431879376329406,0.7,-0.7,0.020253229155668163,-0.020253229155668163,0.0,1.0,-0.018353707323372676,0.0216806016981763,0.026241178781431194,0.011627906976744207,0.03885918003565059,0.018353707323372676,dixon,2026-08-17
digest,2026-08-18,dixon,ems,2,59,0.0338983050847457,0.1818181818181818,14100.0,14150.0,0.0035460992907800915,0.02204946996466428,0.05936395759717317,0.02197879858657248,0.32724164044324305,0.19626826315153983,0.7,1.3,0.020253229155668163,0.013645075929077537,0.0,0.0,-0.007070678981424383,0.04617437518517838,0.020891512197163193,0.0035460992907800915,0.05936395759717317,0.007070678981424383,dixon,2026-08-18
digest,2026-07-07,hcl_tech,it,0,52,0.0,0.0,1135.0,1168.199951171875,0.029251058301211552,-0.01934598230659612,-0.0012840267614249168,0.06103411385747837,0.557363843177926,0.4661522242617753,2.2,-2.2,0.04092647362267002,-0.04092647362267002,0.0,1.0,0.010407548049474465,-0.023489613906517954,0.0349096811121002,0.029251058301211552,0.0012840267614249168,0.010407548049474465,hcl_tech,2026-07-07
digest,2026-07-08,hcl_tech,it,1,82,0.0121951219512195,0.0909090909090909,1165.0,1145.5999755859375,-0.016652381471298328,0.00418998684568761,0.019553094353555345,0.08004545670078755,0.5303519424896022,0.4827663557991652,1.8333333333333333,-0.8333333333333333,0.03410539468555835,-0.021910272734338848,0.0,0.0,0.001672614172783124,-0.02086811561510714,0.05096009636563045,0.016652381471298328,0.019553094353555345,0.001672614172783124,hcl_tech,2026-07-08
digest,2026-07-09,hcl_tech,it,0,23,0.0,0.0,1144.0999755859375,1150.4000244140625,0.005506554464262292,0.011908858554530166,0.032162725325779906,0.08197142277169434,0.5374315034341615,0.47540433964934814,1.7142857142857142,-1.7142857142857142,0.03097535572350994,-0.03097535572350994,0.0,1.0,0.0010138759630862878,-0.007889625428292378,0.061108991665307394,0.005506554464262292,0.032162725325779906,0.0010138759630862878,hcl_tech,2026-07-09
digest,2026-07-10,hcl_tech,it,1,22,0.0454545454545454,0.1111111111111111,1173.0,1164.0999755859375,-0.007587403592551167,0.04905074889052963,0.034189545282046874,0.09183062164420663,0.538802324978072,0.47577879400192546,1.5,-0.5,0.027103436258071198,0.018351109196474202,0.0,0.0,-0.015929132614620495,0.011193990075501627,0.07594099197033607,0.007587403592551167,0.034189545282046874,0.015929132614620495,hcl_tech,2026-07-10
digest,2026-07-12,hcl_tech,it,0,2,0.0,0.0,1162.0,1221.199951171875,0.05094660169696641,-0.044628236307822755,8.1966639577713e-05,0.06116940405255056,0.4101625176243322,0.520905686985314,1.4444444444444444,-1.4444444444444444,0.02914244839101278,-0.02914244839101278,0.0,1.0,0.020089632058683075,0.0046828883646548285,0.05401071212098277,0.05094660169696641,8.1966639577713e-05,0.020089632058683075,hcl_tech,2026-07-12
digest,2026-07-13,hcl_tech,it,1,33,0.0303030303030303,0.1111111111111111,1162.0,1221.199951171875,0.05094660169696641,-0.044628236307822755,8.1966639577713e-05,0.06116940405255056,0.4101625176243322,0.520905686985314,1.3,-0.30000000000000004,0.0262282035519115,0.004074826751118799,0.0,0.0,0.020089632058683075,0.0046828883646548285,0.05401071212098277,0.05094660169696641,8.1966639577713e-05,0.020089632058683075,hcl_tech,2026-07-13
digest,2026-07-14,hcl_tech,it,10,35,0.2857142857142857,0.7692307692307693,1200.0,1166.699951171875,-0.027750040690104116,0.0011142957765784,0.06239826165673712,0.1301963064809326,0.09964055364723917,0.5611692294786635,1.3,8.7,0.025687078010785958,0.26002720770349974,1.0,0.0,-0.013793556192629385,0.05860833194233751,0.07557193792289045,0.027750040690104116,0.06239826165673712,0.013793556192629385,hcl_tech,2026-07-14
digest,2026-07-15,hcl_tech,it,1,17,0.0588235294117647,0.0909090909090909,1157.0,1168.0,0.009507346585998278,0.016609609943546655,0.05933223358572337,0.15094182262681932,0.11992790949302697,0.5083448437910536,1.9,-0.8999999999999999,0.04828835732848319,0.010535172083281509,0.0,0.0,0.0034332758204675623,0.06992710030490056,0.0742514990462521,0.009507346585998278,0.05933223358572337,0.0034332758204675623,hcl_tech,2026-07-15
digest,2026-07-16,hcl_tech,it,2,38,0.0526315789473684,0.0909090909090909,1175.4000244140625,1187.4000244140625,0.010209290242257696,0.013895906738036423,0.04825663262562907,0.1392116585473222,0.11571726670375589,0.48186365833992384,2.0,0.0,0.05417071026965966,-0.0015391313222912623,0.0,0.0,0.010658109347842153,0.06682668478818513,0.07250166027446883,0.010209290242257696,0.04825663262562907,0.010658109347842153,hcl_tech,2026-07-16
digest,2026-07-17,hcl_tech,it,3,45,0.0666666666666666,0.2,1197.800048828125,1203.9000244140625,0.0050926493047862564,0.014453047646154182,0.055735504797082225,0.11878062721163074,0.14157068448910345,0.4090231474232982,2.1,0.8999999999999999,0.05657672530725365,0.010089941359412949,0.0,0.0,0.004069864220021629,0.06251656409240675,0.06761820523125647,0.0050926493047862564,0.055735504797082225,0.004069864220021629,hcl_tech,2026-07-17
digest,2026-07-18,hcl_tech,it,1,9,0.1111111111111111,0.3333333333333333,1205.0,1221.300048828125,0.013527011475622297,0.014902112866808093,0.061082430691391965,0.12748705882823308,0.15377952644213125,0.40688377137282,1.9,-0.8999999999999999,0.055178875844888065,0.05593223526622304,0.0,0.0,0.014647579878693525,0.04928908145808493,0.04777015913994648,0.013527011475622297,0.061082430691391965,0.014647579878693525,hcl_tech,2026-07-18
digest,2026-07-19,hcl_tech,it,0,2,0.0,0.0,1205.0,1221.300048828125,0.013527011475622297,0.014902112866808093,0.061082430691391965,0.12748705882823308,0.15377952644213125,0.40688377137282,2.0,-2.0,0.06628998695599916,-0.06628998695599916,0.0,1.0,0.014647579878693525,0.04928908145808493,0.04777015913994648,0.013527011475622297,0.061082430691391965,0.014647579878693525,hcl_tech,2026-07-19
digest,2026-07-20,hcl_tech,it,0,12,0.0,0.0,1205.0,1221.300048828125,0.013527011475622297,0.014902112866808093,0.061082430691391965,0.12748705882823308,0.15377952644213125,0.40688377137282,1.9,-1.9,0.06507047476087721,-0.06507047476087721,0.0,1.0,0.014647579878693525,0.04928908145808493,0.04777015913994648,0.013527011475622297,0.061082430691391965,0.014647579878693525,hcl_tech,2026-07-20
digest,2026-07-21,hcl_tech,it,0,16,0.0,0.0,1219.0,1239.5,0.016817063166529866,-0.0017748698441911737,0.06381603516412859,0.10520373087056267,0.1579875900319385,0.3905047686059103,1.9,-1.9,0.06507047476087721,-0.06507047476087721,0.0,1.0,0.02128063050170969,0.01316863612285716,0.0277757075094541,0.016817063166529866,0.06381603516412859,0.02128063050170969,hcl_tech,2026-07-21
digest,2026-07-22,hcl_tech,it,1,27,0.037037037037037,0.2,1243.800048828125,1237.300048828125,-0.005225920360852343,0.005980685405095221,0.08647861939498203,0.0910853848899591,0.0976403029877341,0.3675904439984385,1.8,-0.8,0.06052502021542268,-0.023487983178385678,0.0,0.0,0.010891440508956313,-0.0017441580950165736,-0.009862766009422791,0.005225920360852343,0.08647861939498203,0.010891440508956313,hcl_tech,2026-07-22
digest,2026-07-23,hcl_tech,it,0,30,0.0,0.0,1236.0,1244.699951171875,0.007038795446500767,0.02112962951702846,0.0867678992823282,0.07254764390655621,0.09578139158390707,0.36718424431370145,1.9,-1.9,0.06422872391912637,-0.06422872391912637,0.0,1.0,0.012556404387114771,-0.0002565800894367143,-0.02508281064833072,0.007038795446500767,0.0867678992823282,0.012556404387114771,hcl_tech,2026-07-23
digest,2026-07-24,hcl_tech,it,0,11,0.0,0.0,1237.0,1271.0,0.027485852869846505,0.019590892536634597,0.05971677766645356,0.06734852524463997,0.16689286302252254,0.3727024919116323,1.8,-1.8,0.061198420888823345,-0.061198420888823345,0.0,1.0,-5.092046221048807e-05,0.0011840873729867113,-0.022680376363507657,0.027485852869846505,0.05971677766645356,5.092046221048807e-05,hcl_tech,2026-07-24
digest,2026-07-25,hcl_tech,it,0,21,0.0,0.0,1284.5999755859375,1295.9000244140625,0.008796550710637119,0.01751674569351036,0.06258196933255444,0.04730297523185012,0.1759914822226228,0.30793654634423195,0.8,-0.8,0.032626992317394785,-0.032626992317394785,0.0,1.0,3.556065039732846e-05,-0.004359555032130383,-0.026853519606354334,0.008796550710637119,0.06258196933255444,3.556065039732846e-05,hcl_tech,2026-07-25
digest,2026-07-26,hcl_tech,it,0,12,0.0,0.0,1284.5999755859375,1295.9000244140625,0.008796550710637119,0.01751674569351036,0.06258196933255444,0.04730297523185012,0.1759914822226228,0.30793654634423195,0.7,-0.7,0.02674463937621831,-0.02674463937621831,0.0,1.0,3.556065039732846e-05,-0.004359555032130383,-0.026853519606354334,0.008796550710637119,0.06258196933255444,3.556065039732846e-05,hcl_tech,2026-07-26
digest,2026-07-27,hcl_tech,it,0,40,0.0,0.0,1284.5999755859375,1295.9000244140625,0.008796550710637119,0.01751674569351036,0.06258196933255444,0.04730297523185012,0.1759914822226228,0.30793654634423195,0.5,-0.5,0.02148148148148147,-0.02148148148148147,0.0,1.0,3.556065039732846e-05,-0.004359555032130383,-0.026853519606354334,0.008796550710637119,0.06258196933255444,3.556065039732846e-05,hcl_tech,2026-07-27
digest,2026-07-28,hcl_tech,it,0,13,0.0,0.0,1301.0,1318.5999755859375,0.013528036576431646,0.019490424479014168,0.03890493688605523,0.03549222637239069,0.2046292357023567,0.12454699644424315,0.2,-0.2,0.014814814814814808,-0.014814814814814808,0.0,1.0,-0.008424313519389787,0.013476248385581865,-0.010154900038452958,0.013528036576431646,0.03890493688605523,0.008424313519389787,hcl_tech,2026-07-28
digest,2026-07-29,hcl_tech,it,0,28,0.0,0.0,1344.0,1344.300048828125,0.00022325061616434994,0.006248532350402458,0.004240088495752081,0.01569588248124454,0.22311621927569936,0.11165897231610779,0.1,-0.1,0.0037037037037037,-0.0037037037037037,0.0,1.0,-0.0011242712197191247,-0.007636298815427541,0.002717058394004098,0.00022325061616434994,0.004240088495752081,0.0011242712197191247,hcl_tech,2026-07-29
digest,2026-07-30,hcl_tech,it,1,29,0.0344827586206896,0.0714285714285714,1349.0,1352.699951171875,0.0027427362282246293,-0.004287666864176254,-0.013084905604188957,0.012789272900570081,0.2309227616259748,0.11731559226021568,0.1,0.9,0.0037037037037037,0.0307790549169859,0.0,0.0,0.0036883853062711015,-0.023017105742234062,-0.010186567025154122,0.0027427362282246293,0.013084905604188957,0.0036883853062711015,hcl_tech,2026-07-30
digest,2026-07-31,hcl_tech,it,0,16,0.0,0.0,1317.699951171875,1346.9000244140625,0.02215988034014793,0.0223475945061562,0.007201686091062864,0.00972601926533967,0.2644789388326925,0.14604376684806006,0.2,-0.2,0.007151979565772659,-0.007151979565772659,0.0,1.0,0.013637978842612539,-0.022630458579406734,-0.017005764719537783,0.02215988034014793,0.007201686091062864,0.013637978842612539,hcl_tech,2026-07-31
digest,2026-08-01,hcl_tech,it,0,19,0.0,0.0,1352.0,1377.0,0.01849112426035493,-0.0051561187987926305,-0.014379120427105985,-0.03776325344952791,0.19162792236535822,0.1558276516599479,0.2,-0.2,0.007151979565772659,-0.007151979565772659,0.0,1.0,-0.002662437159856035,-0.02113174257452677,-0.02799805294315194,0.01849112426035493,0.014379120427105985,0.002662437159856035,hcl_tech,2026-08-01
digest,2026-08-02,hcl_tech,it,0,4,0.0,0.0,1352.0,1377.0,0.01849112426035493,-0.0051561187987926305,-0.014379120427105985,-0.03776325344952791,0.19162792236535822,0.1558276516599479,0.1,-0.1,0.00344827586206896,-0.00344827586206896,0.0,1.0,-0.002662437159856035,-0.02113174257452677,-0.02799805294315194,0.01849112426035493,0.014379120427105985,0.002662437159856035,hcl_tech,2026-08-02
digest,2026-08-03,hcl_tech,it,0,18,0.0,0.0,1352.0,1377.0,0.01849112426035493,-0.0051561187987926305,-0.014379120427105985,-0.03776325344952791,0.19162792236535822,0.1558276516599479,0.1,-0.1,0.00344827586206896,-0.00344827586206896,0.0,1.0,-0.002662437159856035,-0.02113174257452677,-0.02799805294315194,0.01849112426035493,0.014379120427105985,0.002662437159856035,hcl_tech,2026-08-03
digest,2026-08-04,hcl_tech,it,2,23,0.0869565217391304,0.2222222222222222,1375.699951171875,1369.9000244140625,-0.004215982382547834,-0.014526625344483901,-0.003284911248851774,-0.052485599775659364,0.19941245582494838,0.1768890046974112,0.1,1.9,0.00344827586206896,0.08350824587706145,0.0,0.0,0.004269409033801437,-0.023107350786051903,-0.03050427569173634,0.004215982382547834,0.003284911248851774,0.004269409033801437,hcl_tech,2026-08-04
digest,2026-08-05,hcl_tech,it,0,23,0.0,0.0,1370.0,1350.0,-0.014598540145985384,-0.011111111111111072,0.011407425491898104,-0.018666630497685133,0.15779932223693718,0.20945972899301318,0.3,-0.3,0.012143928035982,-0.012143928035982,0.0,1.0,-0.013797898463424385,0.010539718705915302,0.0015064408214253353,0.014598540145985384,0.011407425491898104,0.013797898463424385,hcl_tech,2026-08-05
digest,2026-08-06,hcl_tech,it,2,41,0.048780487804878,0.1428571428571428,1349.9000244140625,1335.0,-0.011037872542101757,0.016179756993211614,0.02621722846441954,-0.01243443864115168,0.10478750968966376,0.23230475586097066,0.3,1.7,0.012143928035982,0.036636559768896,0.0,0.0,-0.00132305407807797,0.013263195574891683,-0.007426249194149257,0.011037872542101757,0.02621722846441954,0.00132305407807797,hcl_tech,2026-08-06
digest,2026-08-07,hcl_tech,it,0,18,0.0,0.0,1329.0,1356.5999755859375,0.020767475986408934,0.00044226418747972396,0.0025062837057725496,-0.039879092259728854,0.07938246013711904,0.22516823475543454,0.5,-0.5,0.0170219768164698,-0.0170219768164698,0.0,1.0,0.006954335381827685,0.005543745924116918,-0.020039613637336477,0.020767475986408934,0.0025062837057725496,0.006954335381827685,hcl_tech,2026-08-07
digest,2026-08-08,hcl_tech,it,0,9,0.0,0.0,1356.5999755859375,1357.199951171875,0.00044226418747972396,0.006041905052462715,-0.023725281705228474,-0.025935715029669404,0.20264469217900902,0.2145733888079405,0.5,-0.5,0.0170219768164698,-0.0170219768164698,0.0,1.0,-0.0010883672205980017,-0.007229584323385555,-1.8039311256760893e-05,0.00044226418747972396,0.023725281705228474,0.0010883672205980017,hcl_tech,2026-08-08
digest,2026-08-09,hcl_tech,it,0,12,0.0,0.0,1356.5999755859375,1357.199951171875,0.00044226418747972396,0.006041905052462715,-0.023725281705228474,-0.025935715029669404,0.20264469217900902,0.2145733888079405,0.5,-0.5,0.0170219768164698,-0.0170219768164698,0.0,1.0,-0.0010883672205980017,-0.007229584323385555,-1.8039311256760893e-05,0.00044226418747972396,0.023725281705228474,0.0010883672205980017,hcl_tech,2026-08-09
digest,2026-08-10,hcl_tech,it,0,16,0.0,0.0,1356.5999755859375,1357.199951171875,0.00044226418747972396,0.006041905052462715,-0.023725281705228474,-0.025935715029669404,0.20264469217900902,0.2145733888079405,0.4,-0.4,0.01357370095440084,-0.01357370095440084,0.0,1.0,-0.0010883672205980017,-0.007229584323385555,-1.8039311256760893e-05,0.00044226418747972396,0.023725281705228474,0.0010883672205980017,hcl_tech,2026-08-10
digest,2026-08-11,hcl_tech,it,1,77,0.0129870129870129,0.0714285714285714,1360.0999755859375,1365.4000244140625,0.003896808266496521,0.0,-0.04936284107874245,-0.036326332722326216,0.2010040670296087,0.2028131814633623,0.4,0.6,0.01357370095440084,-0.0005866879673879413,0.0,0.0,0.001046978472043244,-0.008369992011320264,-0.008830243185907766,0.003896808266496521,0.04936284107874245,0.001046978472043244,hcl_tech,2026-08-11
digest,2026-08-12,hcl_tech,it,2,25,0.08,0.1666666666666666,1370.0,1365.4000244140625,-0.003357646413093107,0.0033689581834535076,-0.029734857814551652,-0.04899664802831061,0.2965236664216811,0.18255443880861955,0.5,1.5,0.014872402253102133,0.06512759774689787,0.0,0.0,0.011623194125335053,-0.008844403381275234,-0.025897672995081132,0.003357646413093107,0.029734857814551652,0.011623194125335053,hcl_tech,2026-08-12
digest,2026-08-13,hcl_tech,it,1,45,0.0222222222222222,0.0666666666666666,1362.9000244140625,1370.0,0.005209461779113189,-0.007299270072992692,-0.03766421575615875,-0.06423357664233575,0.2859371705562729,0.18107554964434536,0.7,0.30000000000000004,0.02287240225310213,-0.0006501800308799308,0.0,0.0,-0.0005416556108272736,-0.020157444716114272,-0.03633779263193548,0.005209461779113189,0.03766421575615875,0.0005416556108272736,hcl_tech,2026-08-13
digest,2026-08-14,hcl_tech,it,2,41,0.048780487804878,0.2,1372.800048828125,1360.0,-0.009324044560642064,-0.02573529411764708,-0.04227941176470584,-0.03227942971622244,0.28769865133282946,0.1842940942149936,0.8,1.2,0.025094624475324352,0.02368586332955365,0.0,0.0,-0.006432171177620456,-0.025437360899032375,-0.03794366620667891,0.009324044560642064,0.04227941176470584,0.006432171177620456,hcl_tech,2026-08-14
digest,2026-08-15,hcl_tech,it,0,5,0.0,0.0,1355.0999755859375,1325.0,-0.022212365233732934,-0.02037735849056599,-0.0022641509433962703,-0.00966041420990571,0.2788134213090776,0.1866058948215851,0.8,-0.8,0.021277021081899113,-0.021277021081899113,0.0,1.0,-0.0146593542738974,0.007454022265528177,-0.016053113485276212,0.022212365233732934,0.0022641509433962703,0.0146593542738974,hcl_tech,2026-08-15
digest,2026-08-16,hcl_tech,it,0,3,0.0,0.0,1355.0999755859375,1325.0,-0.022212365233732934,-0.02037735849056599,-0.0022641509433962703,-0.00966041420990571,0.2788134213090776,0.1866058948215851,0.8,-0.8,0.021277021081899113,-0.021277021081899113,0.0,1.0,-0.0146593542738974,0.007454022265528177,-0.016053113485276212,0.022212365233732934,0.0022641509433962703,0.0146593542738974,hcl_tech,2026-08-16
digest,2026-08-17,hcl_tech,it,2,31,0.064516129032258,0.1052631578947368,1355.0999755859375,1325.0,-0.022212365233732934,-0.02037735849056599,-0.0022641509433962703,-0.00966041420990571,0.2788134213090776,0.1866058948215851,0.6,1.4,0.01639897230141131,0.04811715673084668,0.0,0.0,-0.0146593542738974,0.007454022265528177,-0.016053113485276212,0.022212365233732934,0.0022641509433962703,0.0146593542738974,hcl_tech,2026-08-17
digest,2026-08-18,hcl_tech,it,1,59,0.0169491525423728,0.0714285714285714,1318.0,1298.0,-0.015174506828528056,0.02064718707867863,0.013713442856798874,0.041140234525471886,0.22475342441941584,0.20453268773365818,0.8,0.19999999999999996,0.022850585204637112,-0.005901432662264311,0.0,0.0,0.00034916526279673947,-0.00023026100638508934,0.006467299326408611,0.015174506828528056,0.013713442856798874,0.00034916526279673947,hcl_tech,2026-08-18
digest,2026-07-07,hindalco,aluminium,1,52,0.0192307692307692,0.1428571428571428,970.4000244140625,969.5,-0.0009274777322949568,0.002217663139827186,0.004950993081968891,-0.018669392043256794,0.09659479860016243,0.24835796601385837,1.0,0.0,0.027639452507049977,-0.008408683276280776,0.0,0.0,0.01988869914985587,-0.006829603175210485,-0.007348333793907601,0.0009274777322949568,0.004950993081968891,0.01988869914985587,hindalco,2026-07-07
digest,2026-07-08,hindalco,aluminium,6,82,0.073170731707317,0.2608695652173913,962.0499877929688,971.6500244140625,0.00997872952851142,-0.008439265168522114,-0.016312495469396837,-0.02228171035874582,0.16955571170918904,0.24403198349077165,1.0,5.0,0.02623800529433652,0.04693272641298048,1.0,0.0,-0.002972037385845016,-0.009490051075978867,0.0006430816775153218,0.00997872952851142,0.016312495469396837,0.002972037385845016,hindalco,2026-07-08
digest,2026-07-09,hindalco,aluminium,2,23,0.0869565217391304,0.4,971.7000122070312,963.4500122070312,-0.008490274669506026,0.004151746275696144,-0.004307462101283077,-0.008095892567483443,0.16792579844087788,0.2124744313629491,1.7142857142857142,0.2857142857142858,0.03294268049619087,0.054013841242939536,0.0,0.0,-0.0002822380318610925,0.0006380682452606923,0.002630457276717268,0.008490274669506026,0.004307462101283077,0.0002822380318610925,hindalco,2026-07-09
digest,2026-07-10,hindalco,aluminium,1,22,0.0454545454545454,0.3333333333333333,976.0,967.4500122070312,-0.008760233394435213,-0.000620224935162228,-0.024083919064525894,-0.02547937785212151,0.18909975061611764,0.21286689901762723,1.75,-0.75,0.039694410651558314,0.005760134802987087,0.0,0.0,-0.003432731367687847,0.011095191422379871,-0.002967699630232558,0.008760233394435213,0.024083919064525894,0.003432731367687847,hindalco,2026-07-10
digest,2026-07-12,hindalco,aluminium,0,2,0.0,0.0,963.0999755859375,966.8499755859375,0.0038936767677919537,0.007705447996227521,-0.019703147617523564,-0.022340565890636044,0.19783688448323095,0.20616450645699594,1.6666666666666667,-1.6666666666666667,0.040334425629667985,-0.040334425629667985,0.0,1.0,-0.001971711219171457,0.007049149789637867,0.0019887864046927786,0.0038936767677919537,0.019703147617523564,0.001971711219171457,hindalco,2026-07-12
digest,2026-07-13,hindalco,aluminium,3,33,0.0909090909090909,0.75,963.0999755859375,966.8499755859375,0.0038936767677919537,0.007705447996227521,-0.019703147617523564,-0.022340565890636044,0.19783688448323095,0.20616450645699594,1.5,1.5,0.03630098306670119,0.05460810784238971,1.0,0.0,-0.001971711219171457,0.007049149789637867,0.0019887864046927786,0.0038936767677919537,0.019703147617523564,0.001971711219171457,hindalco,2026-07-13
digest,2026-07-14,hindalco,aluminium,0,35,0.0,0.0,964.0,974.2999877929688,0.010684634640009127,-0.018987991616326583,-0.023504016900154467,-0.03889968577825709,0.1849075108192573,0.2040249272427553,1.5,-1.5,0.03467760644332457,-0.03467760644332457,0.0,1.0,0.0030910880038579336,-0.0012944050724929893,0.0020727624200334235,0.010684634640009127,0.023504016900154467,0.0030910880038579336,hindalco,2026-07-14
digest,2026-07-15,hindalco,aluminium,0,17,0.0,0.0,972.0,955.7999877929688,-0.01666667922534082,0.0036618539911073,-0.006068202413730406,0.006957548126170332,0.13453690895577874,0.20765022956228932,1.4,-1.4,0.03318506912989174,-0.03318506912989174,0.0,1.0,-0.0011835631094342831,0.009655152112956533,0.012885216881768802,0.01666667922534082,0.006068202413730406,0.0011835631094342831,hindalco,2026-07-15
digest,2026-07-16,hindalco,aluminium,1,38,0.0263157894736842,1.0,972.4000244140625,959.2999877929688,-0.01347185961763775,-0.015792727584372557,-0.003804819582353569,0.011570975463714106,0.14057028085521078,0.20287318579987398,1.4,-0.3999999999999999,0.03318506912989174,-0.006869279656207542,0.0,0.0,-0.002401328783198875,0.001381147095164681,-0.00017887237815272794,0.01347185961763775,0.003804819582353569,0.002401328783198875,hindalco,2026-07-16
digest,2026-07-17,hindalco,aluminium,2,45,0.0444444444444444,0.4,955.0,944.1500244140625,-0.011361230980039272,0.0038658722496685005,-0.001429896294216193,0.03209234444681908,0.12483788120783858,0.2186124054420283,1.5,0.5,0.03581664807726016,0.008627796367184234,0.0,0.0,0.008902772577817752,-0.015017200974060585,-0.002715608206063848,0.011361230980039272,0.001429896294216193,0.008902772577817752,hindalco,2026-07-17
digest,2026-07-18,hindalco,aluminium,0,9,0.0,0.0,944.3499755859375,947.7999877929688,0.003653319527954224,0.003798308364064029,-0.00269042817663101,0.04969406755403116,0.12250082779103831,0.1500206030816515,1.6,-1.6,0.03864818929589815,-0.03864818929589815,0.0,1.0,-0.004346168872388057,-0.005150992711870095,0.00039347755232675,0.003653319527954224,0.00269042817663101,0.004346168872388057,hindalco,2026-07-18
digest,2026-07-19,hindalco,aluminium,0,2,0.0,0.0,944.3499755859375,947.7999877929688,0.003653319527954224,0.003798308364064029,-0.00269042817663101,0.04969406755403116,0.12250082779103831,0.1500206030816515,1.5,-1.5,0.03672511237282123,-0.03672511237282123,0.0,1.0,-0.004346168872388057,-0.005150992711870095,0.00039347755232675,0.003653319527954224,0.00269042817663101,0.004346168872388057,hindalco,2026-07-19
digest,2026-07-20,hindalco,aluminium,1,12,0.0833333333333333,0.3333333333333333,944.3499755859375,947.7999877929688,0.003653319527954224,0.003798308364064029,-0.00269042817663101,0.04969406755403116,0.12250082779103831,0.1500206030816515,0.9,0.09999999999999998,0.02940803920208953,0.05392529413124377,0.0,0.0,-0.004346168872388057,-0.005150992711870095,0.00039347755232675,0.003653319527954224,0.00269042817663101,0.004346168872388057,hindalco,2026-07-20
digest,2026-07-21,hindalco,aluminium,0,16,0.0,0.0,944.1500244140625,951.4000244140625,0.007678864388632967,-0.001471541284566058,-0.015766238821822598,0.07210423988393955,0.12877895795526698,0.14701136609584783,0.8,-0.8,0.02904572036150982,-0.02904572036150982,0.0,1.0,-0.0006038688606367915,0.003497785238509677,0.012194843786569765,0.007678864388632967,0.015766238821822598,0.0006038688606367915,hindalco,2026-07-21
digest,2026-07-22,hindalco,aluminium,2,27,0.074074074074074,0.3333333333333333,955.0,950.0,-0.005235602094240788,0.005947394120065841,0.0131052760074013,0.09473684210526323,0.25692016794321565,0.1453141855732761,0.7,1.3,0.02450026581605528,0.04957380825801872,0.0,0.0,0.003378953052996115,0.003081559607302076,0.0019965872236667737,0.005235602094240788,0.0131052760074013,0.003378953052996115,hindalco,2026-07-22
digest,2026-07-23,hindalco,aluminium,2,30,0.0666666666666666,0.2857142857142857,950.0,955.6500244140625,0.005947394120065841,-0.013446383396445216,0.015434520612337854,0.07466119788955616,0.2592693632692026,0.14599890083717768,0.9,1.1,0.031907673223462676,0.03475899344320392,0.0,0.0,0.0015081208523693322,-0.0018347094600076122,-0.010575271794848545,0.005947394120065841,0.015434520612337854,0.0015081208523693322,hindalco,2026-07-23
digest,2026-07-24,hindalco,aluminium,0,11,0.0,0.0,947.5999755859375,942.7999877929688,-0.0050654156992783195,0.00259865532324266,0.03357024270667752,0.12388628479555841,0.21440419832642485,0.15577383901827346,0.8,-0.8,0.02948343079922025,-0.02948343079922025,0.0,1.0,-0.010466907281705939,0.012316090353687126,0.024271533877333745,0.0050654156992783195,0.03357024270667752,0.010466907281705939,hindalco,2026-07-24
digest,2026-07-25,hindalco,aluminium,1,21,0.0476190476190476,0.25,944.4500122070312,945.25,0.0008470409048959571,-0.009362576657960808,0.052525812657035154,0.11510187657035176,0.23132756713435484,0.1577072055627019,0.8,0.19999999999999996,0.02948343079922025,0.018135616819827352,0.0,0.0,0.009952779564162073,0.005598508990519412,0.01122205923641681,0.0008470409048959571,0.052525812657035154,0.009952779564162073,hindalco,2026-07-25
digest,2026-07-26,hindalco,aluminium,0,12,0.0,0.0,944.4500122070312,945.25,0.0008470409048959571,-0.009362576657960808,0.052525812657035154,0.11510187657035176,0.23132756713435484,0.1577072055627019,0.9,-0.9,0.03424533556112501,-0.03424533556112501,0.0,1.0,0.009952779564162073,0.005598508990519412,0.01122205923641681,0.0008470409048959571,0.052525812657035154,0.009952779564162073,hindalco,2026-07-26
digest,2026-07-27,hindalco,aluminium,0,40,0.0,0.0,944.4500122070312,945.25,0.0008470409048959571,-0.009362576657960808,0.052525812657035154,0.11510187657035176,0.23132756713435484,0.1577072055627019,0.8,-0.8,0.03161375661375659,-0.03161375661375659,0.0,1.0,0.009952779564162073,0.005598508990519412,0.01122205923641681,0.0008470409048959571,0.052525812657035154,0.009952779564162073,hindalco,2026-07-27
digest,2026-07-28,hindalco,aluminium,0,13,0.0,0.0,945.0,936.4000244140625,-0.009100503265542348,0.027819294226598457,0.08927805788797238,0.12035449405546017,0.16670680721945996,0.1507762140465467,0.6,-0.6,0.027169312169312156,-0.027169312169312156,0.0,1.0,0.0034654810531119067,0.008507176456997861,0.0150480943781027,0.009100503265542348,0.08927805788797238,0.0034654810531119067,hindalco,2026-07-28
digest,2026-07-29,hindalco,aluminium,0,28,0.0,0.0,940.0,962.4500122070312,0.023882991709607726,0.008260181937969735,0.08057560061237456,0.12057767813504428,0.14247512830140835,0.1960752750721083,0.6,-0.6,0.027169312169312156,-0.027169312169312156,0.0,1.0,0.003918463666173856,-0.0014032132587454144,0.01643690466512915,0.023882991709607726,0.08057560061237456,0.003918463666173856,hindalco,2026-07-29
digest,2026-07-30,hindalco,aluminium,0,29,0.0,0.0,968.0,970.4000244140625,0.002479364064114087,0.004173524001521045,0.058326436687914596,0.07816361673294114,0.24769804582877364,0.19931165653816463,0.6,-0.6,0.027169312169312156,-0.027169312169312156,0.0,1.0,-0.0069208921901299895,-0.008649718651706051,0.0163932311794263,0.002479364064114087,0.058326436687914596,0.0069208921901299895,hindalco,2026-07-30
digest,2026-07-31,hindalco,aluminium,0,16,0.0,0.0,979.7999877929688,974.4500122070312,-0.00546027317063813,0.020986209606292716,0.0873825874208265,0.056493393302224026,0.2724229264641673,0.17534880107556786,0.5,-0.5,0.018835978835978824,-0.018835978835978824,0.0,1.0,0.0035950340853620148,0.010528751001970524,0.02406806731226474,0.00546027317063813,0.0873825874208265,0.0035950340853620148,hindalco,2026-07-31
digest,2026-08-01,hindalco,aluminium,0,19,0.0,0.0,990.0,994.9000244140625,0.004949519610164099,0.025228641039304334,0.05945323445830497,0.05528193652662905,0.3094288213616542,0.19686124733690996,0.5,-0.5,0.018835978835978824,-0.018835978835978824,0.0,1.0,-0.004271135409585746,0.004758235936705324,0.03286504355036322,0.004949519610164099,0.05945323445830497,0.004271135409585746,hindalco,2026-08-01
digest,2026-08-02,hindalco,aluminium,0,4,0.0,0.0,990.0,994.9000244140625,0.004949519610164099,0.025228641039304334,0.05945323445830497,0.05528193652662905,0.3094288213616542,0.19686124733690996,0.3,-0.3,0.01142857142857142,-0.01142857142857142,0.0,1.0,-0.004271135409585746,0.004758235936705324,0.03286504355036322,0.004949519610164099,0.05945323445830497,0.004271135409585746,hindalco,2026-08-02
digest,2026-08-03,hindalco,aluminium,0,18,0.0,0.0,990.0,994.9000244140625,0.004949519610164099,0.025228641039304334,0.05945323445830497,0.05528193652662905,0.3094288213616542,0.19686124733690996,0.1,-0.1,0.004761904761904761,-0.004761904761904761,0.0,1.0,-0.004271135409585746,0.004758235936705324,0.03286504355036322,0.004949519610164099,0.05945323445830497,0.004271135409585746,hindalco,2026-08-03
digest,2026-08-04,hindalco,aluminium,0,23,0.0,0.0,995.0,1020.0,0.025125628140703515,0.019607843137254832,0.02852938782935044,0.021176446652879877,0.30021116478767346,0.2212897917624102,0.1,-0.1,0.004761904761904761,-0.004761904761904761,0.0,1.0,0.009258382977780855,0.005842194720478245,0.025824127057061008,0.025125628140703515,0.02852938782935044,0.009258382977780855,hindalco,2026-08-04
digest,2026-08-05,hindalco,aluminium,0,23,0.0,0.0,1028.5,1040.0,0.011181332036946934,-0.012499999999999956,0.03701923076923075,-0.0010096623347355393,0.3291758809837965,0.22378513008994816,0.0,0.0,0.0,0.0,0.0,1.0,-0.007594667611065954,0.016925165144832575,0.03363053310475468,0.011181332036946934,0.03701923076923075,0.007594667611065954,hindalco,2026-08-05
digest,2026-08-06,hindalco,aluminium,4,41,0.0975609756097561,0.5,1044.0,1027.0,-0.016283524904214586,0.03174291683148733,0.018743914313534615,0.0027750492560247864,0.4091477799087527,0.2489905253540708,0.0,4.0,0.0,0.0975609756097561,1.0,0.0,-0.0058562840158584255,0.024027526960432664,0.029036897061579414,0.016283524904214586,0.018743914313534615,0.0058562840158584255,hindalco,2026-08-06
digest,2026-08-07,hindalco,aluminium,1,18,0.0555555555555555,0.25,1017.0,1059.5999755859375,0.04188788159875867,-0.005237756592758935,-0.028406923631055014,-0.024160037915989196,0.33958976526854995,0.24670475786708898,0.4,0.6,0.00975609756097561,0.045799457994579885,0.0,0.0,0.03189766684006923,0.012840572142360653,-0.011151197294254156,0.04188788159875867,0.028406923631055014,0.03189766684006923,hindalco,2026-08-07
digest,2026-08-08,hindalco,aluminium,1,9,0.1111111111111111,1.0,1065.0,1054.050048828125,-0.010281644292840397,-0.004696241177248539,-0.003937217609995325,0.004221764589662946,0.38469038468792055,0.2578235921579933,0.5,0.5,0.01531165311653116,0.09579945799457995,0.0,0.0,-0.008860574369648844,0.026604690342998217,0.004165840472003768,0.010281644292840397,0.003937217609995325,0.008860574369648844,hindalco,2026-08-08
digest,2026-08-09,hindalco,aluminium,1,12,0.0833333333333333,0.25,1065.0,1054.050048828125,-0.010281644292840397,-0.004696241177248539,-0.003937217609995325,0.004221764589662946,0.38469038468792055,0.2578235921579933,0.6,0.4,0.02642276422764227,0.05691056910569103,0.0,0.0,-0.008860574369648844,0.026604690342998217,0.004165840472003768,0.010281644292840397,0.003937217609995325,0.008860574369648844,hindalco,2026-08-09
digest,2026-08-10,hindalco,aluminium,1,16,0.0625,1.0,1065.0,1054.050048828125,-0.010281644292840397,-0.004696241177248539,-0.003937217609995325,0.004221764589662946,0.38469038468792055,0.2578235921579933,0.7,0.30000000000000004,0.0347560975609756,0.0277439024390244,0.0,0.0,-0.008860574369648844,0.026604690342998217,0.004165840472003768,0.010281644292840397,0.003937217609995325,0.008860574369648844,hindalco,2026-08-10
digest,2026-08-11,hindalco,aluminium,5,77,0.0649350649350649,0.4545454545454545,1053.4000244140625,1049.0999755859375,-0.004082066383581884,0.028024044512671153,-0.007148985010519304,0.0018588059170416837,0.38753180675064236,0.24835844005509738,0.8,4.2,0.041006097560975605,0.023928967374089297,1.0,0.0,0.012456883343223969,0.01962095311028287,0.0011600185723292134,0.004082066383581884,0.007148985010519304,0.012456883343223969,hindalco,2026-08-11
digest,2026-08-12,hindalco,aluminium,1,25,0.04,0.5,1063.199951171875,1078.5,0.014390565773880093,-0.029902642559109904,-0.036671348009388094,-0.02364394993045893,0.29108935963690213,0.24873610009259417,1.3,-0.30000000000000004,0.04749960405448209,-0.0074996040544820924,0.0,0.0,0.004238887435987748,0.01654974943411318,-0.031650289210514826,0.014390565773880093,0.036671348009388094,0.004238887435987748,hindalco,2026-08-12
digest,2026-08-13,hindalco,aluminium,3,45,0.0666666666666666,0.375,1072.300048828125,1046.25,-0.024293618989007837,-0.016009557945041775,-0.01567505320340501,-0.02126642771804066,0.21696423154784736,0.32499351534876575,1.4,1.6,0.0514996040544821,0.0151670626121845,1.0,0.0,-0.003987220747377229,0.005339148640196002,-0.03138967287863896,0.024293618989007837,0.01567505320340501,0.003987220747377229,hindalco,2026-08-13
digest,2026-08-14,hindalco,aluminium,1,41,0.024390243902439,0.2,1035.800048828125,1029.5,-0.0060823021154060575,0.01981546810496604,0.004371053909664857,0.0076736516892301765,0.18619241036428183,0.3462949531616816,1.7,-0.7,0.05816627072114875,-0.03377602681870975,0.0,0.0,0.005671568836523911,-0.025083698626817474,-0.04618787119905084,0.0060823021154060575,0.004371053909664857,0.005671568836523911,hindalco,2026-08-14
digest,2026-08-15,hindalco,aluminium,0,5,0.0,0.0,1033.0,1049.9000244140625,0.016360139800641438,-0.007905561134506245,0.008191232865945475,-0.032812659687533,0.2113229855337721,0.3448972941979703,1.8,-1.8,0.060605295111392656,-0.060605295111392656,0.0,1.0,0.007587308914625602,-0.023407908251429757,-0.03640492045544994,0.016360139800641438,0.008191232865945475,0.007587308914625602,hindalco,2026-08-15
digest,2026-08-16,hindalco,aluminium,0,3,0.0,0.0,1033.0,1049.9000244140625,0.016360139800641438,-0.007905561134506245,0.008191232865945475,-0.032812659687533,0.2113229855337721,0.3448972941979703,1.8,-1.8,0.060605295111392656,-0.060605295111392656,0.0,1.0,0.007587308914625602,-0.023407908251429757,-0.03640492045544994,0.016360139800641438,0.008191232865945475,0.007587308914625602,hindalco,2026-08-16
digest,2026-08-17,hindalco,aluminium,0,31,0.0,0.0,1033.0,1049.9000244140625,0.016360139800641438,-0.007905561134506245,0.008191232865945475,-0.032812659687533,0.2113229855337721,0.3448972941979703,1.4,-1.4,0.050849197550417044,-0.050849197550417044,0.0,1.0,0.007587308914625602,-0.023407908251429757,-0.03640492045544994,0.016360139800641438,0.008191232865945475,0.007587308914625602,hindalco,2026-08-17
digest,2026-08-18,hindalco,aluminium,0,59,0.0,0.0,1048.949951171875,1041.5999755859375,-0.007006984058415933,-0.002544186325054154,0.009072651174815372,-0.026113625009038688,0.20891440948600012,0.331983208475742,1.3,-1.3,0.04529364199486149,-0.04529364199486149,0.0,1.0,-0.0006965690622770413,-0.019380288139146586,-0.02912988873635407,0.007006984058415933,0.009072651174815372,0.0006965690622770413,hindalco,2026-08-18
digest,2026-07-07,hindustan_copper,mining,0,52,0.0,0.0,494.1000061035156,495.45001220703125,0.002732252756201703,-0.016550634786551943,-0.0076698319041699214,-0.006055101273761632,0.2580975202395369,0.19419543360828395,0.0,0.0,0.0,0.0,0.0,1.0,0.0056640055993383565,-0.018564742981829307,-0.030383184454998657,0.002732252756201703,0.0076698319041699214,0.0056640055993383565,hindustan_copper,2026-07-07
digest,2026-07-08,hindustan_copper,mining,1,82,0.0121951219512195,0.125,490.0,487.25,-0.0056122448979591955,-0.0016418425715110097,0.008004092142605224,0.004104669061056887,0.2217839063492316,0.2066906435511826,0.0,1.0,0.0,0.0121951219512195,0.0,0.0,-0.0027903414416105277,-0.01688005383334243,-0.016483691983605275,0.0056122448979591955,0.008004092142605224,0.0027903414416105277,hindustan_copper,2026-07-08
digest,2026-07-09,hindustan_copper,mining,0,23,0.0,0.0,487.5,486.45001220703125,-0.0021538211137820396,0.0250796204816639,-0.004317002879674847,0.010997996611542105,0.24857696964421538,0.1786396789754919,0.14285714285714285,-0.14285714285714285,0.0017421602787456429,-0.0017421602787456429,0.0,1.0,-0.0025714476232640004,-0.0148446137193039,-0.011397286273008678,0.0021538211137820396,0.004317002879674847,0.0025714476232640004,hindustan_copper,2026-07-09
digest,2026-07-10,hindustan_copper,mining,0,22,0.0,0.0,495.0,498.6499938964844,0.0073737250434027235,-0.0014037535305744253,-0.025067683050237655,-0.031083926982294674,0.12335969270435036,0.2215926872165815,0.125,-0.125,0.0015243902439024376,-0.0015243902439024376,0.0,1.0,-9.36623193621422e-05,-0.02197612496019538,-0.037776524093266706,0.0073737250434027235,0.025067683050237655,9.36623193621422e-05,hindustan_copper,2026-07-10
digest,2026-07-12,hindustan_copper,mining,0,2,0.0,0.0,491.0,497.95001220703125,0.014154811012283552,-0.01265190913968195,-0.0319309650050813,-0.03122807094958291,0.12036293086593237,0.2170466036479604,0.1111111111111111,-0.1111111111111111,0.0013550135501355,-0.0013550135501355,0.0,1.0,0.005654770840432588,-0.033707049306323456,-0.04573580166028782,0.014154811012283552,0.0319309650050813,0.005654770840432588,hindustan_copper,2026-07-12
digest,2026-07-13,hindustan_copper,mining,0,33,0.0,0.0,491.0,497.95001220703125,0.014154811012283552,-0.01265190913968195,-0.0319309650050813,-0.03122807094958291,0.12036293086593237,0.2170466036479604,0.1,-0.1,0.0012195121951219501,-0.0012195121951219501,0.0,1.0,0.005654770840432588,-0.033707049306323456,-0.04573580166028782,0.014154811012283552,0.0319309650050813,0.005654770840432588,hindustan_copper,2026-07-13
digest,2026-07-14,hindustan_copper,mining,0,35,0.0,0.0,495.0,491.6499938964844,-0.006767689098011398,-0.0010169836391887843,0.001627211065755363,-0.0376283946499858,0.21625517288949198,0.2190664210072941,0.1,-0.1,0.0012195121951219501,-0.0012195121951219501,0.0,1.0,-0.00860572850719879,-0.011226584943919399,-0.03423622226819051,0.006767689098011398,0.001627211065755363,0.00860572850719879,hindustan_copper,2026-07-14
digest,2026-07-15,hindustan_copper,mining,0,17,0.0,0.0,494.0,491.1499938964844,-0.005769243124525536,-0.013845032836144022,-0.0038684595746626416,-0.01567745451520053,0.22194238467183905,0.1914166788960379,0.1,-0.1,0.0012195121951219501,-0.0012195121951219501,0.0,1.0,-0.006958105167442191,0.0004161492048271598,-0.02916366823248967,0.005769243124525536,0.0038684595746626416,0.006958105167442191,hindustan_copper,2026-07-15
digest,2026-07-16,hindustan_copper,mining,0,38,0.0,0.0,495.0,484.3500061035156,-0.021515139184816956,0.0037162955926215435,0.015381401043816467,-0.008464965524619728,0.18971504186875154,0.19643635580931246,0.1,-0.1,0.0012195121951219501,-0.0012195121951219501,0.0,1.0,-0.008733955969909557,0.004181437593326315,-0.02644714498748585,0.021515139184816956,0.015381401043816467,0.008733955969909557,hindustan_copper,2026-07-16
digest,2026-07-17,hindustan_copper,mining,0,45,0.0,0.0,483.0,486.1499938964844,0.006521726493756486,-0.008433623686085356,-0.006170934974111697,0.011210556979234898,0.23927337674294422,0.19045185413465351,0.1,-0.1,0.0012195121951219501,-0.0012195121951219501,0.0,1.0,0.0037811056779638863,-0.0155682937915409,-0.013505489152010441,0.006521726493756486,0.006170934974111697,0.0037811056779638863,hindustan_copper,2026-07-17
digest,2026-07-18,hindustan_copper,mining,0,9,0.0,0.0,484.95001220703125,482.04998779296875,-0.005980048130866833,0.02157457665682827,0.0007260784407818743,0.026968157513123314,0.2309117509580598,0.18972902748014822,0.1,-0.1,0.0012195121951219501,-0.0012195121951219501,0.0,1.0,-0.011401302213591341,-0.011385995516710434,0.00947818191679517,0.005980048130866833,0.0007260784407818743,0.011401302213591341,hindustan_copper,2026-07-18
digest,2026-07-19,hindustan_copper,mining,0,2,0.0,0.0,484.95001220703125,482.04998779296875,-0.005980048130866833,0.02157457665682827,0.0007260784407818743,0.026968157513123314,0.2309117509580598,0.18972902748014822,0.1,-0.1,0.0012195121951219501,-0.0012195121951219501,0.0,1.0,-0.011401302213591341,-0.011385995516710434,0.00947818191679517,0.005980048130866833,0.0007260784407818743,0.011401302213591341,hindustan_copper,2026-07-19
digest,2026-07-20,hindustan_copper,mining,0,12,0.0,0.0,484.95001220703125,482.04998779296875,-0.005980048130866833,0.02157457665682827,0.0007260784407818743,0.026968157513123314,0.2309117509580598,0.18972902748014822,0.0,0.0,0.0,0.0,0.0,1.0,-0.011401302213591341,-0.011385995516710434,0.00947818191679517,0.005980048130866833,0.0007260784407818743,0.011401302213591341,hindustan_copper,2026-07-20
digest,2026-07-21,hindustan_copper,mining,0,16,0.0,0.0,486.70001220703125,492.45001220703125,0.011814259000992422,-0.006498146264002802,-0.03919183233248236,-0.00020307869029678738,0.16557732547367698,0.22500337589823208,0.0,0.0,0.0,0.0,0.0,1.0,0.005257214270278809,-0.022644994460800816,-0.008097205275331448,0.011814259000992422,0.03919183233248236,0.005257214270278809,hindustan_copper,2026-07-21
digest,2026-07-22,hindustan_copper,mining,0,27,0.0,0.0,499.70001220703125,489.25,-0.020912571446369488,0.005212034323901271,-0.011854854967743966,0.09105771649048289,0.2697269035785839,0.2101125027473546,0.0,0.0,0.0,0.0,0.0,1.0,-0.0016967444250217678,-0.029700992629549866,0.039671208370138905,0.020912571446369488,0.011854854967743966,0.0016967444250217678,hindustan_copper,2026-07-22
digest,2026-07-23,hindustan_copper,mining,0,30,0.0,0.0,492.8999938964844,491.79998779296875,-0.0022317024084740344,-0.017588438615670943,-0.023485132329508884,0.11010578641343494,0.2620273322484282,0.2109824881384442,0.0,0.0,0.0,0.0,0.0,1.0,-0.006596477839765719,-0.029959413800293544,0.06188573695084859,0.0022317024084740344,0.023485132329508884,0.006596477839765719,hindustan_copper,2026-07-23
digest,2026-07-24,hindustan_copper,mining,0,11,0.0,0.0,486.0,483.1499938964844,-0.005864210089538302,-0.0015523129658999713,0.017489418014650093,0.10959325749427151,0.29497672004137726,0.18240008424972667,0.0,0.0,0.0,0.0,0.0,1.0,-0.010974959629780456,0.0027187579046358545,0.06452951013896746,0.005864210089538302,0.017489418014650093,0.010974959629780456,hindustan_copper,2026-07-24
digest,2026-07-25,hindustan_copper,mining,0,21,0.0,0.0,485.95001220703125,482.3999938964844,-0.007305315817204727,-0.019174958783239382,0.02622303908900725,0.09089968212753585,0.29178283367598257,0.18236307015366615,0.0,0.0,0.0,0.0,0.0,1.0,-0.009967510363375925,0.021124774436194316,0.06725453623686248,0.007305315817204727,0.02622303908900725,0.009967510363375925,hindustan_copper,2026-07-25
digest,2026-07-26,hindustan_copper,mining,0,12,0.0,0.0,485.95001220703125,482.3999938964844,-0.007305315817204727,-0.019174958783239382,0.02622303908900725,0.09089968212753585,0.29178283367598257,0.18236307015366615,0.0,0.0,0.0,0.0,0.0,1.0,-0.009967510363375925,0.021124774436194316,0.06725453623686248,0.007305315817204727,0.02622303908900725,0.009967510363375925,hindustan_copper,2026-07-26
digest,2026-07-27,hindustan_copper,mining,0,40,0.0,0.0,485.95001220703125,482.3999938964844,-0.007305315817204727,-0.019174958783239382,0.02622303908900725,0.09089968212753585,0.29178283367598257,0.18236307015366615,0.0,0.0,0.0,0.0,0.0,1.0,-0.009967510363375925,0.021124774436194316,0.06725453623686248,0.007305315817204727,0.02622303908900725,0.009967510363375925,hindustan_copper,2026-07-27
digest,2026-07-28,hindustan_copper,mining,0,13,0.0,0.0,483.0,473.1499938964844,-0.020393387377879102,0.021769034013345623,0.04057912386073448,0.12712669274522703,0.2286234744748218,0.19446008970451503,0.0,0.0,0.0,0.0,0.0,1.0,-0.003554506275947278,0.015724135202436706,0.08839687800372775,0.020393387377879102,0.04057912386073448,0.003554506275947278,hindustan_copper,2026-07-28
digest,2026-07-29,hindustan_copper,mining,0,28,0.0,0.0,474.95001220703125,483.45001220703125,0.017896620236941496,-0.006619117026024357,0.10414722166637524,0.13289895206887659,0.596974036548993,0.23323723634667318,0.0,0.0,0.0,0.0,0.0,1.0,0.002415966417730897,0.07057013998987738,0.11920539148784251,0.017896620236941496,0.10414722166637524,0.002415966417730897,hindustan_copper,2026-07-29
digest,2026-07-30,hindustan_copper,mining,0,29,0.0,0.0,481.25,480.25,-0.002077922077922123,0.023633536915180997,0.13680377346596817,0.13368040022286576,0.5470770852081832,0.22519481280344747,0.0,0.0,0.0,0.0,0.0,1.0,0.0023308404035194963,0.09461565063376617,0.11878276671457683,0.002077922077922123,0.13680377346596817,0.0023308404035194963,hindustan_copper,2026-07-30
digest,2026-07-31,hindustan_copper,mining,0,16,0.0,0.0,485.20001220703125,491.6000061035156,0.013190424021987779,0.007017863398330881,0.09052068537414049,0.07617978280001747,0.6336496757015877,0.2563231658064552,0.0,0.0,0.0,0.0,0.0,1.0,0.007825672983192061,0.06095984582343095,0.07895348806086974,0.013190424021987779,0.09052068537414049,0.007825672983192061,hindustan_copper,2026-07-31
digest,2026-08-01,hindustan_copper,mining,0,19,0.0,0.0,495.0,495.04998779296875,0.00010098544034087276,-0.005453957693222433,0.06302396318829762,0.15675192108790892,0.6851585938003831,0.2517028012847292,0.0,0.0,0.0,0.0,0.0,1.0,0.005339236303937567,0.04499263796586275,0.13026964192335694,0.00010098544034087276,0.06302396318829762,0.005339236303937567,hindustan_copper,2026-08-01
digest,2026-08-02,hindustan_copper,mining,0,4,0.0,0.0,495.0,495.04998779296875,0.00010098544034087276,-0.005453957693222433,0.06302396318829762,0.15675192108790892,0.6851585938003831,0.2517028012847292,0.0,0.0,0.0,0.0,0.0,1.0,0.005339236303937567,0.04499263796586275,0.13026964192335694,0.00010098544034087276,0.06302396318829762,0.005339236303937567,hindustan_copper,2026-08-02
digest,2026-08-03,hindustan_copper,mining,0,18,0.0,0.0,495.0,495.04998779296875,0.00010098544034087276,-0.005453957693222433,0.06302396318829762,0.15675192108790892,0.6851585938003831,0.2517028012847292,0.0,0.0,0.0,0.0,0.0,1.0,0.005339236303937567,0.04499263796586275,0.13026964192335694,0.00010098544034087276,0.06302396318829762,0.005339236303937567,hindustan_copper,2026-08-03
digest,2026-08-04,hindustan_copper,mining,0,23,0.0,0.0,495.04998779296875,492.3500061035156,-0.005453957693222433,0.08418803935332608,0.08317250163868883,0.15029951978280987,0.6659446441258985,0.23089520030562194,0.0,0.0,0.0,0.0,0.0,1.0,-0.006991150667468082,0.06979571299934811,0.13309080919533425,0.005453957693222433,0.08317250163868883,0.006991150667468082,hindustan_copper,2026-08-04
digest,2026-08-05,hindustan_copper,mining,0,23,0.0,0.0,496.20001220703125,533.7999877929688,0.07577584574957563,0.022761380089755257,0.026039761580986642,0.03943422306920863,0.35020185592762465,0.4766319584202741,0.0,0.0,0.0,0.0,0.0,1.0,0.05269294788489576,0.04614701048576228,0.06617609374148753,0.07577584574957563,0.026039761580986642,0.05269294788489576,hindustan_copper,2026-08-05
digest,2026-08-06,hindustan_copper,mining,0,41,0.0,0.0,542.4500122070312,545.9500122070312,0.006452207431537849,-0.018042011907417055,-0.0027475042887831203,0.025918056713112314,0.3180957562878125,0.480703369808906,0.0,0.0,0.0,0.0,0.0,1.0,0.008631391882076622,0.023987253009394333,0.0541939229553679,0.006452207431537849,0.0027475042887831203,0.008631391882076622,hindustan_copper,2026-08-06
digest,2026-08-07,hindustan_copper,mining,2,18,0.1111111111111111,0.6666666666666666,543.75,536.0999755859375,-0.014069010416666639,-0.018373393088055745,-0.013150509446047565,0.06827091641086391,0.3595220260509365,0.48146077237629836,0.0,2.0,0.0,0.1111111111111111,0.0,0.0,-0.011618306880772256,0.018300317843185587,0.08616226741859506,0.014069010416666639,0.013150509446047565,0.011618306880772256,hindustan_copper,2026-08-07
digest,2026-08-08,hindustan_copper,mining,0,9,0.0,0.0,537.9500122070312,526.25,-0.021749255398340717,0.013396651388064118,0.08817106777019013,0.09102142406472691,0.6624588144238118,0.5006197262537918,0.2,-0.2,0.01111111111111111,-0.01111111111111111,0.0,1.0,-0.008080207318509114,0.08111467513810211,0.0964582849703601,0.021749255398340717,0.08817106777019013,0.008080207318509114,hindustan_copper,2026-08-08
digest,2026-08-09,hindustan_copper,mining,1,12,0.0833333333333333,1.0,537.9500122070312,526.25,-0.021749255398340717,0.013396651388064118,0.08817106777019013,0.09102142406472691,0.6624588144238118,0.5006197262537918,0.2,0.8,0.01111111111111111,0.07222222222222219,0.0,0.0,-0.008080207318509114,0.08111467513810211,0.0964582849703601,0.021749255398340717,0.08817106777019013,0.008080207318509114,hindustan_copper,2026-08-09
digest,2026-08-10,hindustan_copper,mining,0,16,0.0,0.0,537.9500122070312,526.25,-0.021749255398340717,0.013396651388064118,0.08817106777019013,0.09102142406472691,0.6624588144238118,0.5006197262537918,0.3,-0.3,0.01944444444444444,-0.01944444444444444,0.0,1.0,-0.008080207318509114,0.08111467513810211,0.0964582849703601,0.021749255398340717,0.08817106777019013,0.008080207318509114,hindustan_copper,2026-08-10
digest,2026-08-11,hindustan_copper,mining,2,77,0.0259740259740259,0.25,531.0,533.2999877929688,0.004331427105402463,0.027001734002763067,0.06197260181787034,-0.0012187575356903402,0.6943620227779354,0.4750288136224787,0.3,1.7,0.01944444444444444,0.006529581529581458,0.0,0.0,0.01140124928092004,0.059610854579162986,0.02067358256837029,0.004331427105402463,0.06197260181787034,0.01140124928092004,hindustan_copper,2026-08-11
digest,2026-08-12,hindustan_copper,mining,1,25,0.04,0.5,530.8499755859375,547.7000122070312,0.03174161702182454,-0.005933905290422925,0.013054524775514498,0.015245527478245258,0.7144996497768165,0.4786226603413223,0.5,0.5,0.02204184704184703,0.01795815295815297,0.0,0.0,0.036204111473204015,0.019539341107534025,0.014577782157892683,0.03174161702182454,0.013054524775514498,0.036204111473204015,hindustan_copper,2026-08-12
digest,2026-08-13,hindustan_copper,mining,1,45,0.0222222222222222,0.25,549.0,544.4500122070312,-0.008287773757684413,-0.028285469866435653,0.02874453673986732,-0.014969279513880163,0.7102069990938807,0.47784991184878145,0.6,0.4,0.026041847041847033,-0.003819624819624834,0.0,0.0,-0.004147752399214305,0.030440582907834052,0.0062058488669684275,0.008287773757684413,0.02874453673986732,0.004147752399214305,hindustan_copper,2026-08-13
digest,2026-08-14,hindustan_copper,mining,1,41,0.024390243902439,0.3333333333333333,546.5,529.0499877929688,-0.03193048894241768,0.08241194145562591,0.08250642740992542,0.008505812501333976,0.6419263653726559,0.5151791676286536,0.7,0.30000000000000004,0.028264069264069252,-0.003873825361630251,0.0,0.0,-0.02202338144323837,0.06929155115594329,0.017259734499177115,0.03193048894241768,0.08250642740992542,0.02202338144323837,hindustan_copper,2026-08-14
digest,2026-08-15,hindustan_copper,mining,0,5,0.0,0.0,535.0,572.6500244140625,0.07037387740946266,-0.011001569125175914,0.00261940091862356,-0.08259852756755326,0.2672077121215054,0.6365798828128131,0.8,-0.8,0.030703093654313153,-0.030703093654313153,0.0,1.0,0.041866565023235436,0.015942960674819567,-0.04676746074998983,0.07037387740946266,0.00261940091862356,0.041866565023235436,hindustan_copper,2026-08-15
digest,2026-08-16,hindustan_copper,mining,0,3,0.0,0.0,535.0,572.6500244140625,0.07037387740946266,-0.011001569125175914,0.00261940091862356,-0.08259852756755326,0.2672077121215054,0.6365798828128131,0.8,-0.8,0.030703093654313153,-0.030703093654313153,0.0,1.0,0.041866565023235436,0.015942960674819567,-0.04676746074998983,0.07037387740946266,0.00261940091862356,0.041866565023235436,hindustan_copper,2026-08-16
digest,2026-08-17,hindustan_copper,mining,0,31,0.0,0.0,535.0,572.6500244140625,0.07037387740946266,-0.011001569125175914,0.00261940091862356,-0.08259852756755326,0.2672077121215054,0.6365798828128131,0.8,-0.8,0.030703093654313153,-0.030703093654313153,0.0,1.0,0.041866565023235436,0.015942960674819567,-0.04676746074998983,0.07037387740946266,0.00261940091862356,0.041866565023235436,hindustan_copper,2026-08-17
digest,2026-08-18,hindustan_copper,mining,0,59,0.0,0.0,568.5999755859375,566.3499755859375,-0.00395708775344461,-0.020305465693897573,-0.05950375673100283,-0.07009791274521027,0.5920466441385016,0.6422444255796536,0.6,-0.6,0.01959198254320204,-0.01959198254320204,0.0,1.0,0.00070351320583531,-0.035933378323883824,-0.03460801343409539,0.00395708775344461,0.05950375673100283,0.00070351320583531,hindustan_copper,2026-08-18
digest,2026-07-07,hindustan_zinc,aluminium,2,52,0.0384615384615384,0.2857142857142857,536.7000122070312,531.0999755859375,-0.010434202522308755,-0.0015062847481515096,-0.006025138992606149,0.006213611334634717,0.1599541827573078,0.302459872144904,0.6,1.4,0.018710881078478563,0.01975065738305984,0.0,0.0,0.010381974359842071,-0.017805735249785525,0.01753466958398391,0.010434202522308755,0.006025138992606149,0.010381974359842071,hindustan_zinc,2026-07-07
digest,2026-07-08,hindustan_zinc,aluminium,5,82,0.0609756097560975,0.217391304347826,522.4000244140625,530.2999877929688,0.015122440677078908,-0.0033942821693434544,-0.004808575997863773,0.00961726709125399,0.16002642326658373,0.30053623232496746,0.8333333333333334,4.166666666666667,0.022002657308988535,0.038972952447108966,1.0,0.0,0.002171673762722471,0.0020138683955541973,0.032542059127515136,0.015122440677078908,0.004808575997863773,0.002171673762722471,hindustan_zinc,2026-07-08
digest,2026-07-09,hindustan_zinc,aluminium,0,23,0.0,0.0,528.0,528.5,0.0009469696969697239,0.015988670211979583,-0.012393543600697776,0.005014237301915747,0.17573087135772966,0.19006572797539506,1.4285714285714286,-1.4285714285714286,0.027570221944289815,-0.027570221944289815,0.0,1.0,0.009155006334614657,-0.007448013254154007,0.01574058714611646,0.0009469696969697239,0.012393543600697776,0.009155006334614657,hindustan_zinc,2026-07-09
digest,2026-07-10,hindustan_zinc,aluminium,2,22,0.0909090909090909,0.6666666666666666,536.0,536.9500122070312,0.0017724108340135825,-0.008101380989291251,-0.0346401642578269,-0.009311853778433576,0.06427366062784456,0.20179013257407513,1.25,0.75,0.024123944201253588,0.0667851467078373,0.0,0.0,0.0070999128607609485,0.0005389462290788655,0.013199824443455375,0.0017724108340135825,0.0346401642578269,0.0070999128607609485,hindustan_zinc,2026-07-10
digest,2026-07-12,hindustan_zinc,aluminium,0,2,0.0,0.0,527.9500122070312,532.5999755859375,0.008807582671449543,-0.008824542597292373,-0.01868184684186025,-0.005538774515769784,0.12428415683667826,0.1999056286212086,1.3333333333333333,-1.3333333333333333,0.03154451605767995,-0.03154451605767995,0.0,1.0,0.0029421946844861322,0.00807045056530118,0.018790577779559038,0.008807582671449543,0.01868184684186025,0.0029421946844861322,hindustan_zinc,2026-07-12
digest,2026-07-13,hindustan_zinc,aluminium,1,33,0.0303030303030303,0.25,527.9500122070312,532.5999755859375,0.008807582671449543,-0.008824542597292373,-0.01868184684186025,-0.005538774515769784,0.12428415683667826,0.1999056286212086,1.2,-0.19999999999999996,0.028390064451911955,0.001912965851118345,0.0,0.0,0.0029421946844861322,0.00807045056530118,0.018790577779559038,0.008807582671449543,0.01868184684186025,0.0029421946844861322,hindustan_zinc,2026-07-13
digest,2026-07-14,hindustan_zinc,aluminium,1,35,0.0285714285714285,0.5,529.9500122070312,527.9000244140625,-0.0038682663378596382,-0.00028419095875020783,0.012312937487007236,-0.00189429807492425,0.2116275651280193,0.19112813471756976,1.3,-0.30000000000000004,0.03142036748221499,-0.0028489389107864867,0.0,0.0,-0.011461812974010832,0.034522549314668714,0.03907815012336626,0.0038682663378596382,0.012312937487007236,0.011461812974010832,hindustan_zinc,2026-07-14
digest,2026-07-15,hindustan_zinc,aluminium,0,17,0.0,0.0,532.0,527.75,-0.007988721804511267,-0.010990028977676425,0.014495546023803874,0.01695881043492431,0.21037702116087167,0.17057698099661567,1.3,-1.3,0.032784973025925014,-0.032784973025925014,0.0,1.0,0.007494394311395269,0.030218900550490813,0.02288647919052278,0.007988721804511267,0.014495546023803874,0.007494394311395269,hindustan_zinc,2026-07-15
digest,2026-07-16,hindustan_zinc,aluminium,0,38,0.0,0.0,530.0,521.9500122070312,-0.015188656213148577,-0.006897282377427705,0.01762623238215788,0.026726720721864883,0.1984096012605567,0.17408321459155227,1.2,-1.2,0.026534973025925012,-0.026534973025925012,0.0,1.0,-0.004118125378709703,0.02281219905967613,0.014976872879998049,0.015188656213148577,0.01762623238215788,0.004118125378709703,hindustan_zinc,2026-07-16
digest,2026-07-17,hindustan_zinc,aluminium,1,45,0.0222222222222222,0.2,520.0,518.3499755859375,-0.0031731238731971256,0.008295647787509353,0.02623717037069473,0.04022385956037722,0.17846622975382798,0.15047408884083027,1.2,-0.19999999999999996,0.026534973025925012,-0.004312750803702813,0.0,0.0,0.017090879684659898,0.012649865690850337,0.005415906907494293,0.0031731238731971256,0.02623717037069473,0.017090879684659898,hindustan_zinc,2026-07-17
digest,2026-07-18,hindustan_zinc,aluminium,1,9,0.1111111111111111,1.0,519.0,522.6500244140625,0.00703280233923409,0.02248158318402993,0.013393283598996497,0.04658944695015754,0.18714427669071784,0.1529448549359775,1.2,-0.19999999999999996,0.027144292022340775,0.08396681908877032,0.0,0.0,-0.000966686061108191,0.010932719063757413,-0.00271114305154687,0.00703280233923409,0.013393283598996497,0.000966686061108191,hindustan_zinc,2026-07-18
digest,2026-07-19,hindustan_zinc,aluminium,0,2,0.0,0.0,519.0,522.6500244140625,0.00703280233923409,0.02248158318402993,0.013393283598996497,0.04658944695015754,0.18714427669071784,0.1529448549359775,1.1,-1.1,0.03440924928729805,-0.03440924928729805,0.0,1.0,-0.000966686061108191,0.010932719063757413,-0.00271114305154687,0.00703280233923409,0.013393283598996497,0.000966686061108191,hindustan_zinc,2026-07-19
digest,2026-07-20,hindustan_zinc,aluminium,0,12,0.0,0.0,519.0,522.6500244140625,0.00703280233923409,0.02248158318402993,0.013393283598996497,0.04658944695015754,0.18714427669071784,0.1529448549359775,0.6,-0.6,0.028311688311688298,-0.028311688311688298,0.0,1.0,-0.000966686061108191,0.010932719063757413,-0.00271114305154687,0.00703280233923409,0.013393283598996497,0.000966686061108191,hindustan_zinc,2026-07-20
digest,2026-07-21,hindustan_zinc,aluminium,0,16,0.0,0.0,526.9500122070312,534.4000244140625,0.014137986591609142,0.001871257399541637,-0.014034430496561612,0.053330835886934214,0.06864926321240318,0.17952357101829194,0.6,-0.6,0.028311688311688298,-0.028311688311688298,0.0,1.0,0.005855253342339384,0.005229593563770663,-0.006578560210435569,0.014137986591609142,0.014034430496561612,0.005855253342339384,hindustan_zinc,2026-07-21
digest,2026-07-22,hindustan_zinc,aluminium,1,27,0.037037037037037,0.1666666666666666,537.0,535.4000244140625,-0.002979470364874337,-0.007937989925665745,0.002428068236252745,0.11496074894716068,0.169393209049378,0.17917387313611333,0.4,0.6,0.01922077922077921,0.01781625781625779,0.0,0.0,0.005635084782362566,-0.00759564816384648,0.022220494065564228,0.002979470364874337,0.002428068236252745,0.005635084782362566,hindustan_zinc,2026-07-22
digest,2026-07-23,hindustan_zinc,aluminium,1,30,0.0333333333333333,0.1428571428571428,535.8499755859375,531.1500244140625,-0.008771020595336854,0.0015061428150195955,0.00894285942138473,0.11079727549830731,0.15462758826458706,0.18369908418818576,0.5,0.5,0.02292448292448291,0.010408850408850388,0.0,0.0,-0.013210293863033361,-0.008326370650960736,0.025560805813902604,0.008771020595336854,0.00894285942138473,0.013210293863033361,hindustan_zinc,2026-07-23
digest,2026-07-24,hindustan_zinc,aluminium,0,11,0.0,0.0,528.0,531.9500122070312,0.007481083725437987,-0.004323691587911127,0.013629100166611785,0.1335651586850919,0.1575322518554456,0.16284363604859947,0.5,-0.5,0.02322751322751321,-0.02322751322751321,0.0,1.0,0.0020795921430103673,-0.007625052186378611,0.033950407766867224,0.007481083725437987,0.013629100166611785,0.0020795921430103673,hindustan_zinc,2026-07-24
digest,2026-07-25,hindustan_zinc,aluminium,2,21,0.0952380952380952,0.5,541.0499877929688,529.6500244140625,-0.02107007418188578,-0.005192107756517572,0.032757433750959075,0.12366656656432884,0.16081901159976283,0.15922216835407826,0.4,1.6,0.02037037037037036,0.07486772486772485,0.0,0.0,-0.011964335522619662,-0.014169869915556667,0.01978674923039389,0.02107007418188578,0.032757433750959075,0.011964335522619662,hindustan_zinc,2026-07-25
digest,2026-07-26,hindustan_zinc,aluminium,1,12,0.0833333333333333,0.5,541.0499877929688,529.6500244140625,-0.02107007418188578,-0.005192107756517572,0.032757433750959075,0.12366656656432884,0.16081901159976283,0.15922216835407826,0.6,0.4,0.029894179894179883,0.05343915343915342,0.0,0.0,-0.011964335522619662,-0.014169869915556667,0.01978674923039389,0.02107007418188578,0.032757433750959075,0.011964335522619662,hindustan_zinc,2026-07-26
digest,2026-07-27,hindustan_zinc,aluminium,4,40,0.1,1.0,541.0499877929688,529.6500244140625,-0.02107007418188578,-0.005192107756517572,0.032757433750959075,0.12366656656432884,0.16081901159976283,0.15922216835407826,0.7,3.3,0.03822751322751321,0.0617724867724868,1.0,0.0,-0.011964335522619662,-0.014169869915556667,0.01978674923039389,0.02107007418188578,0.032757433750959075,0.011964335522619662,hindustan_zinc,2026-07-27
digest,2026-07-28,hindustan_zinc,aluminium,1,13,0.0769230769230769,0.5,530.0499877929688,526.9000244140625,-0.00594276662852522,0.018599330686816407,0.0683241570163784,0.11339912171468347,0.1857750438187001,0.15489658301559406,1.0,0.0,0.046005291005290994,0.030917785917785906,0.0,0.0,0.0066232176901290345,-0.012446724414596128,0.008092722037326,0.00594276662852522,0.0683241570163784,0.0066232176901290345,hindustan_zinc,2026-07-28
digest,2026-07-29,hindustan_zinc,aluminium,1,28,0.0357142857142857,0.3333333333333333,529.7999877929688,536.7000122070312,0.01302382894119436,-0.0014905678680330325,0.11226010551450982,0.08924904469804429,0.38808678400521707,0.1812013994821648,1.0,0.0,0.04258648758648757,-0.006872201872201875,0.0,0.0,-0.00694069910223951,0.030281291643389843,-0.014891728771870838,0.01302382894119436,0.11226010551450982,0.00694069910223951,hindustan_zinc,2026-07-29
digest,2026-07-30,hindustan_zinc,aluminium,1,29,0.0344827586206896,1.0,539.6500244140625,535.9000244140625,-0.006948948078102424,0.00615784221427651,0.10095161993151391,0.07921244492998203,0.4307188874259502,0.16833096485867477,1.1,-0.10000000000000009,0.04615791615791614,-0.01167515753722654,0.0,0.0,-0.0163492043323465,0.03397546459189327,0.017442059376467187,0.006948948078102424,0.10095161993151391,0.0163492043323465,hindustan_zinc,2026-07-30
digest,2026-07-31,hindustan_zinc,aluminium,1,16,0.0625,0.25,536.0499877929688,539.2000122070312,0.005876363185888245,0.014465852404272228,0.11832341681860359,0.0420994282142475,0.41366275642656786,0.16006333051245514,1.2,-0.19999999999999996,0.049606192019985104,0.012893807980014896,0.0,0.0,0.01493167044188839,0.041469580399747616,0.009674102224288217,0.005876363185888245,0.11832341681860359,0.01493167044188839,hindustan_zinc,2026-07-31
digest,2026-08-01,hindustan_zinc,aluminium,1,19,0.0526315789473684,0.25,543.5999755859375,547.0,0.006254644162552836,0.029067686314556695,0.08802563878256398,0.03747714808043878,0.48819701561239465,0.16752634402016803,1.3,-0.30000000000000004,0.05585619201998511,-0.0032246130726167124,0.0,0.0,-0.0029660108571970094,0.03333064026096433,0.01506025510417295,0.006254644162552836,0.08802563878256398,0.0029660108571970094,hindustan_zinc,2026-08-01
digest,2026-08-02,hindustan_zinc,aluminium,0,4,0.0,0.0,543.5999755859375,547.0,0.006254644162552836,0.029067686314556695,0.08802563878256398,0.03747714808043878,0.48819701561239465,0.16752634402016803,1.3,-1.3,0.057415646211018245,-0.057415646211018245,0.0,1.0,-0.0029660108571970094,0.03333064026096433,0.01506025510417295,0.006254644162552836,0.08802563878256398,0.0029660108571970094,hindustan_zinc,2026-08-02
digest,2026-08-03,hindustan_zinc,aluminium,0,18,0.0,0.0,543.5999755859375,547.0,0.006254644162552836,0.029067686314556695,0.08802563878256398,0.03747714808043878,0.48819701561239465,0.16752634402016803,1.2,-1.2,0.05408231287768491,-0.05408231287768491,0.0,1.0,-0.0029660108571970094,0.03333064026096433,0.01506025510417295,0.006254644162552836,0.08802563878256398,0.0029660108571970094,hindustan_zinc,2026-08-03
digest,2026-08-04,hindustan_zinc,aluminium,0,23,0.0,0.0,550.0,562.9000244140625,0.02345458984374993,0.060490293686542795,0.04219221703662557,-0.008704963939490051,0.5188865636118322,0.18907197179537566,1.2,-1.2,0.05408231287768491,-0.05408231287768491,0.0,1.0,0.007587344680827269,0.019505023927753374,-0.00405728353530892,0.02345458984374993,0.04219221703662557,0.007587344680827269,hindustan_zinc,2026-08-04
digest,2026-08-05,hindustan_zinc,aluminium,1,23,0.0434782608695652,0.5,570.0,596.9500122070312,0.047280723170230354,-0.011642536334551368,-0.0206885607983045,-0.06692354701414427,0.2411991616570044,0.3334299018118948,1.0,0.0,0.04455850335387539,-0.0010802424843101843,0.0,0.0,0.028504723522217466,-0.040782626422702674,-0.03228335157465405,0.047280723170230354,0.0206885607983045,0.028504723522217466,hindustan_zinc,2026-08-05
digest,2026-08-06,hindustan_zinc,aluminium,1,41,0.024390243902439,0.125,604.25,590.0,-0.023582954075299978,0.02203389830508473,-0.019745804091631403,-0.02728809421345335,0.23940783853852862,0.3398204903738735,1.0,0.0,0.04057299610749858,-0.01618275220505958,0.0,0.0,-0.013155713186943817,-0.014462191444733352,-0.0010262464078987232,0.023582954075299978,0.019745804091631403,0.013155713186943817,hindustan_zinc,2026-08-06
digest,2026-08-07,hindustan_zinc,aluminium,1,18,0.0555555555555555,0.25,593.0,603.0,0.01686340640809436,-0.01301820163505385,-0.06815916349243367,-0.013432795333229719,0.14439573621616714,0.3397863361798628,0.7,0.30000000000000004,0.033012020497742475,0.02254353505781302,0.0,0.0,0.0068731916494049194,-0.026911667719018005,-0.0004239547114946781,0.01686340640809436,0.06815916349243367,0.0068731916494049194,hindustan_zinc,2026-08-07
digest,2026-08-08,hindustan_zinc,aluminium,0,9,0.0,0.0,606.0,595.1500244140625,-0.017904250141811073,-0.014282113166958932,-0.04645891502950794,0.01487015915802159,0.2242264754017669,0.35454931431085907,0.7,-0.7,0.03087526836099034,-0.03087526836099034,0.0,1.0,-0.01648318021861952,-0.0159170070765144,0.014814235040362412,0.017904250141811073,0.04645891502950794,0.01648318021861952,hindustan_zinc,2026-08-08
digest,2026-08-09,hindustan_zinc,aluminium,0,12,0.0,0.0,606.0,595.1500244140625,-0.017904250141811073,-0.014282113166958932,-0.04645891502950794,0.01487015915802159,0.2242264754017669,0.35454931431085907,0.6,-0.6,0.027303839789561767,-0.027303839789561767,0.0,1.0,-0.01648318021861952,-0.0159170070765144,0.014814235040362412,0.017904250141811073,0.04645891502950794,0.01648318021861952,hindustan_zinc,2026-08-09
digest,2026-08-10,hindustan_zinc,aluminium,0,16,0.0,0.0,606.0,595.1500244140625,-0.017904250141811073,-0.014282113166958932,-0.04645891502950794,0.01487015915802159,0.2242264754017669,0.35454931431085907,0.5,-0.5,0.023855563927492808,-0.023855563927492808,0.0,1.0,-0.01648318021861952,-0.0159170070765144,0.014814235040362412,0.017904250141811073,0.04645891502950794,0.01648318021861952,hindustan_zinc,2026-08-10
digest,2026-08-11,hindustan_zinc,aluminium,0,77,0.0,0.0,599.0,586.6500244140625,-0.020617655402232926,-0.0034945005417370556,-0.048836654260225654,0.010142249934818937,0.2282486938822456,0.36947532979912884,0.4,-0.4,0.01760556392749281,-0.01760556392749281,0.0,1.0,-0.004078705675427074,-0.02206671613942348,0.009443462590106467,0.020617655402232926,0.048836654260225654,0.004078705675427074,hindustan_zinc,2026-08-11
digest,2026-08-12,hindustan_zinc,aluminium,0,25,0.0,0.0,589.9500122070312,584.5999755859375,-0.00906862701990463,-0.0106910712641336,-0.0472117289404167,0.07167298351674845,0.23154552192002645,0.3734407237583694,0.3,-0.3,0.01234240603275597,-0.01234240603275597,0.0,1.0,-0.019220305357796973,0.006009368503084575,0.06366664423669255,0.00906862701990463,0.0472117289404167,0.019220305357796973,hindustan_zinc,2026-08-12
digest,2026-08-13,hindustan_zinc,aluminium,0,45,0.0,0.0,584.5999755859375,578.3499755859375,-0.0106910712641336,-0.02844290112610315,-0.007694218656042473,0.054897555702035694,0.3640300804222908,0.3832857249543839,0.3,-0.3,0.01234240603275597,-0.01234240603275597,0.0,1.0,0.009615326977497007,0.013319983187558539,0.04477431054143739,0.0106910712641336,0.007694218656042473,0.009615326977497007,hindustan_zinc,2026-08-13
digest,2026-08-14,hindustan_zinc,aluminium,1,41,0.024390243902439,0.2,575.0,561.9000244140625,-0.02278256623641306,0.009966142271976342,0.058729308713612705,0.10695848545051856,0.35148414404710016,0.42481788948241844,0.3,0.7,0.01234240603275597,0.012047837869683031,0.0,0.0,-0.011028695284483091,0.029274556177130373,0.053096962562237546,0.02278256623641306,0.058729308713612705,0.011028695284483091,hindustan_zinc,2026-08-14
digest,2026-08-15,hindustan_zinc,aluminium,0,5,0.0,0.0,564.4000244140625,567.5,0.00549251497491654,-0.016740088105726914,0.06431718061674019,0.04925112283177313,0.3518899495325001,0.4224408819364238,0.4,-0.4,0.01478143042299987,-0.01478143042299987,0.0,1.0,-0.0032803159110992956,0.032718039499364956,0.045658862063856186,0.00549251497491654,0.06431718061674019,0.0032803159110992956,hindustan_zinc,2026-08-15
digest,2026-08-16,hindustan_zinc,aluminium,0,3,0.0,0.0,564.4000244140625,567.5,0.00549251497491654,-0.016740088105726914,0.06431718061674019,0.04925112283177313,0.3518899495325001,0.4224408819364238,0.3,-0.3,0.010433604336043348,-0.010433604336043348,0.0,1.0,-0.0032803159110992956,0.032718039499364956,0.045658862063856186,0.00549251497491654,0.06431718061674019,0.0032803159110992956,hindustan_zinc,2026-08-16
digest,2026-08-17,hindustan_zinc,aluminium,0,31,0.0,0.0,564.4000244140625,567.5,0.00549251497491654,-0.016740088105726914,0.06431718061674019,0.04925112283177313,0.3518899495325001,0.4224408819364238,0.2,-0.2,0.00799457994579945,-0.00799457994579945,0.0,1.0,-0.0032803159110992956,0.032718039499364956,0.045658862063856186,0.00549251497491654,0.06431718061674019,0.0032803159110992956,hindustan_zinc,2026-08-17
digest,2026-08-18,hindustan_zinc,aluminium,1,59,0.0169491525423728,0.5,569.0999755859375,558.0,-0.019504438696397952,-0.0017921146953404632,0.06200712470598124,0.06989247311827951,0.36329481989881435,0.4086891800982531,0.1,0.9,0.0024390243902439003,0.0145101281521289,0.0,0.0,-0.013194023700259062,0.033554185392019285,0.06687620939096413,0.019504438696397952,0.06200712470598124,0.013194023700259062,hindustan_zinc,2026-08-18
digest,2026-07-07,infosys,it,1,52,0.0192307692307692,0.25,1040.5999755859375,1071.800048828125,0.029982773375157423,-0.0023325246184989767,0.019686485001570553,0.0015860711834578822,0.3191675677498344,0.41827955473579786,3.4,-2.4,0.0571676181305454,-0.03793684889977619,0.0,0.0,0.011139263123420336,-0.0025191021435224843,-0.024538361561920283,0.029982773375157423,0.019686485001570553,0.011139263123420336,infosys,2026-07-07
digest,2026-07-08,infosys,it,1,82,0.0121951219512195,0.0909090909090909,1071.9000244140625,1069.300048828125,-0.002425576571246646,-0.017301037272255515,0.006546338427339871,-0.016085357202627604,0.34722452824619077,0.4001641927215327,3.0,-2.0,0.050844809980582696,-0.038649688029363194,0.0,0.0,0.015899419072834806,-0.03387487154132261,-0.045170717537784705,0.002425576571246646,0.006546338427339871,0.015899419072834806,infosys,2026-07-08
digest,2026-07-09,infosys,it,0,23,0.0,0.0,1062.699951171875,1050.800048828125,-0.011197800781516554,0.01636843392903975,0.030072301215800845,-0.003235653079626588,0.3045576708767707,0.4034464734122424,2.7142857142857144,-2.7142857142857144,0.04532342597638795,-0.04532342597638795,0.0,1.0,-0.015690479282692557,-0.009980049538271439,-0.024098084186013533,0.011197800781516554,0.030072301215800845,0.015690479282692557,infosys,2026-07-09
digest,2026-07-10,infosys,it,0,22,0.0,0.0,1075.0,1068.0,-0.006511627906976791,0.03239698088570919,0.026685393258427004,-0.0253745089755969,0.29831190048303285,0.4103860956416397,2.375,-2.375,0.03965799772933946,-0.03965799772933946,0.0,1.0,-0.01485335692904612,0.0036898380518817567,-0.041264138649467465,0.006511627906976791,0.026685393258427004,0.01485335692904612,infosys,2026-07-10
digest,2026-07-12,infosys,it,0,2,0.0,0.0,1057.0999755859375,1102.5999755859375,0.04304228649213604,-0.00879734390227993,-0.01405768215418568,-0.02122258745890815,0.18528935067941002,0.4332019421341414,2.111111111111111,-2.111111111111111,0.03525155353719063,-0.03525155353719063,0.0,1.0,0.012185316853852705,-0.009456760429108564,-0.02838127939047594,0.04304228649213604,0.01405768215418568,0.012185316853852705,infosys,2026-07-12
digest,2026-07-13,infosys,it,0,33,0.0,0.0,1057.0999755859375,1102.5999755859375,0.04304228649213604,-0.00879734390227993,-0.01405768215418568,-0.02122258745890815,0.18528935067941002,0.4332019421341414,1.9,-1.9,0.03172639818347157,-0.03172639818347157,0.0,1.0,0.012185316853852705,-0.009456760429108564,-0.02838127939047594,0.04304228649213604,0.01405768215418568,0.012185316853852705,infosys,2026-07-13
digest,2026-07-14,infosys,it,0,35,0.0,0.0,1107.800048828125,1092.9000244140625,-0.013450102687596277,-0.015188924160594919,-0.017750959813971456,0.011711891730147084,0.19453889973605024,0.3794925746774559,1.9,-1.9,0.03172639818347157,-0.03172639818347157,0.0,1.0,0.0005063818098784544,-0.02154088952837106,-0.04291247682789508,0.013450102687596277,0.017750959813971456,0.0005063818098784544,infosys,2026-07-14
digest,2026-07-15,infosys,it,0,17,0.0,0.0,1079.0,1076.300048828125,-0.0025022717070204425,0.0056675418649094755,-0.022484504454437726,0.07367827107706093,0.2143852211381737,0.3796625319535788,0.8,-0.8,0.01530848773571038,-0.01530848773571038,0.0,1.0,-0.008576342472551159,-0.011889637735260545,-0.0030120525035062934,0.0025022717070204425,0.022484504454437726,0.008576342472551159,infosys,2026-07-15
digest,2026-07-16,infosys,it,2,38,0.0526315789473684,0.0909090909090909,1082.5,1082.4000244140625,-9.23561994803368e-05,0.013026584689491472,-0.032335549898889426,0.0671655113932852,0.19544575221645155,0.27314546692030583,0.8,1.2,0.01530848773571038,0.03732309121165801,0.0,0.0,0.0003564629061041209,-0.013765497736333364,0.0004555131204318219,9.23561994803368e-05,0.032335549898889426,0.0003564629061041209,infosys,2026-07-16
digest,2026-07-17,infosys,it,0,45,0.0,0.0,1105.0,1096.5,-0.007692307692307665,-0.008572753683595558,-0.05070677208019836,0.03064293259091433,0.09768785249735377,0.27679685366371626,0.8,-0.8,0.014857359916161508,-0.014857359916161508,0.0,1.0,-0.008715092777072293,-0.043925712784873845,-0.02051948938945994,0.007692307692307665,0.05070677208019836,0.008715092777072293,infosys,2026-07-17
digest,2026-07-18,infosys,it,0,9,0.0,0.0,1102.0,1087.0999755859375,-0.013520893297697345,-0.012510326456963816,-0.0072670633717975,0.08545674409015613,0.35124028524410494,0.2810785545584132,0.4,-0.4,0.00840574701293571,-0.00840574701293571,0.0,1.0,-0.012400324894626117,-0.019060412605104535,0.005739844401869532,0.013520893297697345,0.0072670633717975,0.012400324894626117,infosys,2026-07-18
digest,2026-07-19,infosys,it,0,2,0.0,0.0,1102.0,1087.0999755859375,-0.013520893297697345,-0.012510326456963816,-0.0072670633717975,0.08545674409015613,0.35124028524410494,0.2810785545584132,0.3,-0.3,0.006482670089858788,-0.006482670089858788,0.0,1.0,-0.012400324894626117,-0.019060412605104535,0.005739844401869532,0.013520893297697345,0.0072670633717975,0.012400324894626117,infosys,2026-07-19
digest,2026-07-20,infosys,it,0,12,0.0,0.0,1102.0,1087.0999755859375,-0.013520893297697345,-0.012510326456963816,-0.0072670633717975,0.08545674409015613,0.35124028524410494,0.2810785545584132,0.2,-0.2,0.005263157894736839,-0.005263157894736839,0.0,1.0,-0.012400324894626117,-0.019060412605104535,0.005739844401869532,0.013520893297697345,0.0072670633717975,0.012400324894626117,infosys,2026-07-20
digest,2026-07-21,infosys,it,1,16,0.0625,0.3333333333333333,1080.0,1073.5,-0.006018518518518534,-0.019934815476537082,0.029995296853167153,0.08756404285048913,0.3742883274994455,0.25713690167595266,0.2,0.8,0.005263157894736839,0.05723684210526316,0.0,0.0,-0.0015549511833387129,-0.02065210218810428,0.01013601948938056,0.006018518518518534,0.029995296853167153,0.0015549511833387129,infosys,2026-07-21
digest,2026-07-22,infosys,it,1,27,0.037037037037037,0.2,1064.0,1052.0999755859375,-0.011184233471863259,-0.004467209657768034,0.09837468149579465,0.11586353696679219,0.37365872844302617,0.2765833235396634,0.3,0.7,0.01151315789473684,0.02552387914230016,0.0,0.0,0.004933127397945398,0.010151904005796047,0.014915386067410302,0.011184233471863259,0.09837468149579465,0.004933127397945398,infosys,2026-07-22
digest,2026-07-23,infosys,it,1,30,0.0333333333333333,0.1428571428571428,1046.9000244140625,1047.4000244140625,0.00047760052377476825,-0.006205842895255054,0.10282599643066126,0.11227799584187093,0.3583707528358527,0.26321425883477995,0.4,0.6,0.01521686159844054,0.01811647173489276,0.0,0.0,0.005995209464388773,0.015801517058896347,0.014647541286983992,0.00047760052377476825,0.10282599643066126,0.005995209464388773,infosys,2026-07-23
digest,2026-07-24,infosys,it,1,11,0.0909090909090909,0.2,1028.0,1040.9000244140625,0.012548661881383705,0.03679500995244189,0.08569502265319562,0.12892684025770684,0.4374377530484634,0.247339798789846,0.5,0.5,0.01855019493177387,0.07235889597731703,0.0,0.0,-0.014988111450673289,0.027162332359728772,0.03889793864955922,0.012548661881383705,0.08569502265319562,0.014988111450673289,infosys,2026-07-24
digest,2026-07-25,infosys,it,4,21,0.1904761904761904,0.5,1065.0,1079.199951171875,0.013333287485328693,0.0245552272043974,0.09340256985618733,0.09618240689819468,0.4610323498917376,0.2650452448347012,0.6,3.4,0.02764110402268296,0.16283508645350744,1.0,0.0,0.004572297425088903,0.026461045491502508,0.02202591205999023,0.013333287485328693,0.09340256985618733,0.004572297425088903,infosys,2026-07-25
digest,2026-07-26,infosys,it,0,12,0.0,0.0,1065.0,1079.199951171875,0.013333287485328693,0.0245552272043974,0.09340256985618733,0.09618240689819468,0.4610323498917376,0.2650452448347012,1.0,-1.0,0.046688723070302,-0.046688723070302,0.0,1.0,0.004572297425088903,0.026461045491502508,0.02202591205999023,0.013333287485328693,0.09340256985618733,0.004572297425088903,infosys,2026-07-26
digest,2026-07-27,infosys,it,0,40,0.0,0.0,1065.0,1079.199951171875,0.013333287485328693,0.0245552272043974,0.09340256985618733,0.09618240689819468,0.4610323498917376,0.2650452448347012,0.8,-0.8,0.04142556517556516,-0.04142556517556516,0.0,1.0,0.004572297425088903,0.026461045491502508,0.02202591205999023,0.013333287485328693,0.09340256985618733,0.004572297425088903,infosys,2026-07-27
digest,2026-07-28,infosys,it,0,13,0.0,0.0,1097.0,1105.699951171875,0.007930675635255291,0.045129806111663395,0.05589224161819506,0.07687438161674232,0.4973404172624899,0.29261022009799253,0.8,-0.8,0.04142556517556516,-0.04142556517556516,0.0,1.0,-0.014021674460566142,0.030463553117721694,0.03122725520589867,0.007930675635255291,0.05589224161819506,0.014021674460566142,infosys,2026-07-28
digest,2026-07-29,infosys,it,0,28,0.0,0.0,1147.0,1155.5999755859375,0.0074977991159002055,-0.00043267567546156904,0.01592248598372703,0.017739702693923665,0.39712924830231694,0.34864664680604124,0.8,-0.8,0.04142556517556516,-0.04142556517556516,0.0,1.0,0.006150277280016731,0.004046098672547408,0.004760878606683224,0.0074977991159002055,0.01592248598372703,0.006150277280016731,infosys,2026-07-29
digest,2026-07-30,infosys,it,1,29,0.0344827586206896,0.0714285714285714,1168.0,1155.0999755859375,-0.011044541450396017,-0.0216431482368602,0.008570707837683544,0.01722796713242758,0.4047859221311962,0.35080823570322667,0.8,0.19999999999999996,0.04142556517556516,-0.006942806554875558,0.0,0.0,-0.010098892372349545,-0.0013614923003615591,-0.005747872793296624,0.011044541450396017,0.008570707837683544,0.010098892372349545,infosys,2026-07-30
digest,2026-07-31,infosys,it,1,16,0.0625,0.1666666666666666,1118.9000244140625,1130.0999755859375,0.010009787226289646,0.04415540703661214,0.039819485861565695,0.034598687222928914,0.34640543639738336,0.3756964734989064,0.9,0.09999999999999998,0.04487384103763412,0.017626158962365877,0.0,0.0,0.0014878857287542544,0.009987341191096098,0.007866903238051462,0.010009787226289646,0.039819485861565695,0.0014878857287542544,infosys,2026-07-31
digest,2026-08-01,infosys,it,0,19,0.0,0.0,1145.0999755859375,1180.0,0.03047770950846851,-0.010593220338983023,0.0025423728813558366,-0.0339830301575742,0.14218111751590568,0.419806426733432,0.9,-0.9,0.04487384103763412,-0.04487384103763412,0.0,1.0,0.009324148088257544,-0.004210249266064947,-0.02421782965119823,0.03047770950846851,0.0025423728813558366,0.009324148088257544,infosys,2026-08-01
digest,2026-08-02,infosys,it,0,4,0.0,0.0,1145.0999755859375,1180.0,0.03047770950846851,-0.010593220338983023,0.0025423728813558366,-0.0339830301575742,0.14218111751590568,0.419806426733432,0.8,-0.8,0.04117013733393042,-0.04117013733393042,0.0,1.0,0.009324148088257544,-0.004210249266064947,-0.02421782965119823,0.03047770950846851,0.0025423728813558366,0.009324148088257544,infosys,2026-08-02
digest,2026-08-03,infosys,it,0,18,0.0,0.0,1145.0999755859375,1180.0,0.03047770950846851,-0.010593220338983023,0.0025423728813558366,-0.0339830301575742,0.14218111751590568,0.419806426733432,0.7,-0.7,0.037836804000597093,-0.037836804000597093,0.0,1.0,0.009324148088257544,-0.004210249266064947,-0.02421782965119823,0.03047770950846851,0.0025423728813558366,0.009324148088257544,infosys,2026-08-03
digest,2026-08-04,infosys,it,2,23,0.0869565217391304,0.2222222222222222,1168.0,1167.5,-0.00042808219178080975,0.005567451820128522,0.019871478519807306,-0.04496788008565311,0.10471745276572257,0.4172165970314588,0.6,1.4,0.028745894909688003,0.058210626829442405,0.0,0.0,0.008057309224568461,4.903898260717743e-05,-0.022986556001730087,0.00042808219178080975,0.019871478519807306,0.008057309224568461,infosys,2026-08-04
digest,2026-08-05,infosys,it,0,23,0.0,0.0,1174.699951171875,1174.0,-0.0005958552830249708,-0.0076660988074956915,0.0017887355927916904,-0.04616690900500431,0.15289485324317348,0.38666981637083003,0.4,-0.4,0.018393928035982,-0.018393928035982,0.0,1.0,0.00020478639953602773,0.0009210288068088879,-0.02599383768589384,0.0005958552830249708,0.0017887355927916904,0.00020478639953602773,infosys,2026-08-05
digest,2026-08-06,infosys,it,2,41,0.048780487804878,0.1428571428571428,1174.0999755859375,1165.0,-0.007750596861562986,0.008669506940718774,0.008583690987124415,-0.030042918454935674,0.13720035485376453,0.3906320844385721,0.4,1.6,0.018393928035982,0.030386559768896003,0.0,0.0,0.0019642216024608004,-0.004370341902403442,-0.02503472900793325,0.007750596861562986,0.008583690987124415,0.0019642216024608004,infosys,2026-08-06
digest,2026-08-07,infosys,it,1,18,0.0555555555555555,0.5,1160.0,1175.0999755859375,0.013017220332704804,0.006722853015228125,-0.005020870169893943,-0.046038615190134524,0.12757673062140376,0.37929532063418175,0.6,0.4,0.0232719768164698,0.032283578739085696,0.0,0.0,-0.0007959202718764453,-0.001983407951549575,-0.026199136567742146,0.013017220332704804,0.005020870169893943,0.0007959202718764453,infosys,2026-08-07
digest,2026-08-08,infosys,it,0,9,0.0,0.0,1178.0999755859375,1183.0,0.004159260262802,0.006508834464814095,-0.03643277733384409,-0.04480135249366024,0.19062689340034292,0.35448901075014494,0.7,-0.7,0.02882753237202535,-0.02882753237202535,0.0,1.0,0.002628628854724275,-0.019937079952001172,-0.018883676775247597,0.004159260262802,0.03643277733384409,0.002628628854724275,infosys,2026-08-08
digest,2026-08-09,infosys,it,0,12,0.0,0.0,1178.0999755859375,1183.0,0.004159260262802,0.006508834464814095,-0.03643277733384409,-0.04480135249366024,0.19062689340034292,0.35448901075014494,0.7,-0.7,0.02882753237202535,-0.02882753237202535,0.0,1.0,0.002628628854724275,-0.019937079952001172,-0.018883676775247597,0.004159260262802,0.03643277733384409,0.002628628854724275,infosys,2026-08-09
digest,2026-08-10,infosys,it,1,16,0.0625,0.3333333333333333,1178.0999755859375,1183.0,0.004159260262802,0.006508834464814095,-0.03643277733384409,-0.04480135249366024,0.19062689340034292,0.35448901075014494,0.6,0.4,0.02537925650995639,0.037120743490043615,0.0,0.0,0.002628628854724275,-0.019937079952001172,-0.018883676775247597,0.004159260262802,0.03643277733384409,0.002628628854724275,infosys,2026-08-10
digest,2026-08-11,infosys,it,1,77,0.0129870129870129,0.0714285714285714,1188.0,1190.699951171875,0.002272686171612026,-0.012261674800245315,-0.06357600930223595,-0.03922058712265286,0.16550329994333166,0.3443843232499471,0.6,0.4,0.02537925650995639,-0.01239224352294349,0.0,0.0,-0.0005771436228412508,-0.022583160234813764,-0.011724497586234412,0.002272686171612026,0.06357600930223595,0.0005771436228412508,infosys,2026-08-11
digest,2026-08-12,infosys,it,1,25,0.04,0.0833333333333333,1185.5999755859375,1176.0999755859375,-0.00801282067782183,-0.0009352738787273829,-0.04787001779314182,-0.04770000573972322,0.2068343556932264,0.28481667487865575,0.7,0.30000000000000004,0.026677957808657678,0.013322042191342323,0.0,0.0,0.00696801986060633,-0.0269795633598654,-0.02460103070649374,0.00801282067782183,0.04787001779314182,0.00696801986060633,infosys,2026-08-12
digest,2026-08-13,infosys,it,1,45,0.0222222222222222,0.0666666666666666,1170.0,1175.0,0.004273504273504258,-0.004936211768617027,-0.03829787234042559,-0.05463825631648933,0.24279527006703006,0.2849432134847264,0.8,0.19999999999999996,0.03067795780865768,-0.008455735586435482,0.0,0.0,-0.0014776131164362044,-0.02079110130038111,-0.026742472306089053,0.004273504273504258,0.03829787234042559,0.0014776131164362044,infosys,2026-08-13
digest,2026-08-14,infosys,it,2,41,0.048780487804878,0.2,1170.4000244140625,1169.199951171875,-0.0010253530563520963,-0.025059808400133443,-0.04122472903250185,-0.021553157906496145,0.24158391987095307,0.25737964064567603,0.9,1.1,0.0329001800308799,0.015880307773998105,0.0,0.0,0.0018665203266695117,-0.024382678166828382,-0.027217394396952616,0.0010253530563520963,0.04122472903250185,0.0018665203266695117,infosys,2026-08-14
digest,2026-08-15,infosys,it,0,5,0.0,0.0,1163.9000244140625,1139.9000244140625,-0.02062032777435696,-0.02184404235525983,-0.008684993597707247,-0.005351325077015412,0.2088805666873761,0.17169264578632887,0.9,-0.9,0.02908257663745466,-0.02908257663745466,0.0,1.0,-0.013067316814521428,0.0010331796112172005,-0.011744024352385914,0.02062032777435696,0.008684993597707247,0.013067316814521428,infosys,2026-08-15
digest,2026-08-16,infosys,it,0,3,0.0,0.0,1163.9000244140625,1139.9000244140625,-0.02062032777435696,-0.02184404235525983,-0.008684993597707247,-0.005351325077015412,0.2088805666873761,0.17169264578632887,0.9,-0.9,0.02908257663745466,-0.02908257663745466,0.0,1.0,-0.013067316814521428,0.0010331796112172005,-0.011744024352385914,0.02062032777435696,0.008684993597707247,0.013067316814521428,infosys,2026-08-16
digest,2026-08-17,infosys,it,2,31,0.064516129032258,0.1052631578947368,1163.9000244140625,1139.9000244140625,-0.02062032777435696,-0.02184404235525983,-0.008684993597707247,-0.005351325077015412,0.2088805666873761,0.17169264578632887,0.7,1.3,0.02420452785696686,0.04031160117529113,0.0,0.0,-0.013067316814521428,0.0010331796112172005,-0.011744024352385914,0.02062032777435696,0.008684993597707247,0.013067316814521428,infosys,2026-08-17
digest,2026-08-18,infosys,it,1,59,0.0169491525423728,0.0714285714285714,1124.5,1115.0,-0.008448199199644235,0.004304976527466309,0.026008968609865457,0.036771300448430466,0.12526542607877253,0.19287637569345897,0.8,0.19999999999999996,0.02510058520463711,-0.00815143266226431,0.0,0.0,0.00707547289168056,0.012065264746681494,0.0020983652493671914,0.008448199199644235,0.026008968609865457,0.00707547289168056,infosys,2026-08-18
digest,2026-07-07,jindal_stainless,steel,1,52,0.0192307692307692,0.0588235294117647,706.0999755859375,695.4500122070312,-0.015082798112361795,0.00043135780818626124,0.03788910075983032,0.062693184011273,0.27727981747608765,0.18089284046728904,0.2,0.8,0.0125,0.0067307692307692,0.0,0.0,-0.008407581123814012,0.02272903649232351,0.0383410026488124,0.015082798112361795,0.03788910075983032,0.008407581123814012,jindal_stainless,2026-07-07
digest,2026-07-08,jindal_stainless,steel,0,82,0.0,0.0,690.1500244140625,695.75,0.008114142415182712,0.019906540547520724,0.040962989579590436,0.0613007896716673,0.27323073772898504,0.1790987945004953,0.3333333333333333,-0.3333333333333333,0.013621794871794867,-0.013621794871794867,0.0,1.0,0.015706436373632462,0.01445169459255951,0.02829210269070042,0.008114142415182712,0.040962989579590436,0.015706436373632462,jindal_stainless,2026-07-08
digest,2026-07-09,jindal_stainless,steel,0,23,0.0,0.0,699.9000244140625,709.5999755859375,0.013859052483953693,0.009582932725596516,0.03931796135001919,0.03699267320059385,0.269080836319076,0.20466238315375726,0.2857142857142857,-0.2857142857142857,0.011675824175824173,-0.011675824175824173,0.0,1.0,0.00829251331545376,0.023903778791392397,0.017317037081326685,0.013859052483953693,0.03931796135001919,0.00829251331545376,jindal_stainless,2026-07-09
digest,2026-07-10,jindal_stainless,steel,0,22,0.0,0.0,714.5,716.4000244140625,0.0026592364087649756,-0.018216147938853733,0.02945278457129441,-0.00300115067112261,0.2737690412401952,0.2074795760702044,0.25,-0.25,0.01021634615384615,-0.01021634615384615,0.0,1.0,-0.005983030871898443,0.03409185107038951,0.00530628712445331,0.0026592364087649756,0.02945278457129441,0.005983030871898443,jindal_stainless,2026-07-10
digest,2026-07-12,jindal_stainless,steel,0,2,0.0,0.0,703.2999877929688,703.3499755859375,7.10760611921657e-05,0.026231624152202704,0.0389564588969189,0.02935952958107335,0.2269407057557604,0.21051965965625516,0.2222222222222222,-0.2222222222222222,0.009081196581196578,-0.009081196581196578,0.0,1.0,-0.005296306851447314,0.03234114009587367,0.022694797896573582,7.10760611921657e-05,0.0389564588969189,0.005296306851447314,jindal_stainless,2026-07-12
digest,2026-07-13,jindal_stainless,steel,0,33,0.0,0.0,703.2999877929688,703.3499755859375,7.10760611921657e-05,0.026231624152202704,0.0389564588969189,0.02935952958107335,0.2269407057557604,0.21051965965625516,0.2,-0.2,0.00817307692307692,-0.00817307692307692,0.0,1.0,-0.005296306851447314,0.03234114009587367,0.022694797896573582,7.10760611921657e-05,0.0389564588969189,0.005296306851447314,jindal_stainless,2026-07-13
digest,2026-07-14,jindal_stainless,steel,0,35,0.0,0.0,705.0,721.7999877929688,0.02382976991910457,0.0033943090169932244,0.023898587270339222,0.0034635633725128567,0.1674000856684835,0.23595820108328155,0.2,-0.2,0.00817307692307692,-0.00817307692307692,0.0,1.0,0.01664539249901474,0.015103551560963943,0.003337149010479355,0.02382976991910457,0.023898587270339222,0.01664539249901474,jindal_stainless,2026-07-14
digest,2026-07-15,jindal_stainless,steel,0,17,0.0,0.0,721.0,724.25,0.00450762829403617,0.018294787711425675,0.019537486246548053,0.00586813945460829,0.17230487120919039,0.2092180696069135,0.2,-0.2,0.00817307692307692,-0.00817307692307692,0.0,1.0,0.010856286409351705,0.013083241810628286,-0.01827913373509674,0.00450762829403617,0.019537486246548053,0.010856286409351705,jindal_stainless,2026-07-15
digest,2026-07-16,jindal_stainless,steel,0,38,0.0,0.0,725.7000122070312,737.5,0.01626014550706989,0.0,-0.0022373212394067865,0.0003389830508475633,0.11894554190239987,0.21477847437491832,0.1,-0.1,0.0019230769230769201,-0.0019230769230769201,0.0,1.0,0.019873807615772097,-0.0064802380635380985,-0.02601810391851535,0.01626014550706989,0.0022373212394067865,0.019873807615772097,jindal_stainless,2026-07-16
digest,2026-07-17,jindal_stainless,steel,0,45,0.0,0.0,737.9500122070312,737.5,-0.0006098139434748129,-0.009152542372881323,-0.031525423728813506,-0.0036610335010592854,0.23664596159125165,0.21631547709998145,0.1,-0.1,0.0019230769230769201,-0.0019230769230769201,0.0,1.0,0.0017523485763525676,-0.027935130716543997,-0.029016882259032522,0.0006098139434748129,0.031525423728813506,0.0017523485763525676,jindal_stainless,2026-07-17
digest,2026-07-18,jindal_stainless,steel,0,9,0.0,0.0,733.9000244140625,730.75,-0.004292171016859525,0.011358176931876462,-0.009237085186452276,0.0013000509162248708,0.2720327983303538,0.22855297658653514,0.1,-0.1,0.0019230769230769201,-0.0019230769230769201,0.0,1.0,-0.009862816517608182,-0.009423201007026094,-0.024381515719539313,0.004292171016859525,0.009237085186452276,0.009862816517608182,jindal_stainless,2026-07-18
digest,2026-07-19,jindal_stainless,steel,0,2,0.0,0.0,733.9000244140625,730.75,-0.004292171016859525,0.011358176931876462,-0.009237085186452276,0.0013000509162248708,0.2720327983303538,0.22855297658653514,0.0,0.0,0.0,0.0,0.0,1.0,-0.009862816517608182,-0.009423201007026094,-0.024381515719539313,0.004292171016859525,0.009237085186452276,0.009862816517608182,jindal_stainless,2026-07-19
digest,2026-07-20,jindal_stainless,steel,0,12,0.0,0.0,733.9000244140625,730.75,-0.004292171016859525,0.011358176931876462,-0.009237085186452276,0.0013000509162248708,0.2720327983303538,0.22855297658653514,0.0,0.0,0.0,0.0,0.0,1.0,-0.009862816517608182,-0.009423201007026094,-0.024381515719539313,0.004292171016859525,0.009237085186452276,0.009862816517608182,jindal_stainless,2026-07-20
digest,2026-07-21,jindal_stainless,steel,0,16,0.0,0.0,744.0499877929688,739.0499877929688,-0.006719978606318122,-0.0008794579387616519,-0.019958054588496865,-0.0046004511671254855,0.24896356613061627,0.21720346913437882,0.0,0.0,0.0,0.0,0.0,1.0,-0.00824956106610919,-0.011490266726581742,-0.03166845052928237,0.006719978606318122,0.019958054588496865,0.00824956106610919,jindal_stainless,2026-07-21
digest,2026-07-22,jindal_stainless,steel,0,27,0.0,0.0,744.2000122070312,738.4000244140625,-0.007793587339199437,-0.003453478797144527,-0.013407399900776551,0.008261071755486515,0.25844286215127327,0.21827243857199236,0.0,0.0,0.0,0.0,0.0,1.0,0.0013210305049434923,-0.03120034855527587,-0.03602308968148661,0.007793587339199437,0.013407399900776551,0.0013210305049434923,jindal_stainless,2026-07-22
digest,2026-07-23,jindal_stainless,steel,0,30,0.0,0.0,733.5,735.8499755859375,0.0032037840299079523,-0.02935377631661673,0.0025820812354442335,-0.004552525238952443,0.2796062396610003,0.20801518337524386,0.0,0.0,0.0,0.0,0.0,1.0,0.003631630690897019,-0.019407376134537784,-0.04256256793270563,0.0032037840299079523,0.0025820812354442335,0.003631630690897019,jindal_stainless,2026-07-23
digest,2026-07-24,jindal_stainless,steel,0,11,0.0,0.0,731.9000244140625,714.25,-0.02411534885272426,0.013650682534126712,0.02877142148123024,0.028561462252800096,0.12146514265422684,0.2620737876679103,0.0,0.0,0.0,0.0,0.0,1.0,-0.022441856428727664,-0.0003598650273290184,-0.017428398197710027,0.02411534885272426,0.02877142148123024,0.022441856428727664,jindal_stainless,2026-07-24
digest,2026-07-25,jindal_stainless,steel,0,21,0.0,0.0,720.0,724.0,0.005555555555555536,0.00041434778034354913,0.0106353759765625,0.01208563535911611,0.1139040706132328,0.24916395392391694,0.0,0.0,0.0,0.0,0.0,1.0,0.0005815384290290037,-0.014658579553751033,-0.026177653104630765,0.005555555555555536,0.0106353759765625,0.0005815384290290037,jindal_stainless,2026-07-25
digest,2026-07-26,jindal_stainless,steel,0,12,0.0,0.0,720.0,724.0,0.005555555555555536,0.00041434778034354913,0.0106353759765625,0.01208563535911611,0.1139040706132328,0.24916395392391694,0.0,0.0,0.0,0.0,0.0,1.0,0.0005815384290290037,-0.014658579553751033,-0.026177653104630765,0.005555555555555536,0.0106353759765625,0.0005815384290290037,jindal_stainless,2026-07-26
digest,2026-07-27,jindal_stainless,steel,0,40,0.0,0.0,720.0,724.0,0.005555555555555536,0.00041434778034354913,0.0106353759765625,0.01208563535911611,0.1139040706132328,0.24916395392391694,0.0,0.0,0.0,0.0,0.0,1.0,0.0005815384290290037,-0.014658579553751033,-0.026177653104630765,0.005555555555555536,0.0106353759765625,0.0005815384290290037,jindal_stainless,2026-07-27
digest,2026-07-28,jindal_stainless,steel,0,13,0.0,0.0,724.0,724.2999877929688,0.00041434778034354913,0.005798719146508979,0.015670353185672115,0.0011044978689098706,0.1146442695669763,0.2128492624339216,0.0,0.0,0.0,0.0,0.0,1.0,0.003396039606280813,-0.019891185958523634,-0.026262026348433443,0.00041434778034354913,0.015670353185672115,0.003396039606280813,jindal_stainless,2026-07-28
digest,2026-07-29,jindal_stainless,steel,0,28,0.0,0.0,733.0,728.5,-0.006139154160982319,0.012697323266986915,0.021962937542896466,0.012903259319234639,0.13111638507494142,0.21412611370474932,0.0,0.0,0.0,0.0,0.0,1.0,-0.020105303949155964,-0.004008574074753461,0.0038878094907805385,0.006139154160982319,0.021962937542896466,0.020105303949155964,jindal_stainless,2026-07-29
digest,2026-07-30,jindal_stainless,steel,0,29,0.0,0.0,732.5,737.75,0.0071672354948806305,-0.003998661073576715,-0.007116231785835314,-0.0031853278020163023,0.16984785601749605,0.20276639676790273,0.0,0.0,0.0,0.0,0.0,1.0,0.008895186317706662,-0.02250745460262303,-0.008943952627951224,0.0071672354948806305,0.007116231785835314,0.008895186317706662,jindal_stainless,2026-07-30
digest,2026-07-31,jindal_stainless,steel,0,16,0.0,0.0,745.8499755859375,734.7999877929688,-0.014815295508038173,-0.004218801901791691,-0.0002040873453967862,0.004150772786659429,0.17024937314778882,0.20381689220699034,0.0,0.0,0.0,0.0,0.0,1.0,-0.008532355859181693,-0.01677682140657685,-0.007094609763906301,0.014815295508038173,0.0002040873453967862,0.008532355859181693,jindal_stainless,2026-07-31
digest,2026-08-01,jindal_stainless,steel,0,19,0.0,0.0,734.7999877929688,731.7000122070312,-0.004218801901791691,0.005398403910253924,0.0014349976430938494,0.016810151138125784,0.16807819760759377,0.19926521880635548,0.0,0.0,0.0,0.0,0.0,1.0,-0.005067630136623306,-0.011006745342355335,0.005920360931458963,0.004218801901791691,0.0014349976430938494,0.005067630136623306,jindal_stainless,2026-08-01
digest,2026-08-02,jindal_stainless,steel,0,4,0.0,0.0,734.7999877929688,731.7000122070312,-0.004218801901791691,0.005398403910253924,0.0014349976430938494,0.016810151138125784,0.16807819760759377,0.19926521880635548,0.0,0.0,0.0,0.0,0.0,1.0,-0.005067630136623306,-0.011006745342355335,0.005920360931458963,0.004218801901791691,0.0014349976430938494,0.005067630136623306,jindal_stainless,2026-08-02
digest,2026-08-03,jindal_stainless,steel,0,18,0.0,0.0,734.7999877929688,731.7000122070312,-0.004218801901791691,0.005398403910253924,0.0014349976430938494,0.016810151138125784,0.16807819760759377,0.19926521880635548,0.0,0.0,0.0,0.0,0.0,1.0,-0.005067630136623306,-0.011006745342355335,0.005920360931458963,0.004218801901791691,0.0014349976430938494,0.005067630136623306,jindal_stainless,2026-08-03
digest,2026-08-04,jindal_stainless,steel,1,23,0.0434782608695652,0.125,736.0499877929688,735.6500244140625,-0.0005433915977711701,0.012030143807833626,-0.014341124825664187,-0.004417861608294826,0.1754494409902116,0.19203696347683005,0.0,1.0,0.0,0.0434782608695652,0.0,0.0,-0.006208131744361888,-0.006304092843795897,-0.0009501979763314938,0.0005433915977711701,0.014341124825664187,0.006208131744361888,jindal_stainless,2026-08-04
digest,2026-08-05,jindal_stainless,steel,1,23,0.0434782608695652,0.5,739.5,744.5,0.006761325219743153,-0.016118200134318306,-0.008864977281312969,-0.02753525856279382,0.20714191266762408,0.20181019852378196,0.1,0.9,0.00434782608695652,0.039130434782608685,0.0,0.0,0.0029829770516549875,0.007772689132495594,-0.017363553464361296,0.006761325219743153,0.008864977281312969,0.0029829770516549875,jindal_stainless,2026-08-05
digest,2026-08-06,jindal_stainless,steel,3,41,0.073170731707317,0.375,746.0,732.5,-0.018096514745308268,0.002935186913396004,0.003959077698378888,-0.019249113427901032,0.1672327728947966,0.21875652808611815,0.2,2.8,0.00869565217391304,0.06447507953340396,1.0,0.0,-0.004011467957384671,0.013417330938649275,-0.02375363344903,0.018096514745308268,0.003959077698378888,0.004011467957384671,jindal_stainless,2026-08-06
digest,2026-08-07,jindal_stainless,steel,0,18,0.0,0.0,732.5,734.6500244140625,0.002935186913396004,-0.002586298714926105,0.004355749085324323,-0.045327772029524205,0.16756965889583922,0.14737499457308714,0.5,-0.5,0.016012725344644742,-0.016012725344644742,0.0,1.0,0.002956612801412414,0.010090251472106262,-0.04457083567943717,0.002935186913396004,0.004355749085324323,0.002956612801412414,jindal_stainless,2026-08-07
digest,2026-08-08,jindal_stainless,steel,0,9,0.0,0.0,737.8499755859375,732.75,-0.006911941119043252,-0.010440156143381119,0.01535312180143289,-0.041419277497014684,0.17109771176193733,0.1362000906727735,0.5,-0.5,0.016012725344644742,-0.016012725344644742,0.0,1.0,-0.010675551813541184,0.01714842226620564,-0.052839778755069906,0.006911941119043252,0.01535312180143289,0.010675551813541184,jindal_stainless,2026-08-08
digest,2026-08-09,jindal_stainless,steel,0,12,0.0,0.0,737.8499755859375,732.75,-0.006911941119043252,-0.010440156143381119,0.01535312180143289,-0.041419277497014684,0.17109771176193733,0.1362000906727735,0.5,-0.5,0.016012725344644742,-0.016012725344644742,0.0,1.0,-0.010675551813541184,0.01714842226620564,-0.052839778755069906,0.006911941119043252,0.01535312180143289,0.010675551813541184,jindal_stainless,2026-08-09
digest,2026-08-10,jindal_stainless,steel,0,16,0.0,0.0,737.8499755859375,732.75,-0.006911941119043252,-0.010440156143381119,0.01535312180143289,-0.041419277497014684,0.17109771176193733,0.1362000906727735,0.5,-0.5,0.016012725344644742,-0.016012725344644742,0.0,1.0,-0.010675551813541184,0.01714842226620564,-0.052839778755069906,0.006911941119043252,0.01535312180143289,0.010675551813541184,jindal_stainless,2026-08-10
digest,2026-08-11,jindal_stainless,steel,2,77,0.0259740259740259,0.1333333333333333,735.0,725.0999755859375,-0.013469420971513602,0.01765280548765924,0.010067644564773381,-0.03268508063694742,0.1984915924616442,0.14838632648574215,0.5,1.5,0.016012725344644742,0.009961300629381158,0.0,0.0,-0.0021611825423776734,0.005836760360105069,-0.06050016757047089,0.013469420971513602,0.010067644564773381,0.0021611825423776734,jindal_stainless,2026-08-11
digest,2026-08-12,jindal_stainless,steel,0,25,0.0,0.0,728.0,737.9000244140625,0.013598934634701187,-0.003387992840879983,-0.01883727328116025,-0.0338121850949159,0.15797530728277465,0.17120025666801708,0.7,-0.7,0.01861012794204733,-0.01861012794204733,0.0,1.0,0.013125474156599481,-0.02509525328958584,-0.08315387788425599,0.013598934634701187,0.01883727328116025,0.013125474156599481,jindal_stainless,2026-08-12
digest,2026-08-13,jindal_stainless,steel,0,45,0.0,0.0,737.0,735.4000244140625,-0.0021709302387211693,0.003331453753794733,-0.023116670431912123,-0.041338079147174356,0.1603331026344836,0.15998418671980807,0.7,-0.7,0.01861012794204733,-0.01861012794204733,0.0,1.0,-0.00028882675403999305,-0.03715472007252507,-0.09150262351614792,0.0021709302387211693,0.023116670431912123,0.00028882675403999305,jindal_stainless,2026-08-13
digest,2026-08-14,jindal_stainless,steel,0,41,0.0,0.0,736.0999755859375,737.8499755859375,0.002377394454614601,0.008335060808504657,-0.04946805069826665,-0.044317886093182435,0.18838655786468356,0.15943576750178096,0.7,-0.7,0.01861012794204733,-0.01861012794204733,0.0,1.0,-0.0028754720422441427,-0.054476431516216936,-0.11161765676201647,0.002377394454614601,0.04946805069826665,0.0028754720422441427,jindal_stainless,2026-08-14
digest,2026-08-15,jindal_stainless,steel,0,5,0.0,0.0,735.0,744.0,0.012244897959183598,-0.015591365034862248,-0.0559139456800235,-0.056249967185399874,0.14837680588530713,0.1615618750591428,0.6,-0.6,0.014262301855090809,-0.014262301855090809,0.0,1.0,0.002540503692193401,-0.06926014898149023,-0.1029144072315984,0.012244897959183598,0.0559139456800235,0.002540503692193401,jindal_stainless,2026-08-15
digest,2026-08-16,jindal_stainless,steel,0,3,0.0,0.0,735.0,744.0,0.012244897959183598,-0.015591365034862248,-0.0559139456800235,-0.056249967185399874,0.14837680588530713,0.1615618750591428,0.5,-0.5,0.00991447576813429,-0.00991447576813429,0.0,1.0,0.002540503692193401,-0.06926014898149023,-0.1029144072315984,0.012244897959183598,0.0559139456800235,0.002540503692193401,jindal_stainless,2026-08-16
digest,2026-08-17,jindal_stainless,steel,0,31,0.0,0.0,735.0,744.0,0.012244897959183598,-0.015591365034862248,-0.0559139456800235,-0.056249967185399874,0.14837680588530713,0.1615618750591428,0.2,-0.2,0.00259740259740259,-0.00259740259740259,0.0,1.0,0.002540503692193401,-0.06926014898149023,-0.1029144072315984,0.012244897959183598,0.0559139456800235,0.002540503692193401,jindal_stainless,2026-08-17
digest,2026-08-18,jindal_stainless,steel,0,59,0.0,0.0,744.0,732.4000244140625,-0.015591365034862248,-0.01146917549706905,-0.04232659607678291,0.0021845651728609194,0.157038981083447,0.18131488838897508,0.2,-0.2,0.00259740259740259,-0.00259740259740259,0.0,1.0,-0.008400853231252645,-0.06611930930541399,-0.049565365178976965,0.015591365034862248,0.04232659607678291,0.008400853231252645,jindal_stainless,2026-08-18
digest,2026-07-07,jindal_steel,steel,4,52,0.0769230769230769,0.2352941176470588,1053.9000244140625,1035.4000244140625,-0.017553847206982942,-0.013424786639278485,0.004539261214074886,0.00898196497829451,0.2812402848514054,0.2630165653919757,1.0,3.0,0.03548507462686564,0.04143800229621126,1.0,0.0,-0.010878630218435159,-0.010620803053431922,-0.015370216384166087,0.017553847206982942,0.004539261214074886,0.010878630218435159,jindal_steel,2026-07-07
digest,2026-07-08,jindal_steel,steel,4,82,0.048780487804878,0.2105263157894736,1029.199951171875,1021.5,-0.007481491971611187,0.008125353723078765,0.02026426938020065,0.023005384238864446,0.2509688099502822,0.2589669900525883,1.5,2.5,0.042391408342900845,0.006389079461977157,1.0,0.0,0.00011080198683856464,-0.006247025606830277,-0.010003302742102434,0.007481491971611187,0.02026426938020065,0.00011080198683856464,jindal_steel,2026-07-08
digest,2026-07-09,jindal_steel,steel,0,23,0.0,0.0,1023.5999755859375,1029.800048828125,0.006057125234531613,0.020877839367424933,-0.0017479595482379207,0.011749830075951984,0.2754153714849747,0.23769125140907885,1.8571428571428572,-1.8571428571428572,0.04330413398032616,-0.04330413398032616,0.0,1.0,0.0004905860660316796,-0.017162142106864717,-0.007925806043315182,0.006057125234531613,0.0017479595482379207,0.0004905860660316796,jindal_steel,2026-07-09
digest,2026-07-10,jindal_steel,steel,1,22,0.0454545454545454,0.1428571428571428,1044.4000244140625,1051.300048828125,0.0066066873350885125,-0.021402072629103874,-0.025016691340822628,-0.014743650033382627,0.20274876876501657,0.26586064202827525,1.625,-0.625,0.03789111723278539,0.00756342822176001,0.0,0.0,-0.0020355799455749057,-0.02037762484172753,-0.006436212237806707,0.0066066873350885125,0.025016691340822628,0.0020355799455749057,jindal_steel,2026-07-10
digest,2026-07-12,jindal_steel,steel,0,2,0.0,0.0,1044.300048828125,1028.800048828125,-0.014842477521085584,0.010983598582332776,0.004374027786182344,0.03586693292421739,0.15478466837704727,0.27955090294020085,1.5555555555555556,-1.5555555555555556,0.038731498146314276,-0.038731498146314276,0.0,1.0,-0.020209860433725066,-0.0022412910148628907,0.029202201239717618,0.014842477521085584,0.004374027786182344,0.020209860433725066,jindal_steel,2026-07-12
digest,2026-07-13,jindal_steel,steel,4,33,0.1212121212121212,0.3333333333333333,1044.300048828125,1028.800048828125,-0.014842477521085584,0.010983598582332776,0.004374027786182344,0.03586693292421739,0.15478466837704727,0.27955090294020085,1.4,2.6,0.034858348331682845,0.08635377288043836,1.0,0.0,-0.020209860433725066,-0.0022412910148628907,0.029202201239717618,0.014842477521085584,0.004374027786182344,0.020209860433725066,jindal_steel,2026-07-13
digest,2026-07-14,jindal_steel,steel,2,35,0.0571428571428571,0.25,1026.699951171875,1040.0999755859375,0.013051548701027649,0.0020190132056818744,0.004422628299117326,0.013748725280056995,0.15498547963828072,0.2876215028074415,1.6,0.3999999999999999,0.03983670331003783,0.01730615383281927,0.0,0.0,0.005867171280937817,-0.004372407410257953,0.013622310918023493,0.013051548701027649,0.004422628299117326,0.005867171280937817,jindal_steel,2026-07-14
digest,2026-07-15,jindal_steel,steel,1,17,0.0588235294117647,0.25,1045.699951171875,1042.199951171875,-0.0033470404164002154,-0.013624977775050007,0.0026866714251680968,0.044617158106478705,0.15470003054191106,0.2423712168777594,1.7,-0.7,0.04405845171089071,0.014765077700873985,0.0,0.0,0.0030016176989153187,-0.0037675730107516693,0.020469884916773675,0.0033470404164002154,0.0026866714251680968,0.0030016176989153187,jindal_steel,2026-07-15
digest,2026-07-16,jindal_steel,steel,0,38,0.0,0.0,1041.9000244140625,1028.0,-0.01334103473303927,-0.0029182879377431803,0.013521424527298098,0.06391045833839981,0.10289711917782132,0.2407773536005363,1.7,-1.7,0.043690804652067185,-0.043690804652067185,0.0,1.0,-0.009727372624337063,0.009278507703166787,0.0375533713690369,0.01334103473303927,0.013521424527298098,0.009727372624337063,jindal_steel,2026-07-16
digest,2026-07-17,jindal_steel,steel,3,45,0.0666666666666666,0.2,1031.0,1025.0,-0.005819592628516057,0.00809760861280484,0.010536633003048745,0.07551221894054883,0.11447036840419857,0.23254727216282833,1.6,1.4,0.04083366179492433,0.02583300487174227,0.0,0.0,-0.0034574301086886766,0.014126926015318255,0.050156370182575585,0.005819592628516057,0.010536633003048745,0.0034574301086886766,jindal_steel,2026-07-17
digest,2026-07-18,jindal_steel,steel,0,9,0.0,0.0,1025.0,1033.300048828125,0.00809760861280484,0.011032518924855017,0.031355754197916585,0.06948603828988631,0.22469528896268526,0.23571638488556343,1.9,-1.9,0.04750032846159099,-0.04750032846159099,0.0,1.0,0.002526963112056183,0.031169638377342768,0.04380447165412213,0.00809760861280484,0.031355754197916585,0.002526963112056183,jindal_steel,2026-07-18
digest,2026-07-19,jindal_steel,steel,0,2,0.0,0.0,1025.0,1033.300048828125,0.00809760861280484,0.011032518924855017,0.031355754197916585,0.06948603828988631,0.22469528896268526,0.23571638488556343,1.5,-1.5,0.0398080207692833,-0.0398080207692833,0.0,1.0,0.002526963112056183,0.031169638377342768,0.04380447165412213,0.00809760861280484,0.031355754197916585,0.002526963112056183,jindal_steel,2026-07-19
digest,2026-07-20,jindal_steel,steel,1,12,0.0833333333333333,0.1428571428571428,1025.0,1033.300048828125,0.00809760861280484,0.011032518924855017,0.031355754197916585,0.06948603828988631,0.22469528896268526,0.23571638488556343,1.1,-0.10000000000000009,0.034929971988795494,0.04840336134453781,0.0,0.0,0.002526963112056183,0.031169638377342768,0.04380447165412213,0.00809760861280484,0.031355754197916585,0.002526963112056183,jindal_steel,2026-07-20
digest,2026-07-21,jindal_steel,steel,1,16,0.0625,0.125,1035.0,1044.699951171875,0.009371933499396246,0.0002872105313955764,0.009285032732419207,0.07590700922228577,0.2471956340806454,0.2140804944078756,1.2,-0.19999999999999996,0.043263305322128826,0.019236694677871174,0.0,0.0,0.007842351039605178,0.01775282059433433,0.04883900986012889,0.009371933499396246,0.009285032732419207,0.007842351039605178,jindal_steel,2026-07-21
digest,2026-07-22,jindal_steel,steel,1,27,0.037037037037037,0.1111111111111111,1050.0,1045.0,-0.004761904761904745,-0.0029664838142942074,0.04181813509270338,0.06545456881728473,0.3267474041520148,0.1987715498411493,1.2,-0.19999999999999996,0.04496785077667429,-0.00793081373963729,0.0,0.0,0.004352713082238184,0.02402518643820406,0.021170407380311604,0.004761904761904745,0.04181813509270338,0.004352713082238184,jindal_steel,2026-07-22
digest,2026-07-23,jindal_steel,steel,2,30,0.0666666666666666,0.1818181818181818,1042.0,1041.9000244140625,-9.594585982486414e-05,-0.005854664980325719,0.04971679196086343,0.05672326922074289,0.3143612794074295,0.19753925603231398,1.3,0.7,0.04867155448037799,0.017995112186288603,0.0,0.0,0.0003319008011642025,0.02772733459088141,0.0187132265269897,9.594585982486414e-05,0.04971679196086343,0.0003319008011642025,jindal_steel,2026-07-23
digest,2026-07-24,jindal_steel,steel,0,11,0.0,0.0,1032.0,1035.800048828125,0.0036822178567101904,0.02886648091741062,0.06429810045026252,0.06487733925857908,0.28462338227351275,0.1662227689568861,1.1,-1.1,0.04321700902583253,-0.04321700902583253,0.0,1.0,0.005355710280706789,0.03516681394170326,0.018887478808068958,0.0036822178567101904,0.06429810045026252,0.005355710280706789,jindal_steel,2026-07-24
digest,2026-07-25,jindal_steel,steel,2,21,0.0952380952380952,0.4,1055.0,1065.699951171875,0.010142133812203857,-0.010603291053346453,0.036971029576136294,0.05564422590328255,0.24953142016225427,0.18734865464703512,0.9,1.1,0.03750272331154682,0.05773537192654839,0.0,0.0,0.005168116685677325,0.011677074045822761,0.017380937439535678,0.010142133812203857,0.036971029576136294,0.005168116685677325,jindal_steel,2026-07-25
digest,2026-07-26,jindal_steel,steel,3,12,0.25,0.5,1055.0,1065.699951171875,0.010142133812203857,-0.010603291053346453,0.036971029576136294,0.05564422590328255,0.24953142016225427,0.18734865464703512,1.0,2.0,0.041144179894179865,0.20885582010582013,1.0,0.0,0.005168116685677325,0.011677074045822761,0.017380937439535678,0.010142133812203857,0.036971029576136294,0.005168116685677325,jindal_steel,2026-07-26
digest,2026-07-27,jindal_steel,steel,9,40,0.225,0.75,1055.0,1065.699951171875,0.010142133812203857,-0.010603291053346453,0.036971029576136294,0.05564422590328255,0.24953142016225427,0.18734865464703512,1.3,7.7,0.06614417989417987,0.15885582010582014,1.0,0.0,0.005168116685677325,0.011677074045822761,0.017380937439535678,0.010142133812203857,0.036971029576136294,0.005168116685677325,jindal_steel,2026-07-27
digest,2026-07-28,jindal_steel,steel,1,13,0.0769230769230769,0.5,1072.0,1054.4000244140625,-0.016417887673449205,0.03253027879705628,0.06600908002123274,0.03850528703136091,0.19534260454839275,0.19469811278931348,1.9,-0.8999999999999999,0.0819775132275132,-0.005054436304436305,0.0,0.0,-0.01343619584751194,0.030447540877036987,0.0111387628140176,0.016417887673449205,0.06600908002123274,0.01343619584751194,jindal_steel,2026-07-28
digest,2026-07-29,jindal_steel,steel,1,28,0.0357142857142857,0.125,1054.4000244140625,1088.699951171875,0.03253027879705628,0.004592633621980147,0.022687677367488,0.021401717528364728,0.1524757164006179,0.24973461933063704,2.0,-1.0,0.0896698209198209,-0.0539555352055352,0.0,0.0,0.018564129008882633,-0.0032838342501619253,0.012386267699910627,0.03253027879705628,0.022687677367488,0.018564129008882633,jindal_steel,2026-07-29
digest,2026-07-30,jindal_steel,steel,2,29,0.0689655172413793,0.25,1090.0,1093.699951171875,0.0033944506163989807,0.007954716677883722,0.006674635781324767,0.005668897795546357,0.188685433298193,0.22859485656986187,2.1,-0.10000000000000009,0.09324124949124948,-0.02427573224987019,0.0,0.0,0.005122401439225013,-0.008716587035462948,-8.972703038856444e-05,0.0033944506163989807,0.006674635781324767,0.005122401439225013,jindal_steel,2026-07-30
digest,2026-07-31,jindal_steel,steel,0,16,0.0,0.0,1094.5,1102.4000244140625,0.007217930026553132,0.0024491573948486334,0.0005442448953649759,-0.009887540069545953,0.18006155666057203,0.22275099155012174,2.2,-2.2,0.09180446788205407,-0.09180446788205407,0.0,1.0,0.013500869675409612,-0.016028489165815087,-0.021132922620111683,0.007217930026553132,0.0005442448953649759,0.013500869675409612,jindal_steel,2026-07-31
digest,2026-08-01,jindal_steel,steel,0,19,0.0,0.0,1114.0,1105.0999755859375,-0.007989249922856767,0.017102547128409418,0.018007442632971937,0.009953850550189047,0.22999393288494344,0.22405212539161154,2.1,-2.1,0.08555446788205406,-0.08555446788205406,0.0,1.0,-0.00883807815768838,0.005565699647522753,-0.0009359396564777734,0.007989249922856767,0.018007442632971937,0.00883807815768838,jindal_steel,2026-08-01
digest,2026-08-02,jindal_steel,steel,0,4,0.0,0.0,1114.0,1105.0999755859375,-0.007989249922856767,0.017102547128409418,0.018007442632971937,0.009953850550189047,0.22999393288494344,0.22405212539161154,2.0,-2.0,0.08185076417835037,-0.08185076417835037,0.0,1.0,-0.00883807815768838,0.005565699647522753,-0.0009359396564777734,0.007989249922856767,0.018007442632971937,0.00883807815768838,jindal_steel,2026-08-02
digest,2026-08-03,jindal_steel,steel,1,18,0.0555555555555555,0.1,1114.0,1105.0999755859375,-0.007989249922856767,0.017102547128409418,0.018007442632971937,0.009953850550189047,0.22999393288494344,0.22405212539161154,1.8,-0.8,0.07518409751168371,-0.019628541956128218,0.0,0.0,-0.00883807815768838,0.005565699647522753,-0.0009359396564777734,0.007989249922856767,0.018007442632971937,0.00883807815768838,jindal_steel,2026-08-03
digest,2026-08-04,jindal_steel,steel,1,23,0.0434782608695652,0.125,1106.0999755859375,1124.0,0.016183007692935014,-0.00943058326151025,-0.025800711743772187,-0.020017793594306,0.2744318434905512,0.22925263541088514,1.9,-0.8999999999999999,0.08073965306723926,-0.03726139219767406,0.0,0.0,0.010518267546344297,-0.0177636797619039,-0.016550129962342668,0.016183007692935014,0.025800711743772187,0.010518267546344297,jindal_steel,2026-08-04
digest,2026-08-05,jindal_steel,steel,0,23,0.0,0.0,1124.0,1113.4000244140625,-0.00943058326151025,-0.01113707934449537,-0.0012574316358572313,0.0014370177392257766,0.3050682615490939,0.24254239779290282,1.8,-1.8,0.07556366963038626,-0.07556366963038626,0.0,1.0,-0.013208931429598416,0.015380234777951331,0.0116087228376583,0.00943058326151025,0.0012574316358572313,0.013208931429598416,jindal_steel,2026-08-05
digest,2026-08-06,jindal_steel,steel,1,41,0.024390243902439,0.125,1122.0,1101.0,-0.018716577540106916,0.0018165304268846771,-0.0009990695603429023,0.01625796949506131,0.3044902393683057,0.25460580886312445,1.5,-0.5,0.050563669630386256,-0.026173425727947255,0.0,0.0,-0.004631530752183319,0.008459183679927484,0.01175344947393234,0.018716577540106916,0.0009990695603429023,0.004631530752183319,jindal_steel,2026-08-06
digest,2026-08-07,jindal_steel,steel,0,18,0.0,0.0,1101.0,1103.0,0.0018165304268846771,0.01994560290117864,-0.010426110607434258,0.022484178447982783,0.3082088861998929,0.24772180932945978,0.7,-0.7,0.03050269402063016,-0.03050269402063016,0.0,1.0,0.0018379563149010872,-0.00469160822065232,0.023241114798069815,0.0018165304268846771,0.010426110607434258,0.0018379563149010872,jindal_steel,2026-08-07
digest,2026-08-08,jindal_steel,steel,1,9,0.1111111111111111,1.0,1107.5999755859375,1125.0,0.015709664858793104,-0.026666666666666616,-0.007911132812499999,0.021333333333333426,0.32012564509874675,0.22837483468707342,0.6,0.4,0.02281038632832247,0.08830072478278864,0.0,0.0,0.011946054164295172,-0.006115832347727248,0.009912832075278202,0.015709664858793104,0.007911132812499999,0.011946054164295172,jindal_steel,2026-08-08
digest,2026-08-09,jindal_steel,steel,0,12,0.0,0.0,1107.5999755859375,1125.0,0.015709664858793104,-0.026666666666666616,-0.007911132812499999,0.021333333333333426,0.32012564509874675,0.22837483468707342,0.6,-0.6,0.03035006886800501,-0.03035006886800501,0.0,1.0,0.011946054164295172,-0.006115832347727248,0.009912832075278202,0.015709664858793104,0.007911132812499999,0.011946054164295172,jindal_steel,2026-08-09
digest,2026-08-10,jindal_steel,steel,2,16,0.125,0.4,1107.5999755859375,1125.0,0.015709664858793104,-0.026666666666666616,-0.007911132812499999,0.021333333333333426,0.32012564509874675,0.22837483468707342,0.4,1.6,0.02345351714386708,0.10154648285613292,0.0,0.0,0.011946054164295172,-0.006115832347727248,0.009912832075278202,0.015709664858793104,0.007911132812499999,0.011946054164295172,jindal_steel,2026-08-10
digest,2026-08-11,jindal_steel,steel,3,77,0.0389610389610389,0.2,1125.0,1095.0,-0.026666666666666616,0.01552511415525104,0.005936073059360725,0.053972580443778506,0.2618658065681335,0.2704866144495317,0.6,2.4,0.03595351714386708,0.0030075218171718154,1.0,0.0,-0.015358428237530688,0.0017051888546924122,0.02615749351025503,0.026666666666666616,0.005936073059360725,0.015358428237530688,jindal_steel,2026-08-11
digest,2026-08-12,jindal_steel,steel,1,25,0.04,1.0,1096.0,1112.0,0.014598540145985384,-0.010881273008936598,0.0026978417266187993,0.05701441044430089,0.25149529596814485,0.2306531866737278,0.9,0.09999999999999998,0.03984962103997097,0.00015037896002902812,0.0,0.0,0.014125079667883678,-0.0035601382818067906,0.007672717654960803,0.014598540145985384,0.0026978417266187993,0.014125079667883678,jindal_steel,2026-08-12
digest,2026-08-13,jindal_steel,steel,0,45,0.0,0.0,1105.5999755859375,1099.9000244140625,-0.005155527584788655,-0.00763707994145868,0.017274297279992856,0.0637330430311438,0.22977981138181075,0.23911228490846476,1.0,-1.0,0.04384962103997097,-0.04384962103997097,0.0,1.0,-0.0032734241001074788,0.0032362476393799078,0.013568498662170234,0.005155527584788655,0.017274297279992856,0.0032734241001074788,jindal_steel,2026-08-13
digest,2026-08-14,jindal_steel,steel,2,41,0.048780487804878,0.25,1098.9000244140625,1091.5,-0.006734028801217096,0.022537769661875817,0.033257030534241894,0.08034810002004122,0.2077085070770593,0.23861771012177932,0.9,1.1,0.03829406548441542,0.010486422320462582,0.0,0.0,-0.01198689529807584,0.02824864971629161,0.013048329351207186,0.006734028801217096,0.033257030534241894,0.01198689529807584,jindal_steel,2026-08-14
digest,2026-08-15,jindal_steel,steel,0,5,0.0,0.0,1090.0999755859375,1116.0999755859375,0.023851023376112668,-0.013081243531317788,0.02947766789152606,0.06881108369149991,0.19066343231920416,0.2662065013475064,1.0,-1.0,0.0388242881779467,-0.0388242881779467,0.0,1.0,0.01414662910912247,0.016131464590059333,0.022146643645301375,0.023851023376112668,0.02947766789152606,0.01414662910912247,jindal_steel,2026-08-15
digest,2026-08-16,jindal_steel,steel,0,3,0.0,0.0,1090.0999755859375,1116.0999755859375,0.023851023376112668,-0.013081243531317788,0.02947766789152606,0.06881108369149991,0.19066343231920416,0.2662065013475064,1.0,-1.0,0.0388242881779467,-0.0388242881779467,0.0,1.0,0.01414662910912247,0.016131464590059333,0.022146643645301375,0.023851023376112668,0.02947766789152606,0.01414662910912247,jindal_steel,2026-08-16
digest,2026-08-17,jindal_steel,steel,0,31,0.0,0.0,1090.0999755859375,1116.0999755859375,0.023851023376112668,-0.013081243531317788,0.02947766789152606,0.06881108369149991,0.19066343231920416,0.2662065013475064,0.9,-0.9,0.0363852637877028,-0.0363852637877028,0.0,1.0,0.01414662910912247,0.016131464590059333,0.022146643645301375,0.023851023376112668,0.02947766789152606,0.01414662910912247,jindal_steel,2026-08-17
digest,2026-08-18,jindal_steel,steel,3,59,0.0508474576271186,0.2307692307692307,1119.0,1101.5,-0.015638963360143032,0.012256014525646952,0.04775304183925333,0.05310939627780309,0.0997738421457308,0.2584670625505279,0.9,2.1,0.0363852637877028,0.014462193839415799,1.0,0.0,-0.00844845155653343,0.02396032861062225,0.0013594659259652045,0.015638963360143032,0.04775304183925333,0.00844845155653343,jindal_steel,2026-08-18
digest,2026-07-07,jsw_steel,steel,4,52,0.0769230769230769,0.2352941176470588,1236.0,1246.4000244140625,0.008414259234678312,-0.02158217577595789,0.001042945067674772,0.016848523418372174,0.23253029360902072,0.09984591803618575,1.2,2.8,0.03598166999105852,0.04094140693201838,1.0,0.0,0.015089476223226095,-0.014117119199832035,-0.007503657944088422,0.008414259234678312,0.001042945067674772,0.015089476223226095,jsw_steel,2026-07-07
digest,2026-07-08,jsw_steel,steel,5,82,0.0609756097560975,0.2631578947368421,1231.0,1219.5,-0.009341998375304583,0.0051660916999793915,0.006068080700338152,0.038868408703618185,0.20432202646440906,0.1435808863307601,1.6666666666666667,3.333333333333333,0.04280523781306158,0.018170371943035918,1.0,0.0,-0.0017497044168548314,-0.020443214286692775,0.005859721722651305,0.009341998375304583,0.006068080700338152,0.0017497044168548314,jsw_steel,2026-07-08
digest,2026-07-09,jsw_steel,steel,3,23,0.1304347826086956,0.6,1224.0,1225.800048828125,0.001470628127553164,0.01598953728601593,-0.003915849760908308,0.017131668431630498,0.20463225968252705,0.14682038376693235,2.142857142857143,0.8571428571428572,0.04540100523349528,0.08503377737520032,0.0,0.0,-0.004095911040946769,-0.019330032319535104,-0.0025439676876366675,0.001470628127553164,0.003915849760908308,0.004095911040946769,jsw_steel,2026-07-09
digest,2026-07-10,jsw_steel,steel,2,22,0.0909090909090909,0.2857142857142857,1232.300048828125,1245.4000244140625,0.010630508047447584,-0.00642363886556363,-0.006503914747993056,-0.003693572744308926,0.1914900719691678,0.16835445233548138,2.25,-0.25,0.05603022740539532,0.034878863503695574,0.0,0.0,0.001988240766784166,-0.0018648482488979557,0.004613865051266994,0.010630508047447584,0.006503914747993056,0.001988240766784166,jsw_steel,2026-07-10
digest,2026-07-12,jsw_steel,steel,0,2,0.0,0.0,1235.199951171875,1237.4000244140625,0.0017811474491236101,0.008323845607397518,0.015839643768569056,0.00581861243722237,0.21738435287943084,0.17267467704745357,2.2222222222222223,-2.2222222222222223,0.05990565668358372,-0.05990565668358372,0.0,1.0,-0.00358623546351587,0.00922432496752382,-0.0008461192472773993,0.0017811474491236101,0.015839643768569056,0.00358623546351587,jsw_steel,2026-07-12
digest,2026-07-13,jsw_steel,steel,3,33,0.0909090909090909,0.25,1235.199951171875,1237.4000244140625,0.0017811474491236101,0.008323845607397518,0.015839643768569056,0.00581861243722237,0.21738435287943084,0.17267467704745357,2.0,1.0,0.05391509101522535,0.03699399989386555,0.0,0.0,-0.00358623546351587,0.00922432496752382,-0.0008461192472773993,0.0017811474491236101,0.015839643768569056,0.00358623546351587,jsw_steel,2026-07-13
digest,2026-07-14,jsw_steel,steel,2,35,0.0571428571428571,0.25,1225.0999755859375,1247.699951171875,0.01844745411502302,-0.016670615990869164,0.01578911117507431,-0.0006411210941069667,0.21731048611485648,0.17397386577123827,2.1,-0.10000000000000009,0.0558631429632773,0.0012797141795797967,0.0,0.0,0.01126307669493319,0.006994075465699032,-0.0007675354561404685,0.01844745411502302,0.01578911117507431,0.01126307669493319,jsw_steel,2026-07-14
digest,2026-07-15,jsw_steel,steel,1,17,0.0588235294117647,0.25,1249.5999755859375,1226.9000244140625,-0.018165774340089147,-0.004808887681683971,0.03260249344204147,0.04050855830377098,0.14070541075542123,0.19169689246359084,2.1,-1.1,0.058592354050697334,0.00023117536106736364,0.0,0.0,-0.011817116224773612,0.026148249006121702,0.01636128511406595,0.018165774340089147,0.03260249344204147,0.011817116224773612,jsw_steel,2026-07-15
digest,2026-07-16,jsw_steel,steel,0,38,0.0,0.0,1232.9000244140625,1221.0,-0.009652059516924716,0.01334975333998778,0.02113026112049554,0.04078628077651514,0.20413228887415674,0.19116205666522512,2.1,-2.1,0.058224706991873806,-0.058224706991873806,0.0,1.0,-0.006038397408222509,0.01688734429636423,0.014429193807152223,0.009652059516924716,0.02113026112049554,0.006038397408222509,jsw_steel,2026-07-16
digest,2026-07-17,jsw_steel,steel,3,45,0.0666666666666666,0.2,1221.0,1237.300048828125,0.01334975333998778,0.01592172504198408,0.0028287398867516966,0.026428473192776414,0.1936156301587486,0.2016356845020845,2.1,0.8999999999999999,0.058224706991873806,0.00844195967479279,0.0,0.0,0.01571191585981516,0.006419032899021206,0.0010726244348031773,0.01334975333998778,0.0028287398867516966,0.01571191585981516,jsw_steel,2026-07-17
digest,2026-07-18,jsw_steel,steel,3,9,0.3333333333333333,0.75,1252.699951171875,1257.0,0.0034326247271760923,0.008273686884695763,-0.009864776781274842,0.028082775519590264,0.14503725694705447,0.21060271457732577,2.3,0.7000000000000002,0.06327847043273402,0.2700548629005993,0.0,0.0,-0.0021380207735725654,-0.01005089260184866,0.00240120888382608,0.0034326247271760923,0.009864776781274842,0.0021380207735725654,jsw_steel,2026-07-18
digest,2026-07-19,jsw_steel,steel,1,2,0.5,1.0,1252.699951171875,1257.0,0.0034326247271760923,0.008273686884695763,-0.009864776781274842,0.028082775519590264,0.14503725694705447,0.21060271457732577,2.2,-1.2000000000000002,0.08891949607375967,0.41108050392624035,0.0,0.0,-0.0021380207735725654,-0.01005089260184866,0.00240120888382608,0.0034326247271760923,0.009864776781274842,0.0021380207735725654,jsw_steel,2026-07-19
digest,2026-07-20,jsw_steel,steel,4,12,0.3333333333333333,0.5714285714285714,1252.699951171875,1257.0,0.0034326247271760923,0.008273686884695763,-0.009864776781274842,0.028082775519590264,0.14503725694705447,0.21060271457732577,1.8,2.2,0.13282193509814993,0.20051139823518338,1.0,0.0,-0.0021380207735725654,-0.01005089260184866,0.00240120888382608,0.0034326247271760923,0.009864776781274842,0.0021380207735725654,jsw_steel,2026-07-20
digest,2026-07-21,jsw_steel,steel,4,16,0.25,0.5,1259.0,1267.4000244140625,0.006671981266133775,-0.00039450843488120224,-0.016174845830129625,0.02572193069114781,0.12182603457728265,0.21357863173029293,1.9,2.1,0.1531117901706137,0.09688820982938631,1.0,0.0,0.005142398806342707,-0.007707057968214501,-0.001346068671009077,0.006671981266133775,0.016174845830129625,0.005142398806342707,jsw_steel,2026-07-21
digest,2026-07-22,jsw_steel,steel,2,27,0.074074074074074,0.2222222222222222,1264.5,1266.9000244140625,0.0018980026999309008,-0.01586547888436085,0.007656445642868492,0.049806594340481736,0.23032346267957182,0.17099718073858808,2.1,-0.10000000000000009,0.1690208810797046,-0.09494680700563059,0.0,0.0,0.01101262054407383,-0.010136503011630826,0.005522432903508609,0.0018980026999309008,0.007656445642868492,0.01101262054407383,jsw_steel,2026-07-22
digest,2026-07-23,jsw_steel,steel,3,30,0.1,0.2727272727272727,1256.0,1246.800048828125,-0.007324801888435539,-0.004812319349553618,0.01924927739821447,0.04900543246157696,0.18595376046289117,0.19713791781515913,2.3,0.7000000000000002,0.17642828848711198,-0.07642828848711197,0.0,0.0,-0.006896955227446473,-0.002740179971767547,0.010995389767823771,0.007324801888435539,0.01924927739821447,0.006896955227446473,jsw_steel,2026-07-23
digest,2026-07-24,jsw_steel,steel,1,11,0.0909090909090909,0.5,1238.5999755859375,1240.800048828125,0.001776258102335948,0.003062481147870111,0.023533164106056326,0.04730814705182684,0.17573339890726555,0.18221664000071175,2.3,-1.2999999999999998,0.17733737939620292,-0.08642828848711202,0.0,0.0,0.0034497505263325467,-0.005598122402502934,0.0013182866013167205,0.001776258102335948,0.023533164106056326,0.0034497505263325467,jsw_steel,2026-07-24
digest,2026-07-25,jsw_steel,steel,0,21,0.0,0.0,1251.0,1244.5999755859375,-0.005115926789818093,0.0018480225560362218,0.03832562604681966,0.04611925561627905,0.1961175955809457,0.17950822030611888,2.2,-2.2,0.1807140027728263,-0.1807140027728263,0.0,1.0,-0.010089943916344626,0.013031670516506128,0.00785596715253218,0.005115926789818093,0.03832562604681966,0.010089943916344626,jsw_steel,2026-07-25
digest,2026-07-26,jsw_steel,steel,1,12,0.0833333333333333,0.1666666666666666,1251.0,1244.5999755859375,-0.005115926789818093,0.0018480225560362218,0.03832562604681966,0.04611925561627905,0.1961175955809457,0.17950822030611888,2.1,-1.1,0.17483164983164984,-0.09149831649831654,0.0,0.0,-0.010089943916344626,0.013031670516506128,0.00785596715253218,0.005115926789818093,0.03832562604681966,0.010089943916344626,jsw_steel,2026-07-26
digest,2026-07-27,jsw_steel,steel,1,40,0.025,0.0833333333333333,1251.0,1244.5999755859375,-0.005115926789818093,0.0018480225560362218,0.03832562604681966,0.04611925561627905,0.1961175955809457,0.17950822030611888,2.2,-1.2000000000000002,0.18316498316498314,-0.15816498316498315,0.0,0.0,-0.010089943916344626,0.013031670516506128,0.00785596715253218,0.005115926789818093,0.03832562604681966,0.010089943916344626,jsw_steel,2026-07-27
digest,2026-07-28,jsw_steel,steel,0,13,0.0,0.0,1241.199951171875,1246.9000244140625,0.004592389193059265,0.023819031670828217,0.04258559190492428,0.02927259546502281,0.19060203341594537,0.17462171145304956,2.0,-2.0,0.1789983164983165,-0.1789983164983165,0.0,1.0,0.007574081018996529,0.007024052760728532,0.0019060712476794972,0.004592389193059265,0.04258559190492428,0.007574081018996529,jsw_steel,2026-07-28
digest,2026-07-29,jsw_steel,steel,1,28,0.0357142857142857,0.125,1255.699951171875,1276.5999755859375,0.016644122980619347,-0.004543260902970303,0.04182988049138325,-0.0058749805290867485,0.1868640808457054,0.1844679384405448,1.7,-0.7,0.14566498316498314,-0.10995069745069744,0.0,0.0,0.002677973192445702,0.015858368873733326,-0.014890430357540849,0.016644122980619347,0.04182988049138325,0.002677973192445702,jsw_steel,2026-07-29
digest,2026-07-30,jsw_steel,steel,1,29,0.0344827586206896,0.125,1279.0999755859375,1270.800048828125,-0.006488880397335972,-0.0006295631077940511,0.0291941880393769,0.003304966171309154,0.24855253727295015,0.18411566999425433,1.7,-0.7,0.09923641173641172,-0.06475365311572212,0.0,0.0,-0.00476092957450994,0.013802965222589185,-0.0024536586546257677,0.006488880397335972,0.0291941880393769,0.00476092957450994,jsw_steel,2026-07-30
digest,2026-07-31,jsw_steel,steel,0,16,0.0,0.0,1276.4000244140625,1270.0,-0.005014121193706811,0.01755909356545282,0.023228346456692917,0.0,0.2611772859358071,0.17763845049464466,1.4,-1.4,0.06935135426514735,-0.06935135426514735,0.0,1.0,0.0012688184551496685,0.006655612395512853,-0.01124538255056573,0.005014121193706811,0.023228346456692917,0.0012688184551496685,jsw_steel,2026-07-31
digest,2026-08-01,jsw_steel,steel,0,19,0.0,0.0,1278.9000244140625,1292.300048828125,0.010477773209990993,0.005958330790792221,0.007505958992008788,-0.011220304458820385,0.23499627529599726,0.1812132731509914,1.0,-1.0,0.04435135426514735,-0.04435135426514735,0.0,1.0,0.009628944975159379,-0.004935783993440397,-0.022110094665487204,0.010477773209990993,0.007505958992008788,0.009628944975159379,jsw_steel,2026-08-01
digest,2026-08-02,jsw_steel,steel,0,4,0.0,0.0,1278.9000244140625,1292.300048828125,0.010477773209990993,0.005958330790792221,0.007505958992008788,-0.011220304458820385,0.23499627529599726,0.1812132731509914,0.8,-0.8,0.036943946857739954,-0.036943946857739954,0.0,1.0,0.009628944975159379,-0.004935783993440397,-0.022110094665487204,0.010477773209990993,0.007505958992008788,0.009628944975159379,jsw_steel,2026-08-02
digest,2026-08-03,jsw_steel,steel,1,18,0.0555555555555555,0.1,1278.9000244140625,1292.300048828125,0.010477773209990993,0.005958330790792221,0.007505958992008788,-0.011220304458820385,0.23499627529599726,0.1812132731509914,0.5,0.5,0.026943946857739952,0.028611608697815545,0.0,0.0,0.009628944975159379,-0.004935783993440397,-0.022110094665487204,0.010477773209990993,0.007505958992008788,0.009628944975159379,jsw_steel,2026-08-03
digest,2026-08-04,jsw_steel,steel,1,23,0.0434782608695652,0.125,1280.5,1300.0,0.015228426395939021,0.023076923076922995,-0.012769211989182683,-0.02492309570312501,0.2544020544626425,0.1796322328751079,0.5,0.5,0.023408593322386408,0.020069667547178795,0.0,0.0,0.009563686249348304,-0.004732180007314393,-0.021455432071161677,0.015228426395939021,0.012769211989182683,0.009563686249348304,jsw_steel,2026-08-04
digest,2026-08-05,jsw_steel,steel,0,23,0.0,0.0,1304.5,1330.0,0.019547719432732924,-0.016616522996945493,-0.04578949204064853,-0.033233045993890986,0.11666314342376598,0.2054614327484288,0.6,-0.6,0.027756419409342932,-0.027756419409342932,0.0,1.0,0.01576937126464476,-0.029151825626839965,-0.023061340895458464,0.019547719432732924,0.04578949204064853,0.01576937126464476,jsw_steel,2026-08-05
digest,2026-08-06,jsw_steel,steel,1,41,0.024390243902439,0.125,1330.0,1307.9000244140625,-0.016616522996945493,-0.006422527912885112,-0.025154846547848053,-0.006269648359293445,0.12969639611976572,0.20761495509842542,0.5,0.5,0.0194230860760096,0.0049671578264294,0.0,0.0,-0.0025314762090218965,-0.015696593307577666,-0.010774168380422413,0.016616522996945493,0.025154846547848053,0.0025314762090218965,jsw_steel,2026-08-06
digest,2026-08-07,jsw_steel,steel,1,18,0.0555555555555555,1.0,1303.800048828125,1299.5,-0.003298089175552632,0.0019238168526356514,-0.02270103886110042,-0.004463292672662544,0.12925027283418788,0.20986323821098957,0.5,0.5,0.0193621104662535,0.036193445089302,0.0,0.0,-0.0032766632875362222,-0.01696653647431848,-0.003706356322575512,0.003298089175552632,0.02270103886110042,0.0032766632875362222,jsw_steel,2026-08-07
digest,2026-08-08,jsw_steel,steel,0,9,0.0,0.0,1299.5,1302.0,0.0019238168526356514,-0.014285695534514198,-0.01858675205213134,0.01920122887864828,0.1450715052832325,0.21019130075155687,0.6,-0.6,0.02491766602180905,-0.02491766602180905,0.0,1.0,-0.0018397938418622806,-0.016791451587358588,0.0077807276205930555,0.0019238168526356514,0.01858675205213134,0.0018397938418622806,jsw_steel,2026-08-08
digest,2026-08-09,jsw_steel,steel,0,12,0.0,0.0,1299.5,1302.0,0.0019238168526356514,-0.014285695534514198,-0.01858675205213134,0.01920122887864828,0.1450715052832325,0.21019130075155687,0.5,-0.5,0.02134623745038048,-0.02134623745038048,0.0,1.0,-0.0018397938418622806,-0.016791451587358588,0.0077807276205930555,0.0019238168526356514,0.01858675205213134,0.0018397938418622806,jsw_steel,2026-08-09
digest,2026-08-10,jsw_steel,steel,2,16,0.125,0.4,1299.5,1302.0,0.0019238168526356514,-0.014285695534514198,-0.01858675205213134,0.01920122887864828,0.1450715052832325,0.21019130075155687,0.4,1.6,0.01789796158831152,0.10710203841168847,0.0,0.0,-0.0018397938418622806,-0.016791451587358588,0.0077807276205930555,0.0019238168526356514,0.01858675205213134,0.0018397938418622806,jsw_steel,2026-08-10
digest,2026-08-11,jsw_steel,steel,4,77,0.0519480519480519,0.2666666666666666,1299.0,1283.4000244140625,-0.01200921908078334,-0.01114231615715744,-0.01231108658840685,0.02875177163169318,0.12103851824234595,0.23070291410680518,0.6,3.4,0.03039796158831152,0.021550090359740384,1.0,0.0,-0.0007009806516474117,-0.016541970793075164,0.0009366846981697027,0.01200921908078334,0.01231108658840685,0.0007009806516474117,jsw_steel,2026-08-11
digest,2026-08-12,jsw_steel,steel,0,25,0.0,0.0,1285.9000244140625,1269.0999755859375,-0.013064817255742822,0.004648983159375231,0.013158989491333983,0.056654342287625115,0.1396369047012515,0.20792799781608184,1.0,-1.0,0.03559276678311671,-0.03559276678311671,0.0,1.0,-0.013538277733844528,0.0069010094829083934,0.007312649498285029,0.013064817255742822,0.013158989491333983,0.013538277733844528,jsw_steel,2026-08-12
digest,2026-08-13,jsw_steel,steel,2,45,0.0444444444444444,1.0,1269.0999755859375,1275.0,0.004648983159375231,-0.0039215686274509665,0.019372510723039138,0.0490196078431373,0.15154029435134306,0.2080584520475722,1.0,1.0,0.03559276678311671,0.00885167766132769,0.0,0.0,0.006531086644056407,0.0053344610824261895,-0.0011449365258362626,0.004648983159375231,0.019372510723039138,0.006531086644056407,jsw_steel,2026-08-13
digest,2026-08-14,jsw_steel,steel,2,41,0.048780487804878,0.25,1267.300048828125,1270.0,0.0021304750791824034,0.006141770730807128,0.01866137887549213,0.05110238142839574,0.1538569691871158,0.20917103493985129,1.1,0.8999999999999999,0.0344816556720056,0.014298832132872405,0.0,0.0,-0.00312239141767634,0.013652998057541848,-0.0161973892404383,0.0021304750791824034,0.01866137887549213,0.00312239141767634,jsw_steel,2026-08-14
digest,2026-08-15,jsw_steel,steel,0,5,0.0,0.0,1263.5999755859375,1277.800048828125,0.011237791640192896,-0.007982526884031671,0.038503638512924265,0.023399515731096887,0.2212599082234088,0.18936866527916155,1.2,-1.2,0.03501187836553688,-0.03501187836553688,0.0,1.0,0.0015333973732026985,0.025157435211457538,-0.023264924315101645,0.011237791640192896,0.038503638512924265,0.0015333973732026985,jsw_steel,2026-08-15
digest,2026-08-16,jsw_steel,steel,0,3,0.0,0.0,1263.5999755859375,1277.800048828125,0.011237791640192896,-0.007982526884031671,0.038503638512924265,0.023399515731096887,0.2212599082234088,0.18936866527916155,1.2,-1.2,0.03501187836553688,-0.03501187836553688,0.0,1.0,0.0015333973732026985,0.025157435211457538,-0.023264924315101645,0.011237791640192896,0.038503638512924265,0.0015333973732026985,jsw_steel,2026-08-16
digest,2026-08-17,jsw_steel,steel,0,31,0.0,0.0,1263.5999755859375,1277.800048828125,0.011237791640192896,-0.007982526884031671,0.038503638512924265,0.023399515731096887,0.2212599082234088,0.18936866527916155,1.1,-1.1,0.032572853975292984,-0.032572853975292984,0.0,1.0,0.0015333973732026985,0.025157435211457538,-0.023264924315101645,0.011237791640192896,0.038503638512924265,0.0015333973732026985,jsw_steel,2026-08-17
digest,2026-08-18,jsw_steel,steel,4,59,0.0677966101694915,0.3076923076923077,1275.0,1267.5999755859375,-0.005803940716911815,0.014357899647145844,0.04157468780151041,0.03621018089152739,0.20882294694093353,0.18781877511625059,1.0,3.0,0.027017298419737434,0.04077931174975406,1.0,0.0,0.0013865710866977866,0.017781974572879333,-0.015539749460310497,0.005803940716911815,0.04157468780151041,0.0013865710866977866,jsw_steel,2026-08-18
digest,2026-07-07,kaynes,ems,1,52,0.0192307692307692,0.5,3358.0,3312.60009765625,-0.01351992327092022,-0.030761378820362895,-0.007305498580894909,-0.012226045645731487,0.6358664583626719,0.3749101564664512,0.4,0.6,0.01285714285714284,0.006373626373626361,0.0,0.0,0.0026019288588212675,-0.03673135499281621,-0.042976200617841576,0.01351992327092022,0.007305498580894909,0.0026019288588212675,kaynes,2026-07-07
digest,2026-07-08,kaynes,ems,1,82,0.0121951219512195,0.2,3282.0,3210.699951171875,-0.021724573073773623,0.06802259625807161,0.039399508494659674,0.01298780695986701,0.5807029179978879,0.4114544378061803,0.5,0.5,0.0139194139194139,-0.001724291968194399,0.0,0.0,-0.011112608793762876,-0.006605174413828241,-0.017554286644017852,0.021724573073773623,0.039399508494659674,0.011112608793762876,kaynes,2026-07-08
digest,2026-07-09,kaynes,ems,1,23,0.0434782608695652,0.1428571428571428,3241.5,3429.10009765625,0.05787447097215792,-0.027120818101391775,0.002828716250804275,-0.05505819120216626,0.3542777629855346,0.5294962817110562,0.5714285714285714,0.4285714285714286,0.013673086495386127,0.029805174374179073,0.0,0.0,0.025647643432672597,-0.03192134349571235,-0.03860412591892172,0.05787447097215792,0.002828716250804275,0.025647643432672597,kaynes,2026-07-09
digest,2026-07-10,kaynes,ems,0,22,0.0,0.0,3447.0,3336.10009765625,-0.03217287564367566,-0.004975899154798236,0.014897619890599678,-0.047930260424952964,0.3021335589880683,0.5541900347346298,0.625,-0.625,0.017398733292158512,-0.017398733292158512,0.0,1.0,-0.025831415722643025,0.005541953756820114,-0.009786647729171559,0.03217287564367566,0.014897619890599678,0.025831415722643025,kaynes,2026-07-10
digest,2026-07-12,kaynes,ems,0,2,0.0,0.0,3300.0,3319.5,0.005909090909090864,-0.009368910274514253,0.0028016414604985496,-0.04163276131100313,0.3323379759690245,0.5162998085469683,0.5555555555555556,-0.5555555555555556,0.0154655407041409,-0.0154655407041409,0.0,1.0,0.00027124264760860096,-0.009129476942003703,-0.010871718488829136,0.005909090909090864,0.0028016414604985496,0.00027124264760860096,kaynes,2026-07-12
digest,2026-07-13,kaynes,ems,0,33,0.0,0.0,3300.0,3319.5,0.005909090909090864,-0.009368910274514253,0.0028016414604985496,-0.04163276131100313,0.3323379759690245,0.5162998085469683,0.5,-0.5,0.01391898663372681,-0.01391898663372681,0.0,1.0,0.00027124264760860096,-0.009129476942003703,-0.010871718488829136,0.005909090909090864,0.0028016414604985496,0.00027124264760860096,kaynes,2026-07-13
digest,2026-07-14,kaynes,ems,0,35,0.0,0.0,3295.0,3288.39990234375,-0.002003064539074395,0.014840059079597845,-0.004956758658179794,-0.0184588106600454,0.35094883713946784,0.5165098127764028,0.4,-0.4,0.01034755806229824,-0.01034755806229824,0.0,1.0,-0.0070839491276065885,-0.006466501675373808,0.01848975999170057,0.002003064539074395,0.004956758658179794,0.0070839491276065885,kaynes,2026-07-14
digest,2026-07-15,kaynes,ems,0,17,0.0,0.0,3307.0,3337.199951171875,0.009132129172021441,0.030444713874747675,-0.025410538795659243,0.09031527954401919,0.3224759634982509,0.5182779007647861,0.4,-0.4,0.01034755806229824,-0.01034755806229824,0.0,1.0,0.016851747558449537,-0.010805282686448722,0.08094488626043828,0.009132129172021441,0.025410538795659243,0.016851747558449537,kaynes,2026-07-15
digest,2026-07-16,kaynes,ems,1,38,0.0263157894736842,0.1428571428571428,3369.699951171875,3438.800048828125,0.02050630580097179,-0.015412352927603679,-0.05772362370055362,0.05312898353428119,0.10179163770156612,0.5313537789727171,0.4,0.6,0.01034755806229824,0.01596823141138596,0.0,0.0,-0.004457596555017356,-0.008564264225377372,0.06730581902642069,0.02050630580097179,0.05772362370055362,0.004457596555017356,kaynes,2026-07-16
digest,2026-07-17,kaynes,ems,1,45,0.0222222222222222,0.125,3438.0,3385.800048828125,-0.015183231870818825,-0.016835016592231633,-0.061905633715374164,0.12369308369910326,0.115371178329362,0.47384380293342493,0.4,0.6,0.010121994152523812,0.012100228069698387,0.0,0.0,0.007210376422487636,-0.015187000928180129,0.10621274067212406,0.015183231870818825,0.061905633715374164,0.007210376422487636,kaynes,2026-07-17
digest,2026-07-18,kaynes,ems,0,9,0.0,0.0,3369.5,3328.800048828125,-0.012078928972213965,-0.0170331501863068,-0.04431026130630045,0.14305453742693763,0.14419152459758922,0.48147959702715715,0.5,-0.5,0.012344216374746031,-0.012344216374746031,0.0,1.0,-0.016207466371491192,-0.0027764283274163137,0.13179851407559104,0.012078928972213965,0.04431026130630045,0.016207466371491192,kaynes,2026-07-18
digest,2026-07-19,kaynes,ems,0,2,0.0,0.0,3369.5,3328.800048828125,-0.012078928972213965,-0.0170331501863068,-0.04431026130630045,0.14305453742693763,0.14419152459758922,0.48147959702715715,0.4,-0.4,0.010421139451669111,-0.010421139451669111,0.0,1.0,-0.016207466371491192,-0.0027764283274163137,0.13179851407559104,0.012078928972213965,0.04431026130630045,0.016207466371491192,kaynes,2026-07-19
digest,2026-07-20,kaynes,ems,0,12,0.0,0.0,3369.5,3328.800048828125,-0.012078928972213965,-0.0170331501863068,-0.04431026130630045,0.14305453742693763,0.14419152459758922,0.48147959702715715,0.3,-0.3,0.00920162725654716,-0.00920162725654716,0.0,1.0,-0.016207466371491192,-0.0027764283274163137,0.13179851407559104,0.012078928972213965,0.04431026130630045,0.016207466371491192,kaynes,2026-07-20
digest,2026-07-21,kaynes,ems,0,16,0.0,0.0,3339.0,3272.10009765625,-0.02003590965670865,-0.0060206579030424034,-0.013569311805643691,0.18425472459586345,0.197823911826101,0.48419073994756834,0.2,-0.2,0.00485380116959064,-0.00485380116959064,0.0,1.0,-0.010722627528710393,0.025151675363193127,0.14784822563216712,0.02003590965670865,0.013569311805643691,0.010722627528710393,kaynes,2026-07-21
digest,2026-07-22,kaynes,ems,0,27,0.0,0.0,3273.699951171875,3252.39990234375,-0.006506414499135804,-0.0037202846756039243,0.11874314564890853,0.19849960553467505,0.9373764246127015,0.4564893253693534,0.2,-0.2,0.00485380116959064,-0.00485380116959064,0.0,1.0,0.009815019051032436,0.09381038964069377,0.13500744759737054,0.006506414499135804,0.11874314564890853,0.009815019051032436,kaynes,2026-07-22
digest,2026-07-23,kaynes,ems,0,30,0.0,0.0,3249.699951171875,3240.300048828125,-0.002892544691813881,-0.019782148779534214,0.1176434112358633,0.18198930416494719,0.9392248723334417,0.2672931019670617,0.2,-0.2,0.00485380116959064,-0.00485380116959064,0.0,1.0,-0.00496672871866527,0.0805214984383012,0.1299160350841313,0.002892544691813881,0.1176434112358633,0.00496672871866527,kaynes,2026-07-23
digest,2026-07-24,kaynes,ems,1,11,0.0909090909090909,0.5,3213.0,3176.199951171875,-0.011453485474050784,0.0016057231076929135,0.19784653237984084,0.21412382976875355,0.86326409323795,0.25283528205116185,0.2,0.8,0.00485380116959064,0.08605528973950026,0.0,0.0,-0.00037425334887664086,0.12990208939623932,0.11418416031674368,0.011453485474050784,0.19784653237984084,0.00037425334887664086,kaynes,2026-07-24
digest,2026-07-25,kaynes,ems,0,21,0.0,0.0,3211.0,3181.300048828125,-0.009249439791926162,0.014585201531317926,0.1960519100993392,0.17407979138343932,0.8672919447994617,0.2548478572320311,0.3,-0.3,0.013944710260499728,-0.013944710260499728,0.0,1.0,-0.00493516566903814,0.1407416839812685,0.08932345244457922,0.009249439791926162,0.1960519100993392,0.00493516566903814,kaynes,2026-07-25
digest,2026-07-26,kaynes,ems,0,12,0.0,0.0,3211.0,3181.300048828125,-0.009249439791926162,0.014585201531317926,0.1960519100993392,0.17407979138343932,0.8672919447994617,0.2548478572320311,0.3,-0.3,0.013944710260499728,-0.013944710260499728,0.0,1.0,-0.00493516566903814,0.1407416839812685,0.08932345244457922,0.009249439791926162,0.1960519100993392,0.00493516566903814,kaynes,2026-07-26
digest,2026-07-27,kaynes,ems,0,40,0.0,0.0,3211.0,3181.300048828125,-0.009249439791926162,0.014585201531317926,0.1960519100993392,0.17407979138343932,0.8672919447994617,0.2548478572320311,0.2,-0.2,0.01131313131313131,-0.01131313131313131,0.0,1.0,-0.00493516566903814,0.1407416839812685,0.08932345244457922,0.009249439791926162,0.1960519100993392,0.00493516566903814,kaynes,2026-07-27
digest,2026-07-28,kaynes,ems,0,13,0.0,0.0,3183.0,3227.699951171875,0.01404333998488072,0.12730431970146117,0.20054529808234212,0.15181088930589626,0.8613293872758361,0.2690299854645805,0.1,-0.1,0.00909090909090909,-0.00909090909090909,0.0,1.0,0.021536734246041023,0.1226822846486005,0.06498161062969753,0.01404333998488072,0.20054529808234212,0.021536734246041023,kaynes,2026-07-28
digest,2026-07-29,kaynes,ems,1,28,0.0357142857142857,0.5,3271.0,3638.60009765625,0.11238156455403536,-0.004699636452839329,0.07129112718675468,0.05205295917673092,0.3517260077182215,0.7039089512803716,0.1,0.9,0.00909090909090909,0.026623376623376608,0.0,0.0,0.07350029417875825,0.03324741438398691,0.013321417987250672,0.11238156455403536,0.07129112718675468,0.07350029417875825,kaynes,2026-07-29
digest,2026-07-30,kaynes,ems,0,29,0.0,0.0,3650.0,3621.5,-0.007808219178082165,0.05055918753451616,0.0575728289382853,0.03838188595885672,0.40252110043318134,0.6967200705842511,0.2,-0.2,0.012662337662337658,-0.012662337662337658,0.0,1.0,-0.01546004998742843,0.04364097432873345,0.012989516802433692,0.007808219178082165,0.0575728289382853,0.01546004998742843,kaynes,2026-07-30
digest,2026-07-31,kaynes,ems,0,16,0.0,0.0,3644.60009765625,3804.60009765625,0.04390056404347131,0.00010511021749604055,0.01358880035873522,-0.037954093144593526,0.2080021473685699,0.7183261343111541,0.2,-0.2,0.012662337662337658,-0.012662337662337658,0.0,1.0,0.037529240716609624,-0.016615788370715295,-0.04858967150220187,0.04390056404347131,0.01358880035873522,0.037529240716609624,kaynes,2026-07-31
digest,2026-08-01,kaynes,ems,0,19,0.0,0.0,3830.0,3805.0,-0.00652741514360311,0.018396846254927768,-0.018370539380749062,-0.04047306176084098,0.3224575011829771,0.7037784041006849,0.2,-0.2,0.012662337662337658,-0.012662337662337658,0.0,1.0,0.005551214057141022,-0.047578942878668054,-0.07347760910047299,0.00652741514360311,0.018370539380749062,0.005551214057141022,kaynes,2026-08-01
digest,2026-08-02,kaynes,ems,0,4,0.0,0.0,3830.0,3805.0,-0.00652741514360311,0.018396846254927768,-0.018370539380749062,-0.04047306176084098,0.3224575011829771,0.7037784041006849,0.2,-0.2,0.012662337662337658,-0.012662337662337658,0.0,1.0,0.005551214057141022,-0.047578942878668054,-0.07347760910047299,0.00652741514360311,0.018370539380749062,0.005551214057141022,kaynes,2026-08-02
digest,2026-08-03,kaynes,ems,0,18,0.0,0.0,3830.0,3805.0,-0.00652741514360311,0.018396846254927768,-0.018370539380749062,-0.04047306176084098,0.3224575011829771,0.7037784041006849,0.2,-0.2,0.012662337662337658,-0.012662337662337658,0.0,1.0,0.005551214057141022,-0.047578942878668054,-0.07347760910047299,0.00652741514360311,0.018370539380749062,0.005551214057141022,kaynes,2026-08-03
digest,2026-08-04,kaynes,ems,0,23,0.0,0.0,3805.0,3875.0,0.018396846254927768,0.0059354838709677615,-0.04059356098790323,-0.0595870715725807,0.25895483311035356,0.6817542509136048,0.1,-0.1,0.00357142857142857,-0.00357142857142857,0.0,1.0,0.004527732674729409,-0.049051757819781217,-0.09186870140666883,0.018396846254927768,0.04059356098790323,0.004527732674729409,kaynes,2026-08-04
digest,2026-08-05,kaynes,ems,0,23,0.0,0.0,3894.699951171875,3898.0,0.0008473178600401088,-0.017444843509492047,-0.017957927142124186,-0.019163661152353795,0.370885617602429,0.6726216354592112,0.1,-0.1,0.00357142857142857,-0.00357142857142857,0.0,1.0,0.000951152204760238,-0.017682085026722454,-0.056991684481463245,0.0008473178600401088,0.017957927142124186,0.000951152204760238,kaynes,2026-08-05
digest,2026-08-06,kaynes,ems,0,41,0.0,0.0,3900.0,3830.0,-0.017948717948717996,0.006866853479928103,-0.018146214099216684,-0.003916449086161844,0.3713372075499258,0.6889493073153229,0.1,-0.1,0.00357142857142857,-0.00357142857142857,0.0,1.0,-0.005886141279461113,-0.029492747208941683,-0.05267961527813997,0.017948717948717996,0.018146214099216684,0.005886141279461113,kaynes,2026-08-06
digest,2026-08-07,kaynes,ems,0,18,0.0,0.0,3830.0,3856.300048828125,0.006866853479928103,-0.03142907700055808,-0.05085187749222009,0.008738933886152322,0.3886398021769123,0.66081467220677,0.1,-0.1,0.00357142857142857,-0.00357142857142857,0.0,1.0,-0.01706832658512684,-0.031604541974566455,-0.010724294398014127,0.006866853479928103,0.05085187749222009,0.01706832658512684,kaynes,2026-08-07
digest,2026-08-08,kaynes,ems,1,9,0.1111111111111111,1.0,3535.0,3735.10009765625,0.05660540244872703,-0.0046585489088480925,-0.022516156316405578,0.02813843023419227,0.34005072522863145,0.7062576234233838,0.1,0.9,0.00357142857142857,0.10753968253968253,0.0,0.0,0.05212818202077999,-0.02588878745567184,0.0073303609251433866,0.05660540244872703,0.022516156316405578,0.05212818202077999,kaynes,2026-08-08
digest,2026-08-09,kaynes,ems,1,12,0.0833333333333333,0.2,3535.0,3735.10009765625,0.05660540244872703,-0.0046585489088480925,-0.022516156316405578,0.02813843023419227,0.34005072522863145,0.7062576234233838,0.1,0.9,0.01111111111111111,0.07222222222222219,0.0,0.0,0.05212818202077999,-0.02588878745567184,0.0073303609251433866,0.05660540244872703,0.022516156316405578,0.05212818202077999,kaynes,2026-08-09
digest,2026-08-10,kaynes,ems,1,16,0.0625,0.25,3535.0,3735.10009765625,0.05660540244872703,-0.0046585489088480925,-0.022516156316405578,0.02813843023419227,0.34005072522863145,0.7062576234233838,0.2,0.8,0.01944444444444444,0.043055555555555555,0.0,0.0,0.05212818202077999,-0.02588878745567184,0.0073303609251433866,0.05660540244872703,0.022516156316405578,0.05212818202077999,kaynes,2026-08-10
digest,2026-08-11,kaynes,ems,1,77,0.0129870129870129,0.1428571428571428,3750.0,3717.699951171875,-0.008613346354166662,0.02966889482120716,-0.01979714729060511,0.05871911442431332,0.34046626501010924,0.7146702658518431,0.3,0.7,0.025694444444444443,-0.012707431457431544,0.0,0.0,-0.0023217781285383614,-0.04212025550396577,0.024173136470886557,0.008613346354166662,0.01979714729060511,0.0023217781285383614,kaynes,2026-08-11
digest,2026-08-12,kaynes,ems,0,25,0.0,0.0,3718.10009765625,3828.0,0.029558080594179525,-0.017633228840125414,-0.0012277824377938673,0.053291536050156685,0.4662343560739998,0.37074971313191996,0.4,-0.4,0.02699314574314573,-0.02699314574314573,0.0,1.0,0.030624466834191694,-0.038222842521496415,0.0067296037763552655,0.029558080594179525,0.0012277824377938673,0.030624466834191694,kaynes,2026-08-12
digest,2026-08-13,kaynes,ems,0,45,0.0,0.0,3832.0,3760.5,-0.018658663883089788,-0.026671998092840044,0.01449275362318847,0.06868768749584486,0.44146169126480955,0.38592103737733263,0.4,-0.4,0.02699314574314573,-0.02699314574314573,0.0,1.0,-0.01772858944571365,-0.02089399739727177,0.01104970413480235,0.018658663883089788,0.01449275362318847,0.01772858944571365,kaynes,2026-08-13
digest,2026-08-14,kaynes,ems,1,41,0.024390243902439,0.0909090909090909,3756.60009765625,3660.199951171875,-0.025661540749178813,-0.0025135105443978567,0.06278346863387907,0.07729089947498635,0.3588512312856193,0.3131085675599042,0.4,0.6,0.02699314574314573,-0.0026029018407067277,0.0,0.0,-0.019518379169478867,0.02307628057846036,0.026006495293008212,0.025661540749178813,0.06278346863387907,0.019518379169478867,kaynes,2026-08-14
digest,2026-08-15,kaynes,ems,0,5,0.0,0.0,3679.10009765625,3651.0,-0.007637763830930067,-0.0018898664321418401,0.051821405415468424,0.009312517118597707,0.3918035433397853,0.3124960334205679,0.5,-0.5,0.02943217013338963,-0.02943217013338963,0.0,1.0,-0.014363564177558536,0.03464282707799414,-0.023269833511735817,0.007637763830930067,0.051821405415468424,0.014363564177558536,kaynes,2026-08-15
digest,2026-08-16,kaynes,ems,0,3,0.0,0.0,3679.10009765625,3651.0,-0.007637763830930067,-0.0018898664321418401,0.051821405415468424,0.009312517118597707,0.3918035433397853,0.3124960334205679,0.5,-0.5,0.02943217013338963,-0.02943217013338963,0.0,1.0,-0.014363564177558536,0.03464282707799414,-0.023269833511735817,0.007637763830930067,0.051821405415468424,0.014363564177558536,kaynes,2026-08-16
digest,2026-08-17,kaynes,ems,0,31,0.0,0.0,3679.10009765625,3651.0,-0.007637763830930067,-0.0018898664321418401,0.051821405415468424,0.009312517118597707,0.3918035433397853,0.3124960334205679,0.5,-0.5,0.02943217013338963,-0.02943217013338963,0.0,1.0,-0.014363564177558536,0.03464282707799414,-0.023269833511735817,0.007637763830930067,0.051821405415468424,0.014363564177558536,kaynes,2026-08-17
digest,2026-08-18,kaynes,ems,2,59,0.0338983050847457,0.1818181818181818,3664.800048828125,3644.10009765625,-0.005648316660139208,0.049175364663316845,0.0801020538737367,-0.011964571907421506,0.3850586148779273,0.2874708659480628,0.5,1.5,0.02943217013338963,0.00446613495135607,0.0,0.0,-0.016265094932343682,0.06691247146174191,-0.01305185829683079,0.005648316660139208,0.0801020538737367,0.016265094932343682,kaynes,2026-08-18
digest,2026-07-07,kpit,it,0,52,0.0,0.0,559.4500122070312,562.4000244140625,0.005273057722160912,-0.013869218509105719,-0.012091124702936606,0.0036450705974000464,0.38245272680081505,0.87491123729108,1.2,-1.2,0.02409106541027578,-0.02409106541027578,0.0,1.0,-0.013570452529576175,-0.03429671184802964,-0.02247936214797812,0.005273057722160912,0.012091124702936606,0.013570452529576175,kpit,2026-07-07
digest,2026-07-08,kpit,it,1,82,0.0121951219512195,0.0909090909090909,562.25,554.5999755859375,-0.013606090554135197,-0.011629916076106195,-0.0054093042410080505,0.0005410184661620576,0.372429121035401,0.8713975610458615,1.0,0.0,0.020075887841896484,-0.007880765890676983,0.0,0.0,0.004718905089946254,-0.045830514209670534,-0.02854434186899504,0.013606090554135197,0.0054093042410080505,0.004718905089946254,kpit,2026-07-08
digest,2026-07-09,kpit,it,1,23,0.0434782608695652,0.1666666666666666,556.0499877929688,548.1500244140625,-0.014207289906186693,0.02481068134672615,0.005837728777437379,0.005016874719543374,0.3603298809523043,0.8540308041035988,1.0,0.0,0.01895006414322834,0.02452819672633686,0.0,0.0,-0.018699968407362696,-0.034214621976634906,-0.01584555638684357,0.014207289906186693,0.005837728777437379,0.018699968407362696,kpit,2026-07-09
digest,2026-07-10,kpit,it,0,22,0.0,0.0,554.0499877929688,561.75,0.013897685004387261,0.02082779209084329,-0.013707186839396979,0.03818426739124381,0.3016831069915293,0.8856746934297519,1.0,-1.0,0.02201608873402045,-0.02201608873402045,0.0,1.0,0.005555955982317933,-0.036702742045942226,0.022294637717373243,0.013897685004387261,0.013707186839396979,0.005555955982317933,kpit,2026-07-10
digest,2026-07-12,kpit,it,0,2,0.0,0.0,560.0,573.4500122070312,0.02401787894112717,-0.03112745006734674,-0.021361931710234927,0.020490016130225275,0.26604143449490397,0.9103891080212375,0.8888888888888888,-0.8888888888888888,0.019569856652462622,-0.019569856652462622,0.0,1.0,-0.006839090697156165,-0.01676100998515781,0.013331324198657483,0.02401787894112717,0.021361931710234927,0.006839090697156165,kpit,2026-07-12
digest,2026-07-13,kpit,it,0,33,0.0,0.0,560.0,573.4500122070312,0.02401787894112717,-0.03112745006734674,-0.021361931710234927,0.020490016130225275,0.26604143449490397,0.9103891080212375,0.8,-0.8,0.01761287098721636,-0.01761287098721636,0.0,1.0,-0.006839090697156165,-0.01676100998515781,0.013331324198657483,0.02401787894112717,0.021361931710234927,0.006839090697156165,kpit,2026-07-13
digest,2026-07-14,kpit,it,0,35,0.0,0.0,573.4500122070312,555.5999755859375,-0.03112745006734674,-0.007199424362431928,0.015928792314579443,0.08432332375768303,0.11913154097539251,0.8897235229468147,0.8,-0.8,0.01761287098721636,-0.01761287098721636,0.0,1.0,-0.017170965569872007,0.01213886260017984,0.029698955199640872,0.03112745006734674,0.015928792314579443,0.017170965569872007,kpit,2026-07-14
digest,2026-07-15,kpit,it,1,17,0.0588235294117647,0.0909090909090909,553.0,551.5999755859375,-0.0025316897180153175,-0.0004532269961295965,0.0059826848698090185,0.15799497511124305,0.17797510456095303,0.2623084744403199,0.7,0.30000000000000004,0.016120333673783533,0.04270319573798116,0.0,0.0,-0.008605760483546034,0.0165775515889862,0.08130465153067583,0.0025316897180153175,0.0059826848698090185,0.008605760483546034,kpit,2026-07-15
digest,2026-07-16,kpit,it,1,38,0.0263157894736842,0.0454545454545454,554.9500122070312,551.3499755859375,-0.006487136754491529,0.004897093183257706,-0.0008160899461305826,0.06964727689205663,0.1882016515499375,0.2617386965485847,0.8,0.19999999999999996,0.02200268661496,0.004313102858724199,0.0,0.0,-0.006038317648907072,0.01775396221642548,0.0029372786192032596,0.006487136754491529,0.0008160899461305826,0.006038317648907072,kpit,2026-07-16
digest,2026-07-17,kpit,it,0,45,0.0,0.0,553.9000244140625,554.0499877929688,0.00027074087794964896,0.01290501682446421,0.052612625315957784,0.08004699503335422,0.46348943575632223,0.26354210268639905,0.7,-0.7,0.018919979848042712,-0.018919979848042712,0.0,1.0,-0.0007520442068149784,0.0593936846112823,0.02888457305297995,0.00027074087794964896,0.052612625315957784,0.0007520442068149784,kpit,2026-07-17
digest,2026-07-18,kpit,it,0,9,0.0,0.0,555.0,561.2000122070312,0.011171193165822046,0.0057911616701837865,0.042765501564433706,0.10343903515731512,0.4654497520139754,0.27217394943920215,0.4,-0.4,0.01408127017062336,-0.01408127017062336,0.0,1.0,0.012291761568893275,0.03097215233112667,0.023722135469028516,0.011171193165822046,0.042765501564433706,0.012291761568893275,kpit,2026-07-18
digest,2026-07-19,kpit,it,0,2,0.0,0.0,555.0,561.2000122070312,0.011171193165822046,0.0057911616701837865,0.042765501564433706,0.10343903515731512,0.4654497520139754,0.27217394943920215,0.4,-0.4,0.01408127017062336,-0.01408127017062336,0.0,1.0,0.012291761568893275,0.03097215233112667,0.023722135469028516,0.011171193165822046,0.042765501564433706,0.012291761568893275,kpit,2026-07-19
digest,2026-07-20,kpit,it,0,12,0.0,0.0,555.0,561.2000122070312,0.011171193165822046,0.0057911616701837865,0.042765501564433706,0.10343903515731512,0.4654497520139754,0.27217394943920215,0.3,-0.3,0.012861757975501412,-0.012861757975501412,0.0,1.0,0.012291761568893275,0.03097215233112667,0.023722135469028516,0.011171193165822046,0.042765501564433706,0.012291761568893275,kpit,2026-07-20
digest,2026-07-21,kpit,it,0,16,0.0,0.0,561.9500122070312,564.4500122070312,0.004448794280084378,-0.016919102819446752,0.06732217056992851,0.1083354806563055,0.48590535899851406,0.2708266347967139,0.2,-0.2,0.00851393188854489,-0.00851393188854489,0.0,1.0,0.0089123616152642,0.016674771528657074,0.030907457295196922,0.004448794280084378,0.06732217056992851,0.0089123616152642,kpit,2026-07-21
digest,2026-07-22,kpit,it,0,27,0.0,0.0,564.4500122070312,554.9000244140625,-0.016919102819446752,-0.00720850571996956,0.15110825715763387,0.12272476588525394,0.49056658715612783,0.27574413800975245,0.2,-0.2,0.00851393188854489,-0.00851393188854489,0.0,1.0,-0.0008017419496380955,0.06288547966763527,0.02177661498587205,0.016919102819446752,0.15110825715763387,0.0008017419496380955,kpit,2026-07-22
digest,2026-07-23,kpit,it,1,30,0.0333333333333333,0.1428571428571428,551.7999877929688,550.9000244140625,-0.0016309594034349395,0.058631305793320765,0.0705209182505635,0.13087669702433402,0.8947023298993859,0.27129466822255677,0.2,0.8,0.00851393188854489,0.02481940144478841,0.0,0.0,0.003886649537179065,-0.01650356112120141,0.03324624246944709,0.0016309594034349395,0.0705209182505635,0.003886649537179065,kpit,2026-07-23
digest,2026-07-24,kpit,it,0,11,0.0,0.0,547.0499877929688,583.2000122070312,0.06608175709848196,0.0034293552094268875,0.02606312052276727,0.08007546507124075,0.8101240114250517,0.38499090810560077,0.3,-0.3,0.01184726522187822,-0.01184726522187822,0.0,1.0,0.03854498376642497,-0.03246956977069958,-0.009953436536906876,0.06608175709848196,0.02606312052276727,0.03854498376642497,kpit,2026-07-24
digest,2026-07-25,kpit,it,0,21,0.0,0.0,585.7000122070312,585.2000122070312,-0.0008536793402409426,0.029477101230642733,0.0581852137435066,0.07296652651457047,0.8336535759738741,0.37344979228716263,0.3,-0.3,0.01184726522187822,-0.01184726522187822,0.0,1.0,-0.009614669400480733,-0.008756310621178223,-0.0011899683236339803,0.0008536793402409426,0.0581852137435066,0.009614669400480733,kpit,2026-07-25
digest,2026-07-26,kpit,it,0,12,0.0,0.0,585.7000122070312,585.2000122070312,-0.0008536793402409426,0.029477101230642733,0.0581852137435066,0.07296652651457047,0.8336535759738741,0.37344979228716263,0.2,-0.2,0.00596491228070175,-0.00596491228070175,0.0,1.0,-0.009614669400480733,-0.008756310621178223,-0.0011899683236339803,0.0008536793402409426,0.0581852137435066,0.009614669400480733,kpit,2026-07-26
digest,2026-07-27,kpit,it,0,40,0.0,0.0,585.7000122070312,585.2000122070312,-0.0008536793402409426,0.029477101230642733,0.0581852137435066,0.07296652651457047,0.8336535759738741,0.37344979228716263,0.1,-0.1,0.0033333333333333296,-0.0033333333333333296,0.0,1.0,-0.009614669400480733,-0.008756310621178223,-0.0011899683236339803,0.0008536793402409426,0.0581852137435066,0.009614669400480733,kpit,2026-07-27
digest,2026-07-28,kpit,it,0,13,0.0,0.0,587.0,602.4500122070312,0.026320293368025993,0.060253941501281494,0.038426363863946156,0.040750248643919296,0.8200585941405812,0.344471094103022,0.1,-0.1,0.0033333333333333296,-0.0033333333333333296,0.0,1.0,0.00436794327220456,0.01299767536347279,-0.004896877766924351,0.026320293368025993,0.038426363863946156,0.00436794327220456,kpit,2026-07-28
digest,2026-07-29,kpit,it,0,28,0.0,0.0,610.0,638.75,0.04713114754098369,-0.0767123287671233,-0.024657534246575352,-0.04626221180895307,0.6803520482870403,0.4178987820147702,0.1,-0.1,0.0033333333333333296,-0.0033333333333333296,0.0,1.0,0.04578362570510021,-0.03653392155775498,-0.059241035896193506,0.04713114754098369,0.024657534246575352,0.04578362570510021,kpit,2026-07-29
digest,2026-07-30,kpit,it,6,29,0.2068965517241379,0.4285714285714285,610.0,589.75,-0.03319672131147544,0.014667273275222659,0.05637982195845703,0.052140737600678166,0.24245900064840895,0.6225153104044524,0.1,5.9,0.0033333333333333296,0.20356321839080457,1.0,0.0,-0.03225107223342897,0.04644762182041193,0.029164897674953963,0.03319672131147544,0.05637982195845703,0.03225107223342897,kpit,2026-07-30
digest,2026-07-31,kpit,it,1,16,0.0625,0.1666666666666666,585.2999877929688,598.4000244140625,0.022381747641053273,0.03484287221805049,0.05264037218388151,0.02606947685407035,0.2404827817970726,0.6233230118912584,0.7,0.30000000000000004,0.02402298850574712,0.03847701149425288,0.0,0.0,0.013859846143517882,0.022808227513411914,-0.0006623071308071021,0.022381747641053273,0.05264037218388151,0.013859846143517882,kpit,2026-07-31
digest,2026-08-01,kpit,it,0,19,0.0,0.0,602.1500244140625,619.25,0.02839819794506715,0.010254300502119396,0.01396854971992334,-0.016552280985062562,0.11664728819828134,0.6373031823078411,0.8,-0.8,0.030272988505747122,-0.030272988505747122,0.0,1.0,0.007244636524856185,0.007215927572502556,-0.006787080478686591,0.02839819794506715,0.01396854971992334,0.007244636524856185,kpit,2026-08-01
digest,2026-08-02,kpit,it,0,4,0.0,0.0,602.1500244140625,619.25,0.02839819794506715,0.010254300502119396,0.01396854971992334,-0.016552280985062562,0.11664728819828134,0.6373031823078411,0.8,-0.8,0.030272988505747122,-0.030272988505747122,0.0,1.0,0.007244636524856185,0.007215927572502556,-0.006787080478686591,0.02839819794506715,0.01396854971992334,0.007244636524856185,kpit,2026-08-02
digest,2026-08-03,kpit,it,0,18,0.0,0.0,602.1500244140625,619.25,0.02839819794506715,0.010254300502119396,0.01396854971992334,-0.016552280985062562,0.11664728819828134,0.6373031823078411,0.7,-0.7,0.02693965517241379,-0.02693965517241379,0.0,1.0,0.007244636524856185,0.007215927572502556,-0.006787080478686591,0.02839819794506715,0.01396854971992334,0.007244636524856185,kpit,2026-08-03
digest,2026-08-04,kpit,it,0,23,0.0,0.0,624.0,625.5999755859375,0.0025640634390025063,-0.004155971367330036,0.0022378907747737653,-0.04627549920340146,0.09753658490900488,0.636748847160267,0.7,-0.7,0.02693965517241379,-0.02693965517241379,0.0,1.0,0.011049454855351777,-0.017584548762426364,-0.024294175119478435,0.0025640634390025063,0.0022378907747737653,0.011049454855351777,kpit,2026-08-04
digest,2026-08-05,kpit,it,1,23,0.0434782608695652,0.125,630.0,623.0,-0.011111111111111072,0.0,-0.0221508632310895,-0.054414164388543296,0.2306764615270504,0.6241379268243075,0.7,0.30000000000000004,0.02693965517241379,0.01653860569715141,0.0,0.0,-0.010310469428550073,-0.023018570017072304,-0.03424109306943283,0.011111111111111072,0.0221508632310895,0.010310469428550073,kpit,2026-08-05
digest,2026-08-06,kpit,it,0,41,0.0,0.0,628.9000244140625,623.0,-0.009381498147594258,0.011075480600421406,-0.0040128410914928025,-0.048314567553671695,0.2842524413005496,0.6188401540771447,0.8,-0.8,0.03128748125937031,-0.03128748125937031,0.0,1.0,0.0003333203164295282,-0.01696687398102066,-0.04330637810666927,0.009381498147594258,0.0040128410914928025,0.0003333203164295282,kpit,2026-08-06
digest,2026-08-07,kpit,it,0,18,0.0,0.0,623.0,629.9000244140625,0.011075480600421406,-0.0031751070368037926,-0.025242139701221356,-0.06445473098506416,0.26888813649837834,0.5644604652958483,0.8,-0.8,0.03128748125937031,-0.03128748125937031,0.0,1.0,-0.0027376600041598437,-0.022204677482876987,-0.044615252362671776,0.011075480600421406,0.025242139701221356,0.0027376600041598437,kpit,2026-08-07
digest,2026-08-08,kpit,it,0,9,0.0,0.0,630.0,627.9000244140625,-0.0033332945808531855,-0.0014333880857901882,-0.03010037215988237,-0.0713490159041339,0.26909474680262274,0.5670283097393846,0.8,-0.8,0.03128748125937031,-0.03128748125937031,0.0,1.0,-0.004863925988930911,-0.013604674778039453,-0.04543134018572125,0.0033332945808531855,0.03010037215988237,0.004863925988930911,kpit,2026-08-08
digest,2026-08-09,kpit,it,0,12,0.0,0.0,630.0,627.9000244140625,-0.0033332945808531855,-0.0014333880857901882,-0.03010037215988237,-0.0713490159041339,0.26909474680262274,0.5670283097393846,0.8,-0.8,0.03128748125937031,-0.03128748125937031,0.0,1.0,-0.004863925988930911,-0.013604674778039453,-0.04543134018572125,0.0033332945808531855,0.03010037215988237,0.004863925988930911,kpit,2026-08-09
digest,2026-08-10,kpit,it,0,16,0.0,0.0,630.0,627.9000244140625,-0.0033332945808531855,-0.0014333880857901882,-0.03010037215988237,-0.0713490159041339,0.26909474680262274,0.5670283097393846,0.2,-0.2,0.01059782608695652,-0.01059782608695652,0.0,1.0,-0.004863925988930911,-0.013604674778039453,-0.04543134018572125,0.0033332945808531855,0.03010037215988237,0.004863925988930911,kpit,2026-08-10
digest,2026-08-11,kpit,it,0,77,0.0,0.0,628.0,627.0,-0.0015923566878981443,-0.028389135235994845,-0.04840506473036288,-0.05582137161084533,0.2819920546830405,0.5548161751324855,0.1,-0.1,0.00434782608695652,-0.00434782608695652,0.0,1.0,-0.004442186482351422,-0.007412215662940695,-0.028325282074426878,0.0015923566878981443,0.04840506473036288,0.004442186482351422,kpit,2026-08-11
digest,2026-08-12,kpit,it,1,25,0.04,0.0833333333333333,627.0,609.2000122070312,-0.028389135235994845,0.018548896202465137,-0.03299415006292372,-0.03151676267614112,0.23460425239207933,0.4789315692430618,0.1,0.9,0.00434782608695652,0.03565217391304348,0.0,0.0,-0.013408294697566684,-0.012103695629647304,-0.008417787642911644,0.028389135235994845,0.03299415006292372,0.013408294697566684,kpit,2026-08-12
digest,2026-08-13,kpit,it,1,45,0.0222222222222222,0.0666666666666666,611.7999877929688,620.5,0.014220353678685127,-0.010475423045930743,-0.04448021851077755,-0.05237711522965349,0.15517285087132382,0.2679158542991277,0.2,0.8,0.00834782608695652,0.01387439613526568,0.0,0.0,0.008469236288744665,-0.02697344747073307,-0.024481331219253215,0.014220353678685127,0.04448021851077755,0.008469236288744665,kpit,2026-08-13
digest,2026-08-14,kpit,it,0,41,0.0,0.0,623.5999755859375,614.0,-0.015394445095860188,-0.008143322475570036,-0.04022803291047439,-0.007491816915207616,0.1557193991398877,0.27278654454349077,0.3,-0.3,0.01057004830917874,-0.01057004830917874,0.0,1.0,-0.01250257171283858,-0.02338598204480092,-0.013156053405664085,0.015394445095860188,0.04022803291047439,0.01250257171283858,kpit,2026-08-14
digest,2026-08-15,kpit,it,0,5,0.0,0.0,617.0,609.0,-0.012965964343598091,-0.02027910605244254,-0.04252877572095648,-0.039408866995073843,0.1566351866913267,0.20886471912669244,0.3,-0.3,0.01057004830917874,-0.01057004830917874,0.0,1.0,-0.005412953383762558,-0.032810602512032036,-0.04580156627044434,0.012965964343598091,0.04252877572095648,0.005412953383762558,kpit,2026-08-15
digest,2026-08-16,kpit,it,1,3,0.3333333333333333,1.0,617.0,609.0,-0.012965964343598091,-0.02027910605244254,-0.04252877572095648,-0.039408866995073843,0.1566351866913267,0.20886471912669244,0.2,0.8,0.00622222222222222,0.3271111111111111,0.0,0.0,-0.005412953383762558,-0.032810602512032036,-0.04580156627044434,0.012965964343598091,0.04252877572095648,0.005412953383762558,kpit,2026-08-16
digest,2026-08-17,kpit,it,1,31,0.032258064516129,0.0526315789473684,617.0,609.0,-0.012965964343598091,-0.02027910605244254,-0.04252877572095648,-0.039408866995073843,0.1566351866913267,0.20886471912669244,0.3,0.7,0.03955555555555555,-0.0072974910394265555,0.0,0.0,-0.005412953383762558,-0.032810602512032036,-0.04580156627044434,0.012965964343598091,0.04252877572095648,0.005412953383762558,kpit,2026-08-17
digest,2026-08-18,kpit,it,2,59,0.0338983050847457,0.1428571428571428,609.0,596.6500244140625,-0.02027910605244254,-0.012654066067523395,-0.007793554384966317,-0.011145603187719844,0.18965110525803944,0.21648789977257205,0.4,1.6,0.04278136200716845,-0.00888305692242275,0.0,0.0,-0.004755433961117746,-0.02173725824815028,-0.04581853838678312,0.02027910605244254,0.007793554384966317,0.004755433961117746,kpit,2026-08-18
digest,2026-07-07,lloyds_metals,mining,0,52,0.0,0.0,1755.5999755859375,1755.5999755859375,0.0,-0.01697421233323193,0.039815462170266436,0.10298476380861321,0.2867622762065997,0.3475605997118654,0.6,-0.6,0.02535714285714284,-0.02535714285714284,0.0,1.0,0.0029317528431366535,0.02892055109260705,0.07865668062737619,0.0,0.039815462170266436,0.0029317528431366535,lloyds_metals,2026-07-07
digest,2026-07-08,lloyds_metals,mining,0,82,0.0,0.0,1745.0,1725.800048828125,-0.011002837347779404,0.0111831766205579,0.08129558627204858,0.08454044397716931,0.19102846184914912,0.30442080871278515,0.5,-0.5,0.021130952380952365,-0.021130952380952365,0.0,1.0,-0.008180933891430736,0.05641144029610093,0.06395208293250715,0.011002837347779404,0.08129558627204858,0.008180933891430736,lloyds_metals,2026-07-08
digest,2026-07-09,lloyds_metals,mining,0,23,0.0,0.0,1736.9000244140625,1745.0999755859375,0.004721026574135312,0.03123030242533864,0.05638646827728233,0.10629763486055643,0.27825322163442956,0.30538521847402805,0.42857142857142855,-0.42857142857142855,0.018112244897959172,-0.018112244897959172,0.0,1.0,0.004303400064653351,0.04585885743765328,0.08390235197600565,0.004721026574135312,0.05638646827728233,0.004303400064653351,lloyds_metals,2026-07-09
digest,2026-07-10,lloyds_metals,mining,0,22,0.0,0.0,1755.0,1799.5999755859375,0.025413091501958585,0.015281173801442227,0.03656370844676249,0.07829519133450002,0.21758925475461102,0.33935177907512504,0.375,-0.375,0.015848214285714275,-0.015848214285714275,0.0,1.0,0.01794570413919372,0.03965526653680476,0.071602594223528,0.025413091501958585,0.03656370844676249,0.01794570413919372,lloyds_metals,2026-07-10
digest,2026-07-12,lloyds_metals,mining,0,2,0.0,0.0,1799.0,1827.0999755859375,0.015619775200632402,-0.0008756913181088288,0.04422311307962934,0.10278586357481556,0.24029604326275975,0.24525797645378672,0.3333333333333333,-0.3333333333333333,0.014087301587301577,-0.014087301587301577,0.0,1.0,0.007119735028781438,0.042447028778387186,0.08827813286411065,0.015619775200632402,0.04422311307962934,0.007119735028781438,lloyds_metals,2026-07-12
digest,2026-07-13,lloyds_metals,mining,1,33,0.0303030303030303,0.1666666666666666,1799.0,1827.0999755859375,0.015619775200632402,-0.0008756913181088288,0.04422311307962934,0.10278586357481556,0.24029604326275975,0.24525797645378672,0.3,0.7,0.01267857142857142,0.017624458874458883,0.0,0.0,0.007119735028781438,0.042447028778387186,0.08827813286411065,0.015619775200632402,0.04422311307962934,0.007119735028781438,lloyds_metals,2026-07-13
digest,2026-07-14,lloyds_metals,mining,0,35,0.0,0.0,1824.0,1825.5,0.000822368421052655,0.022240468685805315,0.0607504926946385,0.0841413177682484,0.22605283507734644,0.24535651808705533,0.3,-0.3,0.01213744588744588,-0.01213744588744588,0.0,1.0,-0.001015670988134737,0.04789669668496374,0.08753349015004369,0.000822368421052655,0.0607504926946385,0.001015670988134737,lloyds_metals,2026-07-14
digest,2026-07-15,lloyds_metals,mining,0,17,0.0,0.0,1831.9000244140625,1866.0999755859375,0.018669114425506894,-0.012110806431387067,0.0030008979471634056,0.09924445402987403,0.3674434362976681,0.2662070979505028,0.3,-0.3,0.01213744588744588,-0.01213744588744588,0.0,1.0,0.01748025238259024,0.007285506726653207,0.08575824031258489,0.018669114425506894,0.0030008979471634056,0.01748025238259024,lloyds_metals,2026-07-15
digest,2026-07-16,lloyds_metals,mining,0,38,0.0,0.0,1877.9000244140625,1843.5,-0.018318347072174945,0.01187959013510298,0.04724707110709936,0.09308379473064154,0.39969313087079017,0.2773888321896453,0.2,-0.2,0.0058874458874458805,-0.0058874458874458805,0.0,1.0,-0.005537163857267546,0.036047107656609206,0.07510161526777542,0.018318347072174945,0.04724707110709936,0.005537163857267546,lloyds_metals,2026-07-16
digest,2026-07-17,lloyds_metals,mining,0,45,0.0,0.0,1838.0,1865.4000244140625,0.014907521443994876,0.02278331695280733,0.040259448162882405,0.09735176005638757,0.4000680424508188,0.25404006506581883,0.1,-0.1,0.00303030303030303,-0.00303030303030303,0.0,1.0,0.012166900628202276,0.030862089345453203,0.07263571392514223,0.014907521443994876,0.040259448162882405,0.012166900628202276,lloyds_metals,2026-07-17
digest,2026-07-18,lloyds_metals,mining,0,9,0.0,0.0,1864.0,1907.9000244140625,0.023551515243595667,0.014937889635361135,0.05608260319240821,0.07479431386139446,0.448192424498163,0.24853453040171208,0.1,-0.1,0.00303030303030303,-0.00303030303030303,0.0,1.0,0.01813026116087116,0.0439705292349159,0.05730433826506631,0.023551515243595667,0.05608260319240821,0.01813026116087116,lloyds_metals,2026-07-18
digest,2026-07-19,lloyds_metals,mining,0,2,0.0,0.0,1864.0,1907.9000244140625,0.023551515243595667,0.014937889635361135,0.05608260319240821,0.07479431386139446,0.448192424498163,0.24853453040171208,0.1,-0.1,0.00303030303030303,-0.00303030303030303,0.0,1.0,0.01813026116087116,0.0439705292349159,0.05730433826506631,0.023551515243595667,0.05608260319240821,0.01813026116087116,lloyds_metals,2026-07-19
digest,2026-07-20,lloyds_metals,mining,0,12,0.0,0.0,1864.0,1907.9000244140625,0.023551515243595667,0.014937889635361135,0.05608260319240821,0.07479431386139446,0.448192424498163,0.24853453040171208,0.1,-0.1,0.00303030303030303,-0.00303030303030303,0.0,1.0,0.01813026116087116,0.0439705292349159,0.05730433826506631,0.023551515243595667,0.05608260319240821,0.01813026116087116,lloyds_metals,2026-07-20
digest,2026-07-21,lloyds_metals,mining,0,16,0.0,0.0,1916.4000244140625,1936.4000244140625,0.010436234473601091,-0.03341255547740718,0.02205120359094992,0.060214818279203275,0.48965783790301826,0.24569517560395626,0.1,-0.1,0.00303030303030303,-0.00303030303030303,0.0,1.0,0.003879189742887479,0.03859804146263146,0.052320691694168614,0.010436234473601091,0.02205120359094992,0.003879189742887479,lloyds_metals,2026-07-21
digest,2026-07-22,lloyds_metals,mining,0,27,0.0,0.0,1942.0,1871.699951171875,-0.036199819169992264,0.031468732142235334,0.09595560311031792,0.11508262654466206,0.38714396385505484,0.3032615591351691,0.1,-0.1,0.00303030303030303,-0.00303030303030303,0.0,1.0,-0.016983992148644544,0.07810946544851202,0.06369611842431808,0.036199819169992264,0.09595560311031792,0.016983992148644544,lloyds_metals,2026-07-22
digest,2026-07-23,lloyds_metals,mining,0,30,0.0,0.0,1870.0,1930.5999755859375,0.03240640405665096,0.00512795221136253,0.04376877709964444,0.06650783488956225,0.43889736447545996,0.32495720231103226,0.1,-0.1,0.00303030303030303,-0.00303030303030303,0.0,1.0,0.028041628625359277,0.03729449562885978,0.0182877854269759,0.03240640405665096,0.04376877709964444,0.028041628625359277,lloyds_metals,2026-07-23
digest,2026-07-24,lloyds_metals,mining,0,11,0.0,0.0,1920.0,1940.5,0.010677083333333393,0.03834064643857893,0.05488276217469723,0.08281368264461486,0.4396678938275388,0.30370055792231576,0.0,0.0,0.0,0.0,0.0,1.0,0.005566333793091238,0.04011210206468299,0.03774993528931081,0.010677083333333393,0.05488276217469723,0.005566333793091238,lloyds_metals,2026-07-24
digest,2026-07-25,lloyds_metals,mining,0,21,0.0,0.0,1959.4000244140625,2014.9000244140625,0.02832499709526992,-0.01776765516618406,0.01771803702894359,0.018809878383461598,0.36735810594744894,0.33967974291722275,0.0,0.0,0.0,0.0,0.0,1.0,0.025662802549098723,0.012619772376130656,-0.004835267507211777,0.02832499709526992,0.01771803702894359,0.025662802549098723,lloyds_metals,2026-07-25
digest,2026-07-26,lloyds_metals,mining,1,12,0.0833333333333333,0.5,1959.4000244140625,2014.9000244140625,0.02832499709526992,-0.01776765516618406,0.01771803702894359,0.018809878383461598,0.36735810594744894,0.33967974291722275,0.0,1.0,0.0,0.0833333333333333,0.0,0.0,0.025662802549098723,0.012619772376130656,-0.004835267507211777,0.02832499709526992,0.01771803702894359,0.025662802549098723,lloyds_metals,2026-07-26
digest,2026-07-27,lloyds_metals,mining,0,40,0.0,0.0,1959.4000244140625,2014.9000244140625,0.02832499709526992,-0.01776765516618406,0.01771803702894359,0.018809878383461598,0.36735810594744894,0.33967974291722275,0.1,-0.1,0.00833333333333333,-0.00833333333333333,0.0,1.0,0.025662802549098723,0.012619772376130656,-0.004835267507211777,0.02832499709526992,0.01771803702894359,0.025662802549098723,lloyds_metals,2026-07-27
digest,2026-07-28,lloyds_metals,mining,0,13,0.0,0.0,2022.300048828125,1979.0999755859375,-0.021361851455831693,0.03648126629924886,0.03734021794032083,0.0035874769711092824,0.318947939972374,0.3645498858942503,0.1,-0.1,0.00833333333333333,-0.00833333333333333,0.0,1.0,-0.004522970353899869,0.012485229282023058,-0.03514233777039,0.021361851455831693,0.03734021794032083,0.004522970353899869,lloyds_metals,2026-07-28
digest,2026-07-29,lloyds_metals,mining,0,28,0.0,0.0,1998.9000244140625,2051.300048828125,0.026214429823433694,-0.017647380870910667,0.017452370680036244,-0.07687811119210919,0.22161452535575452,0.3861160623653704,0.1,-0.1,0.00833333333333333,-0.00833333333333333,0.0,1.0,0.010733776004223095,-0.016124710996461622,-0.09057167177314326,0.026214429823433694,0.017452370680036244,0.010733776004223095,lloyds_metals,2026-07-29
digest,2026-07-30,lloyds_metals,mining,0,29,0.0,0.0,2048.0,2015.0999755859375,-0.016064465045928955,0.015830492184283118,0.02178553170856823,-0.057912735142553795,0.1970381822072314,0.39578159322839335,0.1,-0.1,0.00833333333333333,-0.00833333333333333,0.0,1.0,-0.011655702564487336,-0.020402591123633768,-0.07281036865084273,0.016064465045928955,0.02178553170856823,0.011655702564487336,lloyds_metals,2026-07-30
digest,2026-07-31,lloyds_metals,mining,0,16,0.0,0.0,2025.0,2047.0,0.010864197530864095,0.0017587189331949027,0.026477748496275044,-0.0627259523273388,0.21598709142546288,0.39702021258346265,0.1,-0.1,0.00833333333333333,-0.00833333333333333,0.0,1.0,0.005499446492068377,-0.0030830910544344947,-0.059952247066486525,0.010864197530864095,0.026477748496275044,0.005499446492068377,lloyds_metals,2026-07-31
digest,2026-08-01,lloyds_metals,mining,0,19,0.0,0.0,2050.89990234375,2050.60009765625,-0.00014618201851657187,0.0011703414754018482,0.0010728328621409933,-0.05296015433744261,0.2978894255841882,0.39148353741674013,0.1,-0.1,0.00833333333333333,-0.00833333333333333,0.0,1.0,0.005092068845080122,-0.01695849236029387,-0.07944243350199459,0.00014618201851657187,0.0010728328621409933,0.005092068845080122,lloyds_metals,2026-08-01
digest,2026-08-02,lloyds_metals,mining,0,4,0.0,0.0,2050.89990234375,2050.60009765625,-0.00014618201851657187,0.0011703414754018482,0.0010728328621409933,-0.05296015433744261,0.2978894255841882,0.39148353741674013,0.1,-0.1,0.00833333333333333,-0.00833333333333333,0.0,1.0,0.005092068845080122,-0.01695849236029387,-0.07944243350199459,0.00014618201851657187,0.0010728328621409933,0.005092068845080122,lloyds_metals,2026-08-02
digest,2026-08-03,lloyds_metals,mining,0,18,0.0,0.0,2050.89990234375,2050.60009765625,-0.00014618201851657187,0.0011703414754018482,0.0010728328621409933,-0.05296015433744261,0.2978894255841882,0.39148353741674013,0.1,-0.1,0.00833333333333333,-0.00833333333333333,0.0,1.0,0.005092068845080122,-0.01695849236029387,-0.07944243350199459,0.00014618201851657187,0.0010728328621409933,0.005092068845080122,lloyds_metals,2026-08-03
digest,2026-08-04,lloyds_metals,mining,0,23,0.0,0.0,2042.0999755859375,2053.0,0.005337654641974554,0.01660988682720399,-0.03253777341847297,-0.05572334360158915,0.3771386426112126,0.3902698108823327,0.1,-0.1,0.00833333333333333,-0.00833333333333333,0.0,1.0,0.003800461667728905,-0.04591456205781369,-0.07293205418906476,0.005337654641974554,0.03253777341847297,0.003800461667728905,lloyds_metals,2026-08-04
digest,2026-08-05,lloyds_metals,mining,0,23,0.0,0.0,2062.0,2087.10009765625,0.012172695274611955,-0.013463703867296783,-0.09271243017410002,-0.08054242239987497,0.40085062598270627,0.3233946176846834,0.1,-0.1,0.00833333333333333,-0.00833333333333333,0.0,1.0,-0.010910202590067919,-0.07260518126932439,-0.05380055172759607,0.012172695274611955,0.09271243017410002,0.010910202590067919,lloyds_metals,2026-08-05
digest,2026-08-06,lloyds_metals,mining,0,41,0.0,0.0,2093.39990234375,2059.0,-0.016432551804954287,0.020495362395276828,-0.07799901679744414,-0.08139872539385018,0.42984756431716237,0.3229592473421031,0.0,0.0,0.0,0.0,0.0,1.0,-0.014253367354415514,-0.05126425949926669,-0.05312285915159459,0.016432551804954287,0.07799901679744414,0.014253367354415514,lloyds_metals,2026-08-06
digest,2026-08-07,lloyds_metals,mining,0,18,0.0,0.0,2070.0,2101.199951171875,0.015072440179649815,-0.02303441055990718,-0.08690271265430893,-0.11198359614780196,0.3802342668287433,0.3300744127311792,0.0,0.0,0.0,0.0,0.0,1.0,0.017523143715544198,-0.05545188536507578,-0.09409224514007081,0.015072440179649815,0.08690271265430893,0.017523143715544198,lloyds_metals,2026-08-07
digest,2026-08-08,lloyds_metals,mining,0,9,0.0,0.0,2115.0,2052.800048828125,-0.029408960364952663,-0.03244353861656901,-0.05397508095899406,-0.1077065921654029,0.42875617229793195,0.31656822457891515,0.0,0.0,0.0,0.0,0.0,1.0,-0.01573991228512106,-0.061031473591082075,-0.10226973125976971,0.029408960364952663,0.05397508095899406,0.01573991228512106,lloyds_metals,2026-08-08
digest,2026-08-09,lloyds_metals,mining,0,12,0.0,0.0,2115.0,2052.800048828125,-0.029408960364952663,-0.03244353861656901,-0.05397508095899406,-0.1077065921654029,0.42875617229793195,0.31656822457891515,0.0,0.0,0.0,0.0,0.0,1.0,-0.01573991228512106,-0.061031473591082075,-0.10226973125976971,0.029408960364952663,0.05397508095899406,0.01573991228512106,lloyds_metals,2026-08-09
digest,2026-08-10,lloyds_metals,mining,0,16,0.0,0.0,2115.0,2052.800048828125,-0.029408960364952663,-0.03244353861656901,-0.05397508095899406,-0.1077065921654029,0.42875617229793195,0.31656822457891515,0.0,0.0,0.0,0.0,0.0,1.0,-0.01573991228512106,-0.061031473591082075,-0.10226973125976971,0.029408960364952663,0.05397508095899406,0.01573991228512106,lloyds_metals,2026-08-10
digest,2026-08-11,lloyds_metals,mining,1,77,0.0129870129870129,0.125,2060.199951171875,1986.199951171875,-0.03591884368209386,-0.04662167851293253,-0.02396534928814853,-0.07124156856237651,0.38389064387706523,0.3491771359922179,0.0,1.0,0.0,0.0129870129870129,0.0,0.0,-0.028849021506576283,-0.026327096526855887,-0.04934922845831588,0.03591884368209386,0.02396534928814853,0.028849021506576283,lloyds_metals,2026-08-11
digest,2026-08-12,lloyds_metals,mining,1,25,0.04,0.5,1976.5,1893.5999755859375,-0.04194284058389197,0.0025348800644338088,0.013413616783662485,-0.025295746214424653,0.14574664784720617,0.35897399559820875,0.1,0.9,0.00129870129870129,0.03870129870129871,0.0,0.0,-0.0374803461325125,0.019898433115682013,-0.025963491534777228,0.04194284058389197,0.013413616783662485,0.0374803461325125,lloyds_metals,2026-08-12
digest,2026-08-13,lloyds_metals,mining,2,45,0.0444444444444444,0.5,1900.0,1898.4000244140625,-0.0008420924136512964,0.010640513544088126,-0.0036873155867981344,-0.05262327387764154,0.189797042718986,0.3576637877512362,0.2,1.8,0.0052987012987012905,0.03914574314574311,0.0,0.0,0.003297928944818812,-0.001991269418831404,-0.03144814549679295,0.0008420924136512964,0.0036873155867981344,0.003297928944818812,lloyds_metals,2026-08-13
digest,2026-08-14,lloyds_metals,mining,0,41,0.0,0.0,1900.0,1918.5999755859375,0.009789460834704,0.012196406083512024,-0.027467920276492475,-0.05649954435184301,0.1758933377334776,0.349771091446912,0.4,-0.4,0.00974314574314573,-0.00974314574314573,0.0,1.0,0.019696568333883308,-0.0406827965304746,-0.04774562235399987,0.009789460834704,0.027467920276492475,0.019696568333883308,lloyds_metals,2026-08-14
digest,2026-08-15,lloyds_metals,mining,0,5,0.0,0.0,1920.0,1942.0,0.011458333333333348,-0.0017507849711959622,-0.05679714151808701,-0.07590114542433701,0.09906926488539318,0.3602191872647469,0.4,-0.4,0.00974314574314573,-0.00974314574314573,0.0,1.0,-0.017048979052893876,-0.043473581761891006,-0.040070078606773585,0.011458333333333348,0.05679714151808701,0.017048979052893876,lloyds_metals,2026-08-15
digest,2026-08-16,lloyds_metals,mining,0,3,0.0,0.0,1920.0,1942.0,0.011458333333333348,-0.0017507849711959622,-0.05679714151808701,-0.07590114542433701,0.09906926488539318,0.3602191872647469,0.4,-0.4,0.00974314574314573,-0.00974314574314573,0.0,1.0,-0.017048979052893876,-0.043473581761891006,-0.040070078606773585,0.011458333333333348,0.05679714151808701,0.017048979052893876,lloyds_metals,2026-08-16
digest,2026-08-17,lloyds_metals,mining,0,31,0.0,0.0,1920.0,1942.0,0.011458333333333348,-0.0017507849711959622,-0.05679714151808701,-0.07590114542433701,0.09906926488539318,0.3602191872647469,0.4,-0.4,0.00974314574314573,-0.00974314574314573,0.0,1.0,-0.017048979052893876,-0.043473581761891006,-0.040070078606773585,0.011458333333333348,0.05679714151808701,0.017048979052893876,lloyds_metals,2026-08-17
digest,2026-08-18,lloyds_metals,mining,0,59,0.0,0.0,1938.199951171875,1938.5999755859375,0.00020638965232699924,-0.01011037647414259,-0.04843702960724605,-0.07665324329792356,0.15733087050449965,0.3590712867067027,0.4,-0.4,0.00974314574314573,-0.00974314574314573,0.0,1.0,0.0048669906116069195,-0.024866651200127043,-0.04116334398680868,0.00020638965232699924,0.04843702960724605,0.0048669906116069195,lloyds_metals,2026-08-18
digest,2026-07-07,ltimindtree,it,0,52,0.0,0.0,3735.0,3858.5,0.03306559571619805,-0.016716340546844677,0.052948049456556845,0.048879123404496516,0.4275757090946615,0.386507147889493,0.6,-0.6,0.00943668753009146,-0.00943668753009146,0.0,1.0,0.014222085464460962,0.030742462311463808,0.02275469065911835,0.03306559571619805,0.052948049456556845,0.014222085464460962,ltimindtree,2026-07-07
digest,2026-07-08,ltimindtree,it,1,82,0.0121951219512195,0.0909090909090909,3850.0,3794.0,-0.014545454545454528,0.01591984774479438,0.06763313064213228,0.04965732797673961,0.3807862550529972,0.3958468601093328,0.5,0.5,0.007863906275076217,0.004331215676143283,0.0,0.0,0.0037795410986269234,0.027211920673469794,0.02057196764158251,0.014545454545454528,0.06763313064213228,0.0037795410986269234,ltimindtree,2026-07-08
digest,2026-07-09,ltimindtree,it,0,23,0.0,0.0,3790.0,3854.39990234375,0.016992058665897147,0.04742633184402312,0.0534195080171036,0.028772350896164145,0.38720235361578126,0.3981038018054343,0.5714285714285714,-0.5714285714285714,0.008482651371668115,-0.008482651371668115,0.0,1.0,0.012499380164721144,0.013367157263031317,0.0079099197897772,0.016992058665897147,0.0534195080171036,0.012499380164721144,ltimindtree,2026-07-09
digest,2026-07-10,ltimindtree,it,1,22,0.0454545454545454,0.1111111111111111,3903.10009765625,4037.199951171875,0.0343572673414525,0.02157432244353985,0.00951157905201816,0.013524249062868643,0.20961858713165862,0.45607784970734316,0.5,0.5,0.0074223199502096,0.0380322255043358,0.0,0.0,0.026015538319383174,-0.013483976154527087,-0.002365380611001923,0.0343572673414525,0.00951157905201816,0.026015538319383174,ltimindtree,2026-07-10
digest,2026-07-12,ltimindtree,it,2,2,1.0,1.0,4057.5,4124.2998046875,0.016463291358595145,-0.01491156287655837,-0.009795578463484444,0.016123949069953403,0.12208324408802272,0.43254000479529536,0.5555555555555556,1.4444444444444444,0.01164812278402469,0.9883518772159753,0.0,0.0,-0.01439367827968819,-0.005194656738407329,0.008965257138385611,0.016463291358595145,0.009795578463484444,0.01439367827968819,ltimindtree,2026-07-12
digest,2026-07-13,ltimindtree,it,7,33,0.2121212121212121,0.7777777777777778,4057.5,4124.2998046875,0.016463291358595145,-0.01491156287655837,-0.009795578463484444,0.016123949069953403,0.12208324408802272,0.43254000479529536,0.7,6.3,0.11048331050562221,0.10163790161558989,1.0,0.0,-0.01439367827968819,-0.005194656738407329,0.008965257138385611,0.016463291358595145,0.009795578463484444,0.01439367827968819,ltimindtree,2026-07-13
digest,2026-07-14,ltimindtree,it,3,35,0.0857142857142857,0.2307692307692307,4128.39990234375,4062.800048828125,-0.015889898039766703,-0.0030028431193392935,-0.003864317953920393,0.060647864409533625,0.08376920017055214,0.3603816158983018,1.4,1.6,0.13169543171774342,-0.04598114600345772,1.0,0.0,-0.0019334135422919719,-0.007654247668319996,0.006023495851491464,0.015889898039766703,0.003864317953920393,0.0019334135422919719,ltimindtree,2026-07-14
digest,2026-07-15,ltimindtree,it,0,17,0.0,0.0,4040.0,4050.60009765625,0.0026237865485767564,0.002394694844718881,-0.016837059612960004,0.09186295578068893,0.13848609313731847,0.3663391757840213,1.6,-1.6,0.13877432297573916,-0.13877432297573916,0.0,1.0,-0.0034502842169539588,-0.006242192893782823,0.015172632200121702,0.0026237865485767564,0.016837059612960004,0.0034502842169539588,ltimindtree,2026-07-15
digest,2026-07-16,ltimindtree,it,2,38,0.0526315789473684,0.0909090909090909,4065.0,4060.300048828125,-0.001156199550276793,0.003768206448816702,-0.023397285633464104,0.09386002239554125,0.12877728212563994,0.3433081694035907,1.6,0.3999999999999999,0.13877432297573916,-0.08614274402837077,0.0,0.0,-0.0007073804446923353,-0.004827233470908042,0.027150024122687882,0.001156199550276793,0.023397285633464104,0.0007073804446923353,ltimindtree,2026-07-16
digest,2026-07-17,ltimindtree,it,0,45,0.0,0.0,4094.0,4075.60009765625,-0.004494358168966817,0.002036461990535532,0.003974862789210221,0.07029639639197116,0.29408171029788044,0.3388725433793846,1.8,-1.8,0.14403748087047602,-0.14403748087047602,0.0,1.0,-0.005517143253731444,0.010755922084534738,0.019133974411596893,0.004494358168966817,0.003974862789210221,0.005517143253731444,ltimindtree,2026-07-17
digest,2026-07-18,ltimindtree,it,0,9,0.0,0.0,4075.60009765625,4083.89990234375,0.002036461990535532,-0.009010946783093443,0.02617593596806822,0.14841208456368116,0.33811362673916096,0.32881627672622704,1.6,-1.6,0.14081167441886314,-0.14081167441886314,0.0,1.0,0.003157030393606759,0.014382586734761183,0.06869518487539455,0.002036461990535532,0.02617593596806822,0.003157030393606759,ltimindtree,2026-07-18
digest,2026-07-19,ltimindtree,it,0,2,0.0,0.0,4075.60009765625,4083.89990234375,0.002036461990535532,-0.009010946783093443,0.02617593596806822,0.14841208456368116,0.33811362673916096,0.32881627672622704,1.6,-1.6,0.14081167441886314,-0.14081167441886314,0.0,1.0,0.003157030393606759,0.014382586734761183,0.06869518487539455,0.002036461990535532,0.02617593596806822,0.003157030393606759,ltimindtree,2026-07-19
digest,2026-07-20,ltimindtree,it,0,12,0.0,0.0,4075.60009765625,4083.89990234375,0.002036461990535532,-0.009010946783093443,0.02617593596806822,0.14841208456368116,0.33811362673916096,0.32881627672622704,1.5,-1.5,0.13959216222374118,-0.13959216222374118,0.0,1.0,0.003157030393606759,0.014382586734761183,0.06869518487539455,0.002036461990535532,0.02617593596806822,0.003157030393606759,ltimindtree,2026-07-20
digest,2026-07-21,ltimindtree,it,0,16,0.0,0.0,4090.10009765625,4047.10009765625,-0.01051319013552754,-0.015986803822808593,0.06476244504257189,0.12648560450486523,0.3417974319677945,0.3057841675910133,1.5,-1.5,0.13959216222374118,-0.13959216222374118,0.0,1.0,-0.006049622800347718,0.014115046001300459,0.04905758114375666,0.01051319013552754,0.06476244504257189,0.006049622800347718,ltimindtree,2026-07-21
digest,2026-07-22,ltimindtree,it,0,27,0.0,0.0,4050.0,3982.39990234375,-0.016691382137345667,-0.004293856452126099,0.11056154674713148,0.1314785331699353,0.23134712933264906,0.30435554942257104,1.4,-1.4,0.13504670767828664,-0.13504670767828664,0.0,1.0,-0.0005740212675370109,0.02233876925713288,0.030530382270553408,0.016691382137345667,0.11056154674713148,0.0005740212675370109,ltimindtree,2026-07-22
digest,2026-07-23,ltimindtree,it,0,30,0.0,0.0,3982.0,3965.300048828125,-0.004193860163705376,0.031901747268125336,0.1200665391402922,0.14190602079108006,0.1724024903607438,0.3009841608346345,1.2,-1.2,0.03504670767828663,-0.03504670767828663,0.0,1.0,0.0013237487769086282,0.03304205976852728,0.04427556623619312,0.004193860163705376,0.1200665391402922,0.0013237487769086282,ltimindtree,2026-07-23
digest,2026-07-24,ltimindtree,it,0,11,0.0,0.0,3945.5,4091.800048828125,0.03708023034548846,0.02419467097072059,0.06605895830749065,0.138398758998576,0.3139822922333687,0.24091750695938188,0.5,-0.5,0.013834586466165422,-0.013834586466165422,0.0,1.0,0.00954345701343147,0.007526268014023799,0.048369857390428386,0.03708023034548846,0.06605895830749065,0.00954345701343147,ltimindtree,2026-07-24
digest,2026-07-25,ltimindtree,it,0,21,0.0,0.0,4119.5,4190.7998046875,0.017307878307440294,0.028252456844291673,0.11911812030585045,0.14417300359627983,0.5488596674535303,0.2473211599540669,0.2,-0.2,0.005263157894736851,-0.005263157894736851,0.0,1.0,0.008546888247200504,0.052176595941165624,0.07001650875807537,0.017307878307440294,0.11911812030585045,0.008546888247200504,ltimindtree,2026-07-25
digest,2026-07-26,ltimindtree,it,0,12,0.0,0.0,4119.5,4190.7998046875,0.017307878307440294,0.028252456844291673,0.11911812030585045,0.14417300359627983,0.5488596674535303,0.2473211599540669,0.2,-0.2,0.005263157894736851,-0.005263157894736851,0.0,1.0,0.008546888247200504,0.052176595941165624,0.07001650875807537,0.017307878307440294,0.11911812030585045,0.008546888247200504,ltimindtree,2026-07-26
digest,2026-07-27,ltimindtree,it,0,40,0.0,0.0,4119.5,4190.7998046875,0.017307878307440294,0.028252456844291673,0.11911812030585045,0.14417300359627983,0.5488596674535303,0.2473211599540669,0.0,0.0,0.0,0.0,0.0,1.0,0.008546888247200504,0.052176595941165624,0.07001650875807537,0.017307878307440294,0.11911812030585045,0.008546888247200504,ltimindtree,2026-07-27
digest,2026-07-28,ltimindtree,it,0,13,0.0,0.0,4239.2001953125,4309.2001953125,0.016512548776866476,0.026338994443438457,0.057968948613533744,0.12549888150375943,0.6517413584710177,0.2606602704597967,0.0,0.0,0.0,0.0,0.0,1.0,-0.005439801318954957,0.03254026011306038,0.07985175509291578,0.016512548776866476,0.057968948613533744,0.005439801318954957,ltimindtree,2026-07-28
digest,2026-07-29,ltimindtree,it,0,28,0.0,0.0,4391.0,4422.7001953125,0.00721935670974716,0.0042281199731939445,0.018834603524739757,0.0767404271950134,0.6548054614657296,0.27350483041836343,0.0,0.0,0.0,0.0,0.0,1.0,0.005871834873863686,0.0069582162135601346,0.06376160310777296,0.00721935670974716,0.018834603524739757,0.005871834873863686,ltimindtree,2026-07-29
digest,2026-07-30,ltimindtree,it,1,29,0.0344827586206896,0.0714285714285714,4422.7998046875,4441.39990234375,0.00420550295686839,-0.017854686907534112,0.019498378790558935,0.0728599326274324,0.6548112855754411,0.27242535474946666,0.0,1.0,0.0,0.0344827586206896,0.0,0.0,0.005151152034914863,0.009566178652513831,0.049884092701708196,0.00420550295686839,0.019498378790558935,0.005151152034914863,ltimindtree,2026-07-30
digest,2026-07-31,ltimindtree,it,1,16,0.0625,0.1666666666666666,4385.10009765625,4362.10009765625,-0.005245034203961052,0.07517019210997256,0.067857223212058,0.08090137650288276,0.6377907589536634,0.3041479043644605,0.1,0.9,0.003448275862068971,0.05905172413793103,0.0,0.0,-0.013766935701496444,0.0380250785415884,0.05416959251800531,0.005245034203961052,0.067857223212058,0.013766935701496444,ltimindtree,2026-07-31
digest,2026-08-01,ltimindtree,it,0,19,0.0,0.0,4399.0,4690.0,0.06615139804501013,-0.027931769722814526,0.02238805970149249,0.002132196162046851,0.3983295601615606,0.4550170232738512,0.2,-0.2,0.009698275862068971,-0.009698275862068971,0.0,1.0,0.04499783662479917,0.015635437554071707,0.011897396668422822,0.06615139804501013,0.02238805970149249,0.04499783662479917,ltimindtree,2026-08-01
digest,2026-08-02,ltimindtree,it,0,4,0.0,0.0,4399.0,4690.0,0.06615139804501013,-0.027931769722814526,0.02238805970149249,0.002132196162046851,0.3983295601615606,0.4550170232738512,0.2,-0.2,0.009698275862068971,-0.009698275862068971,0.0,1.0,0.04499783662479917,0.015635437554071707,0.011897396668422822,0.06615139804501013,0.02238805970149249,0.04499783662479917,ltimindtree,2026-08-02
digest,2026-08-03,ltimindtree,it,0,18,0.0,0.0,4399.0,4690.0,0.06615139804501013,-0.027931769722814526,0.02238805970149249,0.002132196162046851,0.3983295601615606,0.4550170232738512,0.2,-0.2,0.009698275862068971,-0.009698275862068971,0.0,1.0,0.04499783662479917,0.015635437554071707,0.011897396668422822,0.06615139804501013,0.02238805970149249,0.04499783662479917,ltimindtree,2026-08-03
digest,2026-08-04,ltimindtree,it,0,23,0.0,0.0,4690.0,4559.0,-0.027931769722814526,-0.01162535643781526,0.06382978723404253,0.0007019511543102652,0.27378881378707964,0.4906680637717793,0.2,-0.2,0.009698275862068971,-0.009698275862068971,0.0,1.0,-0.019446378306465256,0.044007347696842405,0.02268327523823329,0.027931769722814526,0.06382978723404253,0.019446378306465256,ltimindtree,2026-08-04
digest,2026-08-05,ltimindtree,it,0,23,0.0,0.0,4589.0,4506.0,-0.018086729134887736,0.004882379050155317,0.056835352342709644,0.012960475442465702,0.3112867320269568,0.48404629977026314,0.2,-0.2,0.009698275862068971,-0.009698275862068971,0.0,1.0,-0.017286087452326737,0.05596764555672684,0.03313354676157617,0.018086729134887736,0.056835352342709644,0.017286087452326737,ltimindtree,2026-08-05
digest,2026-08-06,ltimindtree,it,1,41,0.024390243902439,0.0714285714285714,4535.5,4528.0,-0.0016536214309337272,0.028732353722670023,0.052340989399293214,0.005521201413427601,0.31821277537476766,0.4770945230767598,0.2,0.8,0.009698275862068971,0.01469196804037003,0.0,0.0,0.00806119703309006,0.039386956509765356,0.010529390860430024,0.0016536214309337272,0.052340989399293214,0.00806119703309006,ltimindtree,2026-08-06
digest,2026-08-07,ltimindtree,it,0,18,0.0,0.0,4542.0,4658.10009765625,0.025561448184995506,0.029389643733210402,0.012215259687609503,-0.03656003293154597,0.29711522899542464,0.47397430818801367,0.3,-0.3,0.012137300252312872,-0.012137300252312872,0.0,1.0,0.011748307580414256,0.015252721905953871,-0.016720554309153594,0.025561448184995506,0.012215259687609503,0.011748307580414256,ltimindtree,2026-08-07
digest,2026-08-08,ltimindtree,it,0,9,0.0,0.0,4688.0,4795.0,0.0228242320819112,0.011470281543274341,-0.019812304483837306,-0.05616262871480704,0.17799042324758127,0.47797576956330656,0.3,-0.3,0.012137300252312872,-0.012137300252312872,0.0,1.0,0.021293600673833474,-0.003316607101994388,-0.030244952996394396,0.0228242320819112,0.019812304483837306,0.021293600673833474,ltimindtree,2026-08-08
digest,2026-08-09,ltimindtree,it,0,12,0.0,0.0,4688.0,4795.0,0.0228242320819112,0.011470281543274341,-0.019812304483837306,-0.05616262871480704,0.17799042324758127,0.47797576956330656,0.3,-0.3,0.012137300252312872,-0.012137300252312872,0.0,1.0,0.021293600673833474,-0.003316607101994388,-0.030244952996394396,0.0228242320819112,0.019812304483837306,0.021293600673833474,ltimindtree,2026-08-09
digest,2026-08-10,ltimindtree,it,0,16,0.0,0.0,4688.0,4795.0,0.0228242320819112,0.011470281543274341,-0.019812304483837306,-0.05616262871480704,0.17799042324758127,0.47797576956330656,0.2,-0.2,0.008689024390243912,-0.008689024390243912,0.0,1.0,0.021293600673833474,-0.003316607101994388,-0.030244952996394396,0.0228242320819112,0.019812304483837306,0.021293600673833474,ltimindtree,2026-08-10
digest,2026-08-11,ltimindtree,it,1,77,0.0129870129870129,0.0714285714285714,4800.0,4850.0,0.01041666666666674,-0.018123691204896875,-0.059340165914948506,-0.06639175257731955,0.19056427036499904,0.471300818933848,0.1,0.9,0.002439024390243911,0.010547988596768988,0.0,0.0,0.007566836872213463,-0.018347316847526322,-0.0388956630409011,0.01041666666666674,0.059340165914948506,0.007566836872213463,ltimindtree,2026-08-11
digest,2026-08-12,ltimindtree,it,0,25,0.0,0.0,4850.0,4762.10009765625,-0.018123691204896875,0.0006089545125642637,-0.04151533803537677,-0.06343841823168184,0.19910914651818193,0.48676227224902224,0.2,-0.2,0.003737725688945201,-0.003737725688945201,0.0,1.0,-0.0031428506664687144,-0.020624883602100352,-0.04033944319845236,0.018123691204896875,0.04151533803537677,0.0031428506664687144,ltimindtree,2026-08-12
digest,2026-08-13,ltimindtree,it,1,45,0.0222222222222222,0.0666666666666666,4739.5,4765.0,0.005380314379153983,-0.01049317943336836,-0.04449108079748165,-0.0631689401888772,0.19134305953907269,0.4878507481221965,0.2,0.8,0.003737725688945201,0.018484496533277,0.0,0.0,-0.0003708030107864796,-0.026984309757437177,-0.03527315617847692,0.005380314379153983,0.04449108079748165,0.0003708030107864796,ltimindtree,2026-08-13
digest,2026-08-14,ltimindtree,it,1,41,0.024390243902439,0.1,4725.0,4715.0,-0.002116402116402072,-0.0031813361611876534,-0.04818667981177094,-0.008483563096500557,0.19511411272946247,0.47845926718602094,0.3,0.7,0.005959947911167421,0.018430295991271578,0.0,0.0,0.0007754712666195361,-0.03134462894609747,-0.014147799586957025,0.002116402116402072,0.04818667981177094,0.0007754712666195361,ltimindtree,2026-08-14
digest,2026-08-15,ltimindtree,it,0,5,0.0,0.0,4715.0,4700.0,-0.0031813361611876534,-0.029319107380319176,-0.0370850648271277,-0.03404255319148941,0.23351738794324065,0.2996931481943371,0.4,-0.4,0.00839897230141132,-0.00839897230141132,0.0,1.0,0.0043716747986478795,-0.027366891618203253,-0.04043525246685991,0.0031813361611876534,0.0370850648271277,0.0043716747986478795,ltimindtree,2026-08-15
digest,2026-08-16,ltimindtree,it,0,3,0.0,0.0,4715.0,4700.0,-0.0031813361611876534,-0.029319107380319176,-0.0370850648271277,-0.03404255319148941,0.23351738794324065,0.2996931481943371,0.4,-0.4,0.00839897230141132,-0.00839897230141132,0.0,1.0,0.0043716747986478795,-0.027366891618203253,-0.04043525246685991,0.0031813361611876534,0.0370850648271277,0.0043716747986478795,ltimindtree,2026-08-16
digest,2026-08-17,ltimindtree,it,1,31,0.032258064516129,0.0526315789473684,4715.0,4700.0,-0.0031813361611876534,-0.029319107380319176,-0.0370850648271277,-0.03404255319148941,0.23351738794324065,0.2996931481943371,0.3,0.7,0.005959947911167421,0.026298116604961577,0.0,0.0,0.0043716747986478795,-0.027366891618203253,-0.04043525246685991,0.0031813361611876534,0.0370850648271277,0.0043716747986478795,ltimindtree,2026-08-17
digest,2026-08-18,ltimindtree,it,1,59,0.0169491525423728,0.0714285714285714,4630.0,4562.2001953125,-0.014643586325593927,0.00048215925147476746,-0.007496425813939389,0.013765245276177174,0.1309575995518656,0.303419669069047,0.4,0.6,0.00918575436278032,0.007763398179592481,0.0,0.0,0.0008800857657308685,-0.021440129677123353,-0.0209076899228861,0.014643586325593927,0.007496425813939389,0.0008800857657308685,ltimindtree,2026-08-18
digest,2026-07-07,ltts,it,0,52,0.0,0.0,3180.0,3221.300048828125,0.01298743673840419,-0.024896765267504617,0.022289152745719853,0.02641785994030066,0.30747565077516925,0.4227774819500298,1.2,-1.2,0.026579544672948603,-0.026579544672948603,0.0,1.0,-0.005856073513332897,8.356560062681637e-05,0.0002934271949224937,0.01298743673840419,0.022289152745719853,0.005856073513332897,ltts,2026-07-07
digest,2026-07-08,ltts,it,1,82,0.0121951219512195,0.0909090909090909,3227.199951171875,3141.10009765625,-0.026679429480147343,0.024354524727524973,0.11690170314720727,0.06115687101438172,0.41225957589903045,0.4365714938064956,1.0,0.0,0.022149620560790503,-0.009954498609571002,0.0,0.0,-0.008354433836065892,0.07648049317854479,0.03207151067922462,0.026679429480147343,0.11690170314720727,0.008354433836065892,ltts,2026-07-08
digest,2026-07-09,ltts,it,1,23,0.0434782608695652,0.1666666666666666,3150.89990234375,3217.60009765625,0.02116861765836675,0.018833867378288183,0.08161357705915862,0.04901166906563259,0.4644006575647541,0.46119822979742087,1.0,0.0,0.020727549330851785,0.022750711538713417,0.0,0.0,0.016675939157190747,0.04156122630508633,0.028149237959245645,0.02116861765836675,0.08161357705915862,0.016675939157190747,ltts,2026-07-09
digest,2026-07-10,ltts,it,0,22,0.0,0.0,3252.0,3278.199951171875,0.008056565551006978,0.005948386398160199,0.0418217618505059,0.04267590402298804,0.5232382354993169,0.4739329361592149,1.0,-1.0,0.02357138827319096,-0.02357138827319096,0.0,1.0,-0.0002851634710623503,0.018826206643960654,0.026786274349117477,0.008056565551006978,0.0418217618505059,0.0002851634710623503,ltts,2026-07-10
digest,2026-07-12,ltts,it,0,2,0.0,0.0,3278.199951171875,3297.699951171875,0.005948386398160199,-0.0013948672055473788,0.015707932678871384,0.06076967263597188,0.5607147411401716,0.35129212629683365,0.8888888888888888,-0.8888888888888888,0.020952345131725298,-0.020952345131725298,0.0,1.0,-0.024908583240123135,0.0203088544039485,0.05361098070440409,0.005948386398160199,0.015707932678871384,0.024908583240123135,ltts,2026-07-12
digest,2026-07-13,ltts,it,0,33,0.0,0.0,3278.199951171875,3297.699951171875,0.005948386398160199,-0.0013948672055473788,0.015707932678871384,0.06076967263597188,0.5607147411401716,0.35129212629683365,0.8,-0.8,0.018857110618552768,-0.018857110618552768,0.0,1.0,-0.024908583240123135,0.0203088544039485,0.05361098070440409,0.005948386398160199,0.015707932678871384,0.024908583240123135,ltts,2026-07-13
digest,2026-07-14,ltts,it,0,35,0.0,0.0,3313.800048828125,3293.10009765625,-0.006246590279095243,0.06534874276218816,0.004038688255168843,0.09298227873176468,0.5729431676386252,0.35287262082449994,0.8,-0.8,0.018857110618552768,-0.018857110618552768,0.0,1.0,0.007709894218379488,0.0002487585407692397,0.03835791017372252,0.006246590279095243,0.004038688255168843,0.007709894218379488,ltts,2026-07-14
digest,2026-07-15,ltts,it,5,17,0.2941176470588235,0.4545454545454545,3350.199951171875,3508.300048828125,0.047191242302104364,-0.008009605012443632,-0.049910240064768296,0.021862426276080704,0.1775812553974559,0.4103480945954753,0.7,4.3,0.01736457330511994,0.27675307375370356,1.0,0.0,0.04111717153657365,-0.03931537334559111,-0.05482789730448652,0.047191242302104364,0.049910240064768296,0.04111717153657365,ltts,2026-07-15
digest,2026-07-16,ltts,it,1,38,0.0263157894736842,0.0454545454545454,3532.199951171875,3480.199951171875,-0.014721703391323615,-0.01864832574401265,-0.03014191822755108,0.022671153264572474,0.24194953988959186,0.39913972469996795,1.2,-0.19999999999999996,0.04677633801100229,-0.02046054853731809,0.0,0.0,-0.014272884285739158,-0.011571866064995016,-0.0440388450082809,0.014721703391323615,0.03014191822755108,0.014272884285739158,ltts,2026-07-16
digest,2026-07-17,ltts,it,0,45,0.0,0.0,3485.60009765625,3415.300048828125,-0.020168707499002902,-0.01926625710402885,0.0008198544163302568,0.0410212430862984,0.2410700654343161,0.423090942870512,1.0,-1.0,0.040836488386942135,-0.040836488386942135,0.0,1.0,-0.02119149258376753,0.007600913711654773,-0.01014117889407587,0.020168707499002902,0.0008198544163302568,0.02119149258376753,ltts,2026-07-17
digest,2026-07-18,ltts,it,0,9,0.0,0.0,3390.0,3349.5,-0.011946902654867309,-0.01286762133340802,0.04436485972719817,0.06427826506288259,0.2119408181769302,0.4311965338619337,0.8,-0.8,0.03761068193532924,-0.03761068193532924,0.0,1.0,-0.01082633425179608,0.032571510493891134,-0.015438634625404013,0.011946902654867309,0.04436485972719817,0.01082633425179608,ltts,2026-07-18
digest,2026-07-19,ltts,it,0,2,0.0,0.0,3390.0,3349.5,-0.011946902654867309,-0.01286762133340802,0.04436485972719817,0.06427826506288259,0.2119408181769302,0.4311965338619337,0.8,-0.8,0.03761068193532924,-0.03761068193532924,0.0,1.0,-0.01082633425179608,0.032571510493891134,-0.015438634625404013,0.011946902654867309,0.04436485972719817,0.01082633425179608,ltts,2026-07-19
digest,2026-07-20,ltts,it,0,12,0.0,0.0,3390.0,3349.5,-0.011946902654867309,-0.01286762133340802,0.04436485972719817,0.06427826506288259,0.2119408181769302,0.4311965338619337,0.7,-0.7,0.036391169740207285,-0.036391169740207285,0.0,1.0,-0.01082633425179608,0.032571510493891134,-0.015438634625404013,0.011946902654867309,0.04436485972719817,0.01082633425179608,ltts,2026-07-20
digest,2026-07-21,ltts,it,0,16,0.0,0.0,3349.5,3306.39990234375,-0.01286762133340802,0.008105507385578914,0.08858581996592485,0.059158027895415355,0.13749939294851465,0.43434577936341595,0.6,-0.6,0.03204334365325077,-0.03204334365325077,0.0,1.0,-0.008404053998228198,0.03793842092465342,-0.018269995465693217,0.01286762133340802,0.08858581996592485,0.008404053998228198,ltts,2026-07-21
digest,2026-07-22,ltts,it,1,27,0.037037037037037,0.2,3319.800048828125,3333.199951171875,0.0040363582585283275,0.012630534703280683,0.07554303747652402,0.07263293567826112,0.20006019520227225,0.40577896293603555,0.6,0.4,0.03204334365325077,0.004993693383786232,0.0,0.0,0.020153719128336984,-0.012679740013474577,-0.028315215221120765,0.0040363582585283275,0.07554303747652402,0.020153719128336984,ltts,2026-07-22
digest,2026-07-23,ltts,it,2,30,0.0666666666666666,0.2857142857142857,3346.39990234375,3375.300048828125,0.008636190332223626,0.012680368621742266,0.05445443254502336,0.053358175839257393,0.25525788961258233,0.39525645983738067,0.7,1.3,0.03574704735695447,0.030919619309712126,0.0,0.0,0.014153799272837629,-0.032570046826741555,-0.04427227871562954,0.008636190332223626,0.05445443254502336,0.014153799272837629,ltts,2026-07-23
digest,2026-07-24,ltts,it,1,11,0.0909090909090909,0.2,3365.0,3418.10009765625,0.01578011817421987,0.02340481487211421,0.04016845638360467,0.05283632671830185,0.2670770221764725,0.3904333892380951,0.9,0.09999999999999998,0.04241371402362113,0.04849537688546977,0.0,0.0,-0.011756655157837123,-0.01836423390986218,-0.03719257488984577,0.01578011817421987,0.04016845638360467,0.011756655157837123,ltts,2026-07-24
digest,2026-07-25,ltts,it,0,21,0.0,0.0,3464.0,3498.10009765625,0.00984413904626158,0.028929975800200625,0.01906747929156305,0.024384609446897132,0.22979842901616707,0.4019695084472405,1.0,-1.0,0.05150462311453021,-0.05150462311453021,0.0,1.0,0.0010831489860217893,-0.047874045073121776,-0.04977188539130732,0.00984413904626158,0.01906747929156305,0.0010831489860217893,ltts,2026-07-25
digest,2026-07-26,ltts,it,0,12,0.0,0.0,3464.0,3498.10009765625,0.00984413904626158,0.028929975800200625,0.01906747929156305,0.024384609446897132,0.22979842901616707,0.4019695084472405,0.5,-0.5,0.02209285840864787,-0.02209285840864787,0.0,1.0,0.0010831489860217893,-0.047874045073121776,-0.04977188539130732,0.00984413904626158,0.01906747929156305,0.0010831489860217893,ltts,2026-07-26
digest,2026-07-27,ltts,it,0,40,0.0,0.0,3464.0,3498.10009765625,0.00984413904626158,0.028929975800200625,0.01906747929156305,0.024384609446897132,0.22979842901616707,0.4019695084472405,0.4,-0.4,0.01946127946127945,-0.01946127946127945,0.0,1.0,0.0010831489860217893,-0.047874045073121776,-0.04977188539130732,0.00984413904626158,0.01906747929156305,0.0010831489860217893,ltts,2026-07-27
digest,2026-07-28,ltts,it,0,13,0.0,0.0,3510.0,3599.300048828125,0.02544160935274209,-0.003973008261087041,-0.027033047400370047,0.014836190820250117,0.12253266986669024,0.4145583290145813,0.4,-0.4,0.01946127946127945,-0.01946127946127945,0.0,1.0,0.0034892592569206564,-0.05246173590084341,-0.03081093559059353,0.02544160935274209,0.027033047400370047,0.0034892592569206564,ltts,2026-07-28
digest,2026-07-29,ltts,it,0,28,0.0,0.0,3636.89990234375,3585.0,-0.01427036864839304,-0.007224519482217584,-0.002705704650453278,-0.001701561410390462,0.22557065379933006,0.27405569426385334,0.4,-0.4,0.01946127946127945,-0.01946127946127945,0.0,1.0,-0.015617890484276514,-0.0145820919616329,-0.014680385497630902,0.01427036864839304,0.002705704650453278,0.015617890484276514,ltts,2026-07-29
digest,2026-07-30,ltts,it,0,29,0.0,0.0,3573.0,3559.10009765625,-0.0038902609414357414,-0.001039643508463417,-0.001039643508463417,0.012812186301153439,0.22272720448316283,0.2732560265742237,0.4,-0.4,0.01946127946127945,-0.01946127946127945,0.0,1.0,-0.002944611863389269,-0.01097184364650852,-0.010163653624570765,0.0038902609414357414,0.001039643508463417,0.002944611863389269,ltts,2026-07-30
digest,2026-07-31,ltts,it,0,16,0.0,0.0,3524.199951171875,3555.39990234375,0.008853059305417688,0.0026439069422763417,0.012178671884302217,-0.02210717659743744,0.23853229060305056,0.24849463348713544,0.4,-0.4,0.01946127946127945,-0.01946127946127945,0.0,1.0,0.0003311578078822961,-0.01765347278616738,-0.04883896058231489,0.008853059305417688,0.012178671884302217,0.0003311578078822961,ltts,2026-07-31
digest,2026-08-01,ltts,it,1,19,0.0526315789473684,0.5,3580.0,3564.800048828125,-0.004245796416724845,-0.01761671004486476,0.005217642858184934,-0.010182913019219142,0.2432720813738695,0.21243976847312804,0.4,0.6,0.01946127946127945,0.03317029948608895,0.0,0.0,-0.02539935783693581,-0.0015349792892358494,-0.00041771251284317135,0.004245796416724845,0.005217642858184934,0.02539935783693581,ltts,2026-08-01
digest,2026-08-02,ltts,it,0,4,0.0,0.0,3580.0,3564.800048828125,-0.004245796416724845,-0.01761671004486476,0.005217642858184934,-0.010182913019219142,0.2432720813738695,0.21243976847312804,0.4,-0.4,0.021020733652312586,-0.021020733652312586,0.0,1.0,-0.02539935783693581,-0.0015349792892358494,-0.00041771251284317135,0.004245796416724845,0.005217642858184934,0.02539935783693581,ltts,2026-08-02
digest,2026-08-03,ltts,it,0,18,0.0,0.0,3580.0,3564.800048828125,-0.004245796416724845,-0.01761671004486476,0.005217642858184934,-0.010182913019219142,0.2432720813738695,0.21243976847312804,0.2,-0.2,0.01435406698564593,-0.01435406698564593,0.0,1.0,-0.02539935783693581,-0.0015349792892358494,-0.00041771251284317135,0.004245796416724845,0.005217642858184934,0.02539935783693581,ltts,2026-08-03
digest,2026-08-04,ltts,it,0,23,0.0,0.0,3563.800048828125,3502.0,-0.01734105392597618,0.020930910573422334,0.04303253888403047,0.002255825911978926,0.20173734502853527,0.22539818569390677,0.1,-0.1,0.005263157894736839,-0.005263157894736839,0.0,1.0,-0.008855662509626909,0.02321009934683034,0.02423714999590195,0.01734105392597618,0.04303253888403047,0.008855662509626909,ltts,2026-08-04
digest,2026-08-05,ltts,it,1,23,0.0434782608695652,0.125,3520.89990234375,3575.300048828125,0.015450637051102278,-0.005566007387519223,0.0010068675262109306,-0.009621611057692991,0.2483668497907928,0.23783714973238215,0.1,0.9,0.005263157894736839,0.038215102974828365,0.0,0.0,0.016251278733663277,0.00013916074022812808,0.010551460261417477,0.015450637051102278,0.0010068675262109306,0.016251278733663277,ltts,2026-08-05
digest,2026-08-06,ltts,it,0,41,0.0,0.0,3564.10009765625,3555.39990234375,-0.0024410636834305555,0.012178671884302217,0.01386624576201001,0.006665971750991151,0.24590734184700544,0.24354115885121497,0.2,-0.2,0.00961098398169336,-0.00961098398169336,0.0,1.0,0.007273754780593231,0.0009122128724821533,0.011674161197993574,0.0024410636834305555,0.01386624576201001,0.007273754780593231,ltts,2026-08-06
digest,2026-08-07,ltts,it,0,18,0.0,0.0,3555.39990234375,3598.699951171875,0.012178671884302217,-0.004251548902581503,-0.03387331647476044,0.0016395216507154586,0.3449031851983299,0.2431291121271259,0.2,-0.2,0.00961098398169336,-0.00961098398169336,0.0,1.0,-0.0016344687202790326,-0.030835854256416072,0.021479000273107837,0.012178671884302217,0.03387331647476044,0.0016344687202790326,ltts,2026-08-07
digest,2026-08-08,ltts,it,0,9,0.0,0.0,3621.800048828125,3583.39990234375,-0.010602503166015409,0.019339189238354093,-0.015320618362422267,0.0003349320045789028,0.37845971044562277,0.22426612763677714,0.2,-0.2,0.00961098398169336,-0.00961098398169336,0.0,1.0,-0.012133134574093134,0.0011750790194206516,0.026252607722991546,0.010602503166015409,0.015320618362422267,0.012133134574093134,ltts,2026-08-08
digest,2026-08-09,ltts,it,0,12,0.0,0.0,3621.800048828125,3583.39990234375,-0.010602503166015409,0.019339189238354093,-0.015320618362422267,0.0003349320045789028,0.37845971044562277,0.22426612763677714,0.2,-0.2,0.00961098398169336,-0.00961098398169336,0.0,1.0,-0.012133134574093134,0.0011750790194206516,0.026252607722991546,0.010602503166015409,0.015320618362422267,0.012133134574093134,ltts,2026-08-09
digest,2026-08-10,ltts,it,0,16,0.0,0.0,3621.800048828125,3583.39990234375,-0.010602503166015409,0.019339189238354093,-0.015320618362422267,0.0003349320045789028,0.37845971044562277,0.22426612763677714,0.2,-0.2,0.00961098398169336,-0.00961098398169336,0.0,1.0,-0.012133134574093134,0.0011750790194206516,0.026252607722991546,0.010602503166015409,0.015320618362422267,0.012133134574093134,ltts,2026-08-10
digest,2026-08-11,ltts,it,0,77,0.0,0.0,3600.0,3652.699951171875,0.014638875325520884,-0.02020424612332261,-0.03909438243957353,-0.023133572735118957,0.32394439214821996,0.19600714252609072,0.2,-0.2,0.00961098398169336,-0.00961098398169336,0.0,1.0,0.011789045531067606,0.0018984666278486564,0.004362516801299492,0.014638875325520884,0.03909438243957353,0.011789045531067606,ltts,2026-08-11
digest,2026-08-12,ltts,it,1,25,0.04,0.0833333333333333,3652.699951171875,3578.89990234375,-0.02020424612332261,0.007208932781615163,-0.010617787878089202,-0.009975118652660764,0.3193143963068571,0.22376504064944583,0.1,0.9,0.00434782608695652,0.03565217391304348,0.0,0.0,-0.005223405584894451,0.010272666555187215,0.013123856380568712,0.02020424612332261,0.010617787878089202,0.005223405584894451,ltts,2026-08-12
digest,2026-08-13,ltts,it,1,45,0.0222222222222222,0.0666666666666666,3579.0,3604.699951171875,0.007180763110331112,-0.03548142815664035,-0.0071017987245519665,-0.018531375629865843,0.32672054962349917,0.22259078017170006,0.2,0.8,0.00834782608695652,0.01387439613526568,0.0,0.0,0.0014296457203906493,0.010404972315492509,0.009364408380534435,0.007180763110331112,0.0071017987245519665,0.0014296457203906493,ltts,2026-08-13
digest,2026-08-14,ltts,it,0,41,0.0,0.0,3604.699951171875,3476.800048828125,-0.03548142815664035,0.014869981145249067,0.0367579518618566,0.02643232312848287,0.12034454361469148,0.2899528033859568,0.3,-0.3,0.01057004830917874,-0.01057004830917874,0.0,1.0,-0.03258955477361874,0.053600002727530065,0.0207680866380264,0.03548142815664035,0.0367579518618566,0.03258955477361874,ltts,2026-08-14
digest,2026-08-15,ltts,it,0,5,0.0,0.0,3484.0,3528.5,0.01277267508610791,-0.005271389444877372,0.01589913494579842,0.0226441554042085,0.12625108390078565,0.30178630124287614,0.3,-0.3,0.01057004830917874,-0.01057004830917874,0.0,1.0,0.020325686045943443,0.02561730815472287,0.016251456128837997,0.01277267508610791,0.01589913494579842,0.020325686045943443,ltts,2026-08-15
digest,2026-08-16,ltts,it,0,3,0.0,0.0,3484.0,3528.5,0.01277267508610791,-0.005271389444877372,0.01589913494579842,0.0226441554042085,0.12625108390078565,0.30178630124287614,0.2,-0.2,0.00622222222222222,-0.00622222222222222,0.0,1.0,0.020325686045943443,0.02561730815472287,0.016251456128837997,0.01277267508610791,0.01589913494579842,0.020325686045943443,ltts,2026-08-16
digest,2026-08-17,ltts,it,1,31,0.032258064516129,0.0526315789473684,3484.0,3528.5,0.01277267508610791,-0.005271389444877372,0.01589913494579842,0.0226441554042085,0.12625108390078565,0.30178630124287614,0.2,0.8,0.00622222222222222,0.026035842293906777,0.0,0.0,0.020325686045943443,0.02561730815472287,0.016251456128837997,0.01277267508610791,0.01589913494579842,0.020325686045943443,ltts,2026-08-17
digest,2026-08-18,ltts,it,1,59,0.0169491525423728,0.0714285714285714,3525.199951171875,3509.89990234375,-0.0043401931918893855,0.008832160706149894,0.01661017420730282,0.022194406863955463,0.1233772007554685,0.2886702988716339,0.3,0.7,0.00944802867383512,0.007501123868537681,0.0,0.0,0.01118347889943541,0.0026664703441188556,-0.012478528335107812,0.0043401931918893855,0.01661017420730282,0.01118347889943541,ltts,2026-08-18
digest,2026-07-07,mphasis,it,1,52,0.0192307692307692,0.25,2328.0,2374.60009765625,0.02001722407914519,-0.05588317605287563,-0.0009686047054386915,0.002316179471831381,0.5523790060900823,0.3927756175010001,0.6,0.4,0.00943668753009146,0.009794081700677741,0.0,0.0,0.0011737138274081037,-0.02317419185053173,-0.023808253273546784,0.02001722407914519,0.0009686047054386915,0.0011737138274081037,mphasis,2026-07-07
digest,2026-07-08,mphasis,it,1,82,0.0121951219512195,0.0909090909090909,2323.0,2241.89990234375,-0.03491179408362033,0.008653440086282771,0.043400710587660374,0.014229068144846924,0.31129779750473247,0.49995970986541755,0.6666666666666666,0.33333333333333337,0.011069034480204416,0.0011260874710150841,0.0,0.0,-0.016586798439538877,0.0029795006189978906,-0.014856292190310174,0.03491179408362033,0.043400710587660374,0.016586798439538877,mphasis,2026-07-08
digest,2026-07-09,mphasis,it,0,23,0.0,0.0,2241.0,2261.300048828125,0.009058477834950951,0.026798678727765424,0.040109648968909895,-0.012780323645839031,0.3121368919230806,0.5020336758518406,0.7142857142857143,-0.7142857142857143,0.011229904118920858,-0.011229904118920858,0.0,1.0,0.004565799333774947,5.729821483761027e-05,-0.03364275475222597,0.009058477834950951,0.040109648968909895,0.004565799333774947,mphasis,2026-07-09
digest,2026-07-10,mphasis,it,0,22,0.0,0.0,2292.199951171875,2321.89990234375,0.012956963530468268,0.029501702433793797,0.031138314255125588,-0.014556960295050714,0.28365497527928696,0.5192293008154251,0.625,-0.625,0.009826166104055751,-0.009826166104055751,0.0,1.0,0.00461523450839894,0.00814275904858034,-0.03044658996892128,0.012956963530468268,0.031138314255125588,0.00461523450839894,mphasis,2026-07-10
digest,2026-07-12,mphasis,it,0,2,0.0,0.0,2322.0,2390.39990234375,0.029457322284130116,-0.007571893513666272,0.00962182100888187,-0.0241382001042173,0.20213510521421363,0.5095993662732673,0.5555555555555556,-0.5555555555555556,0.008734369870271779,-0.008734369870271779,0.0,1.0,-0.0013996473541532176,0.014222742733958986,-0.03129689203578509,0.029457322284130116,0.00962182100888187,0.0013996473541532176,mphasis,2026-07-12
digest,2026-07-13,mphasis,it,0,33,0.0,0.0,2322.0,2390.39990234375,0.029457322284130116,-0.007571893513666272,0.00962182100888187,-0.0241382001042173,0.20213510521421363,0.5095993662732673,0.5,-0.5,0.0078609328832446,-0.0078609328832446,0.0,1.0,-0.0013996473541532176,0.014222742733958986,-0.03129689203578509,0.029457322284130116,0.00962182100888187,0.0013996473541532176,mphasis,2026-07-13
digest,2026-07-14,mphasis,it,0,35,0.0,0.0,2400.0,2372.300048828125,-0.011541646321614585,-0.013952745004832234,0.0032879689194367234,0.01736709114524837,0.2242919021689929,0.4921605709726915,0.5,-0.5,0.0078609328832446,-0.0078609328832446,0.0,1.0,0.0024148381758601466,-0.0005019607949628799,-0.03725727741279379,0.011541646321614585,0.0032879689194367234,0.0024148381758601466,mphasis,2026-07-14
digest,2026-07-15,mphasis,it,0,17,0.0,0.0,2350.0,2339.199951171875,-0.004595765458776602,0.00547197721242787,-0.027958235169672663,0.009447716363527814,0.39328791881195274,0.48910884822970785,0.4,-0.4,0.0063683955698117705,-0.0063683955698117705,0.0,1.0,-0.010669836224307318,-0.017363368450495482,-0.06724260721703941,0.004595765458776602,0.027958235169672663,0.010669836224307318,mphasis,2026-07-15
digest,2026-07-16,mphasis,it,2,38,0.0526315789473684,0.0909090909090909,2359.0,2352.0,-0.0029673590504450953,0.017942156110491103,-0.050850381656568855,-0.002253422120801485,0.38792008232146497,0.4172050331536638,0.4,1.6,0.0063683955698117705,0.046263183377556624,0.0,0.0,-0.0025185399448606374,-0.03228032949401279,-0.06896342039365486,0.0029673590504450953,0.050850381656568855,0.0025185399448606374,mphasis,2026-07-16
digest,2026-07-17,mphasis,it,0,45,0.0,0.0,2385.0,2394.199951171875,0.0038574218750000444,0.00801935993795233,-0.044315368674071265,-0.021677346672046682,0.4216133684252184,0.4120686215447121,0.6,-0.6,0.011631553464548609,-0.011631553464548609,0.0,1.0,0.002834636790235417,-0.03753430937874675,-0.07283976865242095,0.0038574218750000444,0.044315368674071265,0.002834636790235417,mphasis,2026-07-17
digest,2026-07-18,mphasis,it,0,9,0.0,0.0,2402.10009765625,2413.39990234375,0.00470413564302552,-0.013797881012243884,-0.03343828393027781,0.00646395056248239,0.4567467268822193,0.4124543232414289,0.4,-0.4,0.00840574701293571,-0.00840574701293571,0.0,1.0,0.005824704046096747,-0.04523163316358485,-0.07325294912580421,0.00470413564302552,0.03343828393027781,0.005824704046096747,mphasis,2026-07-18
digest,2026-07-19,mphasis,it,0,2,0.0,0.0,2402.10009765625,2413.39990234375,0.00470413564302552,-0.013797881012243884,-0.03343828393027781,0.00646395056248239,0.4567467268822193,0.4124543232414289,0.3,-0.3,0.00648267008985879,-0.00648267008985879,0.0,1.0,0.005824704046096747,-0.04523163316358485,-0.07325294912580421,0.00470413564302552,0.03343828393027781,0.005824704046096747,mphasis,2026-07-19
digest,2026-07-20,mphasis,it,0,12,0.0,0.0,2402.10009765625,2413.39990234375,0.00470413564302552,-0.013797881012243884,-0.03343828393027781,0.00646395056248239,0.4567467268822193,0.4124543232414289,0.2,-0.2,0.00526315789473684,-0.00526315789473684,0.0,1.0,0.005824704046096747,-0.04523163316358485,-0.07325294912580421,0.00470413564302552,0.03343828393027781,0.005824704046096747,mphasis,2026-07-20
digest,2026-07-21,mphasis,it,0,16,0.0,0.0,2413.300048828125,2380.10009765625,-0.01375707558121364,-0.04466200767471984,0.014032982216436896,-4.205606997309541e-05,0.5310206929377178,0.3974694828372956,0.2,-0.2,0.00526315789473684,-0.00526315789473684,0.0,1.0,-0.009293508246033819,-0.03661441682483454,-0.07747007943108167,0.01375707558121364,0.014032982216436896,0.009293508246033819,mphasis,2026-07-21
digest,2026-07-22,mphasis,it,0,27,0.0,0.0,2355.10009765625,2273.800048828125,-0.034520846442592124,-0.018207470136044623,0.03848183574676933,0.08188932499488644,0.4119378125400784,0.35456065666430364,0.2,-0.2,0.00526315789473684,-0.00526315789473684,0.0,1.0,-0.018403485572783467,-0.04974094174322927,-0.019058825904495452,0.034520846442592124,0.03848183574676933,0.018403485572783467,mphasis,2026-07-22
digest,2026-07-23,mphasis,it,0,30,0.0,0.0,2282.800048828125,2232.39990234375,-0.022078213337277552,0.02495081425779566,0.05120052581444923,0.08488622482067298,0.3708131523574734,0.36516571462819275,0.2,-0.2,0.00526315789473684,-0.00526315789473684,0.0,1.0,-0.01656060439666355,-0.035823953557315685,-0.01274422973421395,0.022078213337277552,0.05120052581444923,0.01656060439666355,mphasis,2026-07-23
digest,2026-07-24,mphasis,it,1,11,0.0909090909090909,0.2,2247.0,2288.10009765625,0.01829109820037833,0.01949209021113618,0.023687753532895428,0.08168344668801675,0.35227128732784785,0.3613179870726101,0.2,0.8,0.00526315789473684,0.08564593301435405,0.0,0.0,-0.009245675131678663,-0.03484493676057142,-0.008345454920130876,0.01829109820037833,0.023687753532895428,0.009245675131678663,mphasis,2026-07-24
digest,2026-07-25,mphasis,it,4,21,0.1904761904761904,0.5,2332.10009765625,2332.699951171875,0.00025721602440120783,0.03463799482120855,0.04128265565391165,0.07514899151091403,0.4145028067453328,0.3403658374362036,0.3,3.7,0.01435406698564593,0.17612212349054449,1.0,0.0,-0.008503774035838583,-0.025658868710773178,0.000992496672709578,0.00025721602440120783,0.04128265565391165,0.008503774035838583,mphasis,2026-07-25
digest,2026-07-26,mphasis,it,0,12,0.0,0.0,2332.10009765625,2332.699951171875,0.00025721602440120783,0.03463799482120855,0.04128265565391165,0.07514899151091403,0.4145028067453328,0.3403658374362036,0.7,-0.7,0.033401686033264974,-0.033401686033264974,0.0,1.0,-0.008503774035838583,-0.025658868710773178,0.000992496672709578,0.00025721602440120783,0.04128265565391165,0.008503774035838583,mphasis,2026-07-26
digest,2026-07-27,mphasis,it,5,40,0.125,1.0,2332.10009765625,2332.699951171875,0.00025721602440120783,0.03463799482120855,0.04128265565391165,0.07514899151091403,0.4145028067453328,0.3403658374362036,0.5,4.5,0.02813852813852813,0.09686147186147187,1.0,0.0,-0.008503774035838583,-0.025658868710773178,0.000992496672709578,0.00025721602440120783,0.04128265565391165,0.008503774035838583,mphasis,2026-07-27
digest,2026-07-28,mphasis,it,1,13,0.0769230769230769,0.5,2374.699951171875,2413.5,0.01633892686483529,-0.02162832035296247,-0.013880256888336495,0.04827014708928945,0.3767965891867979,0.3848686420270413,1.0,0.0,0.04063852813852813,0.03628454878454877,0.0,0.0,-0.005613423230986143,-0.03930894538880986,0.0026230206784458032,0.01633892686483529,0.013880256888336495,0.005613423230986143,mphasis,2026-07-28
digest,2026-07-29,mphasis,it,0,28,0.0,0.0,2455.0,2361.300048828125,-0.03816698622072301,-0.006183075998112075,0.041798987477621896,0.07466228144772202,0.40387670186441815,0.3955514832628484,1.1,-1.1,0.04833083583083582,-0.04833083583083582,0.0,1.0,-0.03951450805660649,0.029922600166442274,0.061683457360481586,0.03816698622072301,0.041798987477621896,0.03951450805660649,mphasis,2026-07-29
digest,2026-07-30,mphasis,it,0,29,0.0,0.0,2346.10009765625,2346.699951171875,0.00025568112640383944,-0.0018749317915793817,0.03204497922042493,0.0827971418890161,0.4297328843688863,0.3963712638816684,1.1,-1.1,0.04833083583083582,-0.04833083583083582,0.0,1.0,0.0012013302044503117,0.022112779082379824,0.0598213019632919,0.00025568112640383944,0.03204497922042493,0.0012013302044503117,mphasis,2026-07-30
digest,2026-07-31,mphasis,it,1,16,0.0625,0.1666666666666666,2324.60009765625,2342.300048828125,0.007614191873140053,0.03701487826687777,0.0566536944053202,0.0865388493986019,0.43329968891667653,0.3836114794647906,1.1,-0.10000000000000009,0.04833083583083582,0.01416916416916418,0.0,0.0,-0.0009077096243953389,0.0268215497348506,0.05980706541372445,0.007614191873140053,0.0566536944053202,0.0009077096243953389,mphasis,2026-07-31
digest,2026-08-01,mphasis,it,0,19,0.0,0.0,2361.0,2429.0,0.028801355357899183,-0.02017291066282423,0.032523672293124806,0.03334705640181146,0.3735211001321482,0.4295254574749288,1.2,-1.2,0.05458083583083582,-0.05458083583083582,0.0,1.0,0.007647793937688219,0.025771050145704022,0.04311225690818743,0.028801355357899183,0.032523672293124806,0.007647793937688219,mphasis,2026-08-01
digest,2026-08-02,mphasis,it,0,4,0.0,0.0,2361.0,2429.0,0.028801355357899183,-0.02017291066282423,0.032523672293124806,0.03334705640181146,0.3735211001321482,0.4295254574749288,1.2,-1.2,0.05458083583083582,-0.05458083583083582,0.0,1.0,0.007647793937688219,0.025771050145704022,0.04311225690818743,0.028801355357899183,0.032523672293124806,0.007647793937688219,mphasis,2026-08-02
digest,2026-08-03,mphasis,it,0,18,0.0,0.0,2361.0,2429.0,0.028801355357899183,-0.02017291066282423,0.032523672293124806,0.03334705640181146,0.3735211001321482,0.4295254574749288,1.2,-1.2,0.05458083583083582,-0.05458083583083582,0.0,1.0,0.007647793937688219,0.025771050145704022,0.04311225690818743,0.028801355357899183,0.032523672293124806,0.007647793937688219,mphasis,2026-08-03
digest,2026-08-04,mphasis,it,0,23,0.0,0.0,2429.39990234375,2380.0,-0.020334199526431118,0.03361344537815136,0.06302521008403361,0.02184873949579824,0.2897365645895613,0.4367950693166549,1.1,-1.1,0.04548992673992673,-0.04548992673992673,0.0,1.0,-0.011848808110081847,0.04320277054683348,0.043830063579721266,0.020334199526431118,0.06302521008403361,0.011848808110081847,mphasis,2026-08-04
digest,2026-08-05,mphasis,it,1,23,0.0434782608695652,0.125,2403.800048828125,2460.0,0.02337962810146088,-0.015487844575711396,0.03154475514481714,-0.014430894308943065,0.22242608920140516,0.3846335945552922,0.7,0.30000000000000004,0.02644230769230769,0.017035953177257514,0.0,0.0,0.02418026978402188,0.030677048358834336,0.005742177010167403,0.02337962810146088,0.03154475514481714,0.02418026978402188,mphasis,2026-08-05
digest,2026-08-06,mphasis,it,1,41,0.024390243902439,0.0714285714285714,2456.800048828125,2421.89990234375,-0.014205529872494904,0.021924976174640065,0.04917630887263047,0.0033445220623740113,0.13239725078903025,0.37962218424012373,0.8,0.19999999999999996,0.030790133779264213,-0.006399889876825212,0.0,0.0,-0.004490711408471118,0.03622227598310261,0.008352711509376434,0.014205529872494904,0.04917630887263047,0.004490711408471118,mphasis,2026-08-06
digest,2026-08-07,mphasis,it,0,18,0.0,0.0,2415.0,2475.0,0.024844720496894457,0.01333333333333342,0.028282828282828243,-0.018181818181818188,0.08360952519198689,0.3762251692056334,0.4,-0.4,0.02072915816950811,-0.02072915816950811,0.0,1.0,0.011031579892313207,0.03132029050117261,0.00165766044057419,0.024844720496894457,0.028282828282828243,0.011031579892313207,mphasis,2026-08-07
digest,2026-08-08,mphasis,it,1,9,0.1111111111111111,0.5,2487.39990234375,2508.0,0.00828177955496412,0.00877192982456143,0.0007974481658692412,-0.03229665071770338,0.13262534638759677,0.37226844815506344,0.3,0.7,0.01303685047720042,0.09807426063391068,0.0,0.0,0.006751148146886394,0.01729314554771216,-0.006378974999290736,0.00828177955496412,0.0007974481658692412,0.006751148146886394,mphasis,2026-08-08
digest,2026-08-09,mphasis,it,0,12,0.0,0.0,2487.39990234375,2508.0,0.00828177955496412,0.00877192982456143,0.0007974481658692412,-0.03229665071770338,0.13262534638759677,0.37226844815506344,0.4,-0.4,0.02414796158831153,-0.02414796158831153,0.0,1.0,0.006751148146886394,0.01729314554771216,-0.006378974999290736,0.00828177955496412,0.0007974481658692412,0.006751148146886394,mphasis,2026-08-09
digest,2026-08-10,mphasis,it,0,16,0.0,0.0,2487.39990234375,2508.0,0.00828177955496412,0.00877192982456143,0.0007974481658692412,-0.03229665071770338,0.13262534638759677,0.37226844815506344,0.4,-0.4,0.02414796158831153,-0.02414796158831153,0.0,1.0,0.006751148146886394,0.01729314554771216,-0.006378974999290736,0.00828177955496412,0.0007974481658692412,0.006751148146886394,mphasis,2026-08-10
digest,2026-08-11,mphasis,it,1,77,0.0129870129870129,0.0714285714285714,2519.0,2530.0,0.004366812227074135,0.0030039911684782705,-0.03873517786561265,-0.03877474215662058,0.2334856088300872,0.34082294922714323,0.3,0.7,0.017897961588311532,-0.0049109486012986325,0.0,0.0,0.001516982432620858,0.002257671201809537,-0.01127865262020213,0.004366812227074135,0.03873517786561265,0.001516982432620858,mphasis,2026-08-11
digest,2026-08-12,mphasis,it,1,25,0.04,0.0833333333333333,2536.0,2537.60009765625,0.0006309533344834861,0.0013398101406483232,-0.044569708899645066,-0.05422450045747507,0.21933947858243627,0.30791885407748215,0.4,0.6,0.01919666288701282,0.02080333711298718,0.0,0.0,0.015611793872911646,-0.02367925446636865,-0.03112552542424559,0.0006309533344834861,0.044569708899645066,0.015611793872911646,mphasis,2026-08-12
digest,2026-08-13,mphasis,it,2,45,0.0444444444444444,0.1333333333333333,2526.10009765625,2541.0,0.0058983816031574765,0.0015741833923652582,-0.04368358913813464,-0.05013770261462025,0.22217820292521184,0.3008658380750659,0.5,1.5,0.02319666288701282,0.021247781557431577,0.0,0.0,0.00014726421321701374,-0.026176818098090162,-0.022241918604219972,0.0058983816031574765,0.04368358913813464,0.00014726421321701374,mphasis,2026-08-13
digest,2026-08-14,mphasis,it,0,41,0.0,0.0,2537.0,2545.0,0.0031533307055577886,-0.013752455795677854,-0.04518664047151277,-0.035363457760314354,0.21777880454787021,0.2981348104952448,0.7,-0.7,0.02764110733145726,-0.02764110733145726,0.0,1.0,0.006045204088579397,-0.028344589605839306,-0.041027694250770824,0.0031533307055577886,0.04518664047151277,0.006045204088579397,mphasis,2026-08-14
digest,2026-08-15,mphasis,it,0,5,0.0,0.0,2535.199951171875,2510.0,-0.009940025109351436,-0.03107569721115533,-0.03306772908366529,-0.03290840544073703,0.21916280231817473,0.26970721396142067,0.7,-0.7,0.02764110733145726,-0.02764110733145726,0.0,1.0,-0.002387014149515903,-0.02334955587474084,-0.03930110471610753,0.009940025109351436,0.03306772908366529,0.002387014149515903,mphasis,2026-08-15
digest,2026-08-16,mphasis,it,0,3,0.0,0.0,2535.199951171875,2510.0,-0.009940025109351436,-0.03107569721115533,-0.03306772908366529,-0.03290840544073703,0.21916280231817473,0.26970721396142067,0.6,-0.6,0.02329328124450074,-0.02329328124450074,0.0,1.0,-0.002387014149515903,-0.02334955587474084,-0.03930110471610753,0.009940025109351436,0.03306772908366529,0.002387014149515903,mphasis,2026-08-16
digest,2026-08-17,mphasis,it,2,31,0.064516129032258,0.1052631578947368,2535.199951171875,2510.0,-0.009940025109351436,-0.03107569721115533,-0.03306772908366529,-0.03290840544073703,0.21916280231817473,0.26970721396142067,0.5,1.5,0.02085425685425684,0.04366187217800115,0.0,0.0,-0.002387014149515903,-0.02334955587474084,-0.03930110471610753,0.009940025109351436,0.03306772908366529,0.002387014149515903,mphasis,2026-08-17
digest,2026-08-18,mphasis,it,1,59,0.0169491525423728,0.0714285714285714,2504.39990234375,2432.0,-0.028909082082296145,-0.003083881578947345,-4.1158575760702476e-05,0.030222039473684292,0.03572331688209432,0.30023186312647177,0.7,0.30000000000000004,0.027305869757482636,-0.010356717215109834,0.0,0.0,-0.01338540999097135,-0.013984862438944666,-0.004450895725378982,0.028909082082296145,4.1158575760702476e-05,0.01338540999097135,mphasis,2026-08-18
digest,2026-07-07,nalco,aluminium,1,52,0.0192307692307692,0.1428571428571428,350.0,342.54998779296875,-0.021285749162946455,0.021018865752763682,0.06524596963939633,0.0010217665041258872,0.1954797349897987,0.47839679960794074,1.2,-0.19999999999999996,0.029195955705344216,-0.009965186474575016,0.0,0.0,-0.00046957228079562777,0.05346537338221695,0.01234282475347508,0.021285749162946455,0.06524596963939633,0.00046957228079562777,nalco,2026-07-07
digest,2026-07-08,nalco,aluminium,3,82,0.0365853658536585,0.1304347826086956,340.20001220703125,349.75,0.028071685626974707,-0.0007147962830593713,0.03359542530378845,-0.021015028173025363,0.23045239376010626,0.4833888616165002,1.1666666666666667,1.8333333333333333,0.02753509129291505,0.009050274560743449,1.0,0.0,0.01512091871261827,0.04041786969720642,0.0019097638632357798,0.028071685626974707,0.03359542530378845,0.01512091871261827,nalco,2026-07-08
digest,2026-07-09,nalco,aluminium,1,23,0.0434782608695652,0.2,350.1000061035156,349.5,-0.001713813462026148,0.015307599723936027,0.014163125055883352,-0.010014306151645225,0.29746081592152784,0.40460844773897997,1.4285714285714286,-0.4285714285714286,0.02882798765873554,0.014650273210829661,0.0,0.0,0.0064942231756187855,0.01910865540242712,0.0007120436925554859,0.001713813462026148,0.014163125055883352,0.0064942231756187855,nalco,2026-07-09
digest,2026-07-10,nalco,aluminium,0,22,0.0,0.0,355.0,354.8500061035156,-0.00042251801826587165,0.000986349436368661,-0.04213051134250256,-0.030858142929936827,0.40106748867389497,0.406189585200145,1.375,-1.375,0.030659271810089248,-0.030659271810089248,0.0,1.0,0.004904984008481494,-0.006951400855596798,-0.008346464708047875,0.00042251801826587165,0.04213051134250256,0.004904984008481494,nalco,2026-07-10
digest,2026-07-12,nalco,aluminium,0,2,0.0,0.0,354.79998779296875,355.20001220703125,0.0011274645654608673,0.02730850607009394,-0.03462842873827865,-0.04462276339753424,0.4161017599284692,0.3431629868979736,1.2222222222222223,-1.2222222222222223,0.027252686053412665,-0.027252686053412665,0.0,1.0,-0.004737923421502544,-0.007876131331117218,-0.020293411102205415,0.0011274645654608673,0.03462842873827865,0.004737923421502544,nalco,2026-07-12
digest,2026-07-13,nalco,aluminium,0,33,0.0,0.0,354.79998779296875,355.20001220703125,0.0011274645654608673,0.02730850607009394,-0.03462842873827865,-0.04462276339753424,0.4161017599284692,0.3431629868979736,1.1,-1.1,0.0245274174480714,-0.0245274174480714,0.0,1.0,-0.004737923421502544,-0.007876131331117218,-0.020293411102205415,0.0011274645654608673,0.03462842873827865,0.004737923421502544,nalco,2026-07-13
digest,2026-07-14,nalco,aluminium,0,35,0.0,0.0,357.29998779296875,364.8999938964844,0.02127065872702838,-0.009317604695408432,-0.06029049155380639,-0.08317349030190824,0.30585349923576305,0.33289526489494825,0.9,-0.9,0.017384560305214257,-0.017384560305214257,0.0,1.0,0.013677112090877186,-0.03808087972614491,-0.04220104210361773,0.02127065872702838,0.06029049155380639,0.013677112090877186,nalco,2026-07-14
digest,2026-07-15,nalco,aluminium,0,17,0.0,0.0,366.70001220703125,361.5,-0.014180561859636454,-0.019502040921075325,-0.05283542490599069,-0.046472995277921814,0.3154719727689058,0.32410287973950824,0.7,-0.7,0.01439948567834859,-0.01439948567834859,0.0,1.0,0.0013025542562700825,-0.03711207037930375,-0.040545326522323344,0.014180561859636454,0.05283542490599069,0.0013025542562700825,nalco,2026-07-15
digest,2026-07-16,nalco,aluminium,0,38,0.0,0.0,363.0,354.45001220703125,-0.02355368538007918,-0.04104956357583178,-0.023839785346362663,-0.019184703276509008,0.33376990256479283,0.3454038221137919,0.7,-0.7,0.01439948567834859,-0.01439948567834859,0.0,1.0,-0.012483154545640307,-0.018653818668844413,-0.03093455111837584,0.02355368538007918,0.023839785346362663,0.012483154545640307,nalco,2026-07-16
digest,2026-07-17,nalco,aluminium,1,45,0.0222222222222222,0.2,353.0,339.8999938964844,-0.037110498876814835,0.008826125489468595,0.011768167319291534,0.029861706615903927,0.1121097197437026,0.34371723242234,0.6,0.4,0.01154234282120574,0.01067987940101646,0.0,0.0,-0.01684649531895781,-0.0018191373605528586,-0.004946246036978998,0.037110498876814835,0.011768167319291534,0.01684649531895781,nalco,2026-07-17
digest,2026-07-18,nalco,aluminium,0,9,0.0,0.0,340.6000061035156,342.8999938964844,0.006752753234742226,0.0,-0.01035283714248314,0.07611550471883288,0.13829239436940907,0.3426900853541029,0.6,-0.6,0.01215166181762151,-0.01215166181762151,0.0,1.0,-0.001246735165600055,-0.012813401677722224,0.02681491471712847,0.006752753234742226,0.01035283714248314,0.001246735165600055,nalco,2026-07-18
digest,2026-07-19,nalco,aluminium,0,2,0.0,0.0,340.6000061035156,342.8999938964844,0.006752753234742226,0.0,-0.01035283714248314,0.07611550471883288,0.13829239436940907,0.3426900853541029,0.5,-0.5,0.01022858489454459,-0.01022858489454459,0.0,1.0,-0.001246735165600055,-0.012813401677722224,0.02681491471712847,0.006752753234742226,0.01035283714248314,0.001246735165600055,nalco,2026-07-19
digest,2026-07-20,nalco,aluminium,1,12,0.0833333333333333,0.3333333333333333,340.6000061035156,342.8999938964844,0.006752753234742226,0.0,-0.01035283714248314,0.07611550471883288,0.13829239436940907,0.3426900853541029,0.2,0.8,0.00657004830917874,0.07676328502415455,0.0,0.0,-0.001246735165600055,-0.012813401677722224,0.02681491471712847,0.006752753234742226,0.01035283714248314,0.001246735165600055,nalco,2026-07-20
digest,2026-07-21,nalco,aluminium,1,16,0.0625,1.0,344.0,342.8999938964844,-0.003197692161382659,-0.0014581510904049244,-0.02435114100945812,0.09944592216531167,0.15986568051198136,0.31980329997516416,0.2,0.8,0.01055555555555555,0.051944444444444446,0.0,0.0,-0.011480425410652417,-0.0050871169491258465,0.03953652606794189,0.003197692161382659,0.02435114100945812,0.011480425410652417,nalco,2026-07-21
digest,2026-07-22,nalco,aluminium,1,27,0.037037037037037,0.1666666666666666,344.20001220703125,342.3999938964844,-0.0052295707341932784,0.010514036704696972,0.006717343316431812,0.1127336646950563,0.3003599127708564,0.2981766384816652,0.3,0.7,0.016805555555555553,0.020231481481481448,0.0,0.0,0.003384984413043624,-0.003306373083667413,0.019993409813459845,0.0052295707341932784,0.006717343316431812,0.003384984413043624,nalco,2026-07-22
digest,2026-07-23,nalco,aluminium,1,30,0.0333333333333333,0.1428571428571428,346.0,346.0,0.0,-0.0060693818020682855,0.004768768486949071,0.10115606936416177,0.2969560779310338,0.304746695365398,0.4,0.6,0.020509259259259248,0.01282407407407405,0.0,0.0,-0.004439273267696509,-0.012500461585396395,0.015919599679757063,0.0,0.004768768486949071,0.004439273267696509,nalco,2026-07-23
digest,2026-07-24,nalco,aluminium,0,11,0.0,0.0,341.79998779296875,343.8999938964844,0.006143961903203987,-0.013230555026814916,0.017883088123390678,0.1078802173944875,0.29148155062949993,0.29164650629983524,0.5,-0.5,0.02384259259259258,-0.02384259259259258,0.0,1.0,0.0007424703207763676,-0.0033710642295997177,0.008265466476262834,0.006143961903203987,0.017883088123390678,0.0007424703207763676,nalco,2026-07-24
digest,2026-07-25,nalco,aluminium,0,21,0.0,0.0,345.1000061035156,339.3500061035156,-0.016661836853967604,-0.014144742078132322,0.08737289925800074,0.12774423257352785,0.41243432885155706,0.29495146975115777,0.5,-0.5,0.02384259259259258,-0.02384259259259258,0.0,1.0,-0.007556098194701488,0.040445595591484994,0.0238644152395929,0.016661836853967604,0.08737289925800074,0.007556098194701488,nalco,2026-07-25
digest,2026-07-26,nalco,aluminium,0,12,0.0,0.0,345.1000061035156,339.3500061035156,-0.016661836853967604,-0.014144742078132322,0.08737289925800074,0.12774423257352785,0.41243432885155706,0.29495146975115777,0.5,-0.5,0.02384259259259258,-0.02384259259259258,0.0,1.0,-0.007556098194701488,0.040445595591484994,0.0238644152395929,0.016661836853967604,0.08737289925800074,0.007556098194701488,nalco,2026-07-26
digest,2026-07-27,nalco,aluminium,0,40,0.0,0.0,345.1000061035156,339.3500061035156,-0.016661836853967604,-0.014144742078132322,0.08737289925800074,0.12774423257352785,0.41243432885155706,0.29495146975115777,0.5,-0.5,0.02384259259259258,-0.02384259259259258,0.0,1.0,-0.007556098194701488,0.040445595591484994,0.0238644152395929,0.016661836853967604,0.08737289925800074,0.007556098194701488,nalco,2026-07-27
digest,2026-07-28,nalco,aluminium,0,13,0.0,0.0,339.3999938964844,334.54998779296875,-0.014289941634456405,0.030339335777658683,0.12688690406798275,0.15976689331134564,0.3057560569153786,0.23811078834561075,0.4,-0.4,0.02162037037037036,-0.02162037037037036,0.0,1.0,-0.00172395731580215,0.04611602263700823,0.054460493633988166,0.014289941634456405,0.12688690406798275,0.00172395731580215,nalco,2026-07-28
digest,2026-07-29,nalco,aluminium,0,28,0.0,0.0,335.0,344.70001220703125,0.028955260319496245,0.008558113098299902,0.10530892517394674,0.2184507836563192,0.3132879869173443,0.30758460432324874,0.4,-0.4,0.02162037037037036,-0.02162037037037036,0.0,1.0,0.008990732276062376,0.023330111302826764,0.11431001018640408,0.028955260319496245,0.10530892517394674,0.008990732276062376,nalco,2026-07-29
digest,2026-07-30,nalco,aluminium,0,29,0.0,0.0,345.5,347.6499938964844,0.006222847746698568,0.006903477458995777,0.09592983370926178,0.15202073071012956,0.3385051469276551,0.3016589200294836,0.4,-0.4,0.02162037037037036,-0.02162037037037036,0.0,1.0,-0.0031774085075455087,0.028953678369641134,0.09025034515661472,0.006222847746698568,0.09592983370926178,0.0031774085075455087,nalco,2026-07-30
digest,2026-07-31,nalco,aluminium,1,16,0.0625,0.25,352.0,350.04998779296875,-0.005539807406338748,0.054135160313843356,0.0884159785354317,0.07413230427643658,0.3566777302931017,0.20849257248386674,0.3,0.7,0.013287037037037031,0.04921296296296297,0.0,0.0,0.003515499849661397,0.011562142116575733,0.04170697828647729,0.005539807406338748,0.0884159785354317,0.003515499849661397,nalco,2026-07-31
digest,2026-08-01,nalco,aluminium,1,19,0.0526315789473684,0.25,357.95001220703125,369.0,0.0308701981174333,0.021680216802167918,0.037127404355098204,0.05027096962864164,0.1447039812987215,0.33154887998304944,0.3,0.7,0.013287037037037031,0.03934454191033136,0.0,0.0,0.021649543097683455,-0.017567594166501443,0.027854076652375805,0.0308701981174333,0.037127404355098204,0.021649543097683455,nalco,2026-08-01
digest,2026-08-02,nalco,aluminium,1,4,0.25,1.0,357.95001220703125,369.0,0.0308701981174333,0.021680216802167918,0.037127404355098204,0.05027096962864164,0.1447039812987215,0.33154887998304944,0.3,0.7,0.014846491228070169,0.23515350877192984,0.0,0.0,0.021649543097683455,-0.017567594166501443,0.027854076652375805,0.0308701981174333,0.037127404355098204,0.021649543097683455,nalco,2026-08-02
digest,2026-08-03,nalco,aluminium,0,18,0.0,0.0,357.95001220703125,369.0,0.0308701981174333,0.021680216802167918,0.037127404355098204,0.05027096962864164,0.1447039812987215,0.33154887998304944,0.3,-0.3,0.03651315789473684,-0.03651315789473684,0.0,1.0,0.021649543097683455,-0.017567594166501443,0.027854076652375805,0.0308701981174333,0.037127404355098204,0.021649543097683455,nalco,2026-08-03
digest,2026-08-04,nalco,aluminium,2,23,0.0869565217391304,1.0,373.0,377.0,0.01072386058981234,0.010610079575596787,0.02917771883289122,0.02917771883289122,0.09945074884581176,0.3355552468368035,0.3,1.7,0.03651315789473684,0.05044336384439357,0.0,0.0,-0.0051433845731103205,0.006490525724019026,0.033825399237072354,0.01072386058981234,0.02917771883289122,0.0051433845731103205,nalco,2026-08-04
digest,2026-08-05,nalco,aluminium,1,23,0.0434782608695652,0.5,381.0,381.0,0.0,0.0,0.10236220472440949,0.014566897094406173,0.5602470959519874,0.3297138446980285,0.5,0.5,0.04520881006864988,-0.0017305491990846772,0.0,0.0,-0.018775999648012888,0.08226813910001132,0.04920709253389639,0.0,0.10236220472440949,0.018775999648012888,nalco,2026-08-05
digest,2026-08-06,nalco,aluminium,1,41,0.024390243902439,0.125,385.0,381.0,-0.010389610389610393,0.0,0.051181102362204633,0.012073506833374381,0.7351450710663001,0.3342777515605004,0.6,0.4,0.0495566361556064,-0.025166392253167396,0.0,0.0,3.763049874576721e-05,0.05646471500910268,0.03833535463892901,0.010389610389610393,0.051181102362204633,3.763049874576721e-05,nalco,2026-08-06
digest,2026-08-07,nalco,aluminium,0,18,0.0,0.0,382.5,381.0,-0.0039215686274509665,0.004461974296670057,-0.013123359580052507,0.03530186930979329,0.9015763021379886,0.327489813116346,0.7,-0.7,0.051995660545850295,-0.051995660545850295,0.0,1.0,-0.013911783386140408,0.02812413619336316,0.04831070993152833,0.0039215686274509665,0.013123359580052507,0.013911783386140408,nalco,2026-08-07
digest,2026-08-08,nalco,aluminium,0,9,0.0,0.0,381.70001220703125,382.70001220703125,0.0026198584438545947,0.013848935521072248,0.012673047899757428,0.053827998246295916,0.9310513033479105,0.3027222795171358,0.7,-0.7,0.051995660545850295,-0.051995660545850295,0.0,1.0,0.004040928367046148,0.043214955852750966,0.053772074128636736,0.0026198584438545947,0.012673047899757428,0.004040928367046148,nalco,2026-08-08
digest,2026-08-09,nalco,aluminium,1,12,0.0833333333333333,0.25,381.70001220703125,382.70001220703125,0.0026198584438545947,0.013848935521072248,0.012673047899757428,0.053827998246295916,0.9310513033479105,0.3027222795171358,0.7,0.30000000000000004,0.051995660545850295,0.031337672787483006,0.0,0.0,0.004040928367046148,0.043214955852750966,0.053772074128636736,0.0026198584438545947,0.012673047899757428,0.004040928367046148,nalco,2026-08-09
digest,2026-08-10,nalco,aluminium,0,16,0.0,0.0,381.70001220703125,382.70001220703125,0.0026198584438545947,0.013848935521072248,0.012673047899757428,0.053827998246295916,0.9310513033479105,0.3027222795171358,0.8,-0.8,0.06032899387918363,-0.06032899387918363,0.0,1.0,0.004040928367046148,0.043214955852750966,0.053772074128636736,0.0026198584438545947,0.012673047899757428,0.004040928367046148,nalco,2026-08-10
digest,2026-08-11,nalco,aluminium,3,77,0.0389610389610389,0.2727272727272727,387.1499938964844,388.0,0.0021955472476202775,0.08247422680412364,0.0,0.025257700497342217,0.9268470600146372,0.2645830864253818,0.7,2.3,0.054078993879183634,-0.015117954918144737,1.0,0.0,0.01873449697442613,0.026769938120802174,0.024558913152629747,0.0021955472476202775,0.0,0.01873449697442613,nalco,2026-08-11
digest,2026-08-12,nalco,aluminium,1,25,0.04,0.5,398.5,420.0,0.053952321204516984,-0.046428571428571375,-0.07964288620721727,-0.04928574335007441,0.5936486335010625,0.42793240420195444,0.9,0.09999999999999998,0.05271193988055069,-0.012711939880550686,0.0,0.0,0.04380064286662464,-0.026421788763715995,-0.0572920826301303,0.053952321204516984,0.07964288620721727,0.04380064286662464,nalco,2026-08-12
digest,2026-08-13,nalco,aluminium,3,45,0.0666666666666666,0.375,410.5,400.5,-0.02436053593179055,-0.06117353308364548,-0.03720348039072252,-0.027965074174859605,0.5297937016693917,0.5434837161723327,0.9,2.1,0.03171193988055068,0.034954726786115914,1.0,0.0,-0.004054137690159942,-0.01618927854712151,-0.03808831933545791,0.02436053593179055,0.03720348039072252,0.004054137690159942,nalco,2026-08-13
digest,2026-08-14,nalco,aluminium,1,41,0.024390243902439,0.2,378.6000061035156,376.0,-0.006867422244057564,0.03071805264087435,0.04906918140167882,0.05039896863572135,0.2533247938437468,0.6649417602694268,1.2,-0.19999999999999996,0.038378606547217343,-0.013988362644778343,0.0,0.0,0.004886448707872405,0.019614428865196487,-0.0034625542525596603,0.006867422244057564,0.04906918140167882,0.004886448707872405,nalco,2026-08-14
digest,2026-08-15,nalco,aluminium,0,5,0.0,0.0,377.8999938964844,387.54998779296875,0.025535840307866486,0.0011611720325266361,0.04063991871008321,-0.015610857911317222,0.2138366815808564,0.6288204719686716,1.1,-1.1,0.032121978763548206,-0.032121978763548206,0.0,1.0,0.01676300942185065,0.00904077759270798,-0.019203118679234167,0.025535840307866486,0.04063991871008321,0.01676300942185065,nalco,2026-08-15
digest,2026-08-16,nalco,aluminium,0,3,0.0,0.0,377.8999938964844,387.54998779296875,0.025535840307866486,0.0011611720325266361,0.04063991871008321,-0.015610857911317222,0.2138366815808564,0.6288204719686716,1.0,-1.0,0.02777415267659168,-0.02777415267659168,0.0,1.0,0.01676300942185065,0.00904077759270798,-0.019203118679234167,0.025535840307866486,0.04063991871008321,0.01676300942185065,nalco,2026-08-16
digest,2026-08-17,nalco,aluminium,0,31,0.0,0.0,377.8999938964844,387.54998779296875,0.025535840307866486,0.0011611720325266361,0.04063991871008321,-0.015610857911317222,0.2138366815808564,0.6288204719686716,0.9,-0.9,0.02533512828634778,-0.02533512828634778,0.0,1.0,0.01676300942185065,0.00904077759270798,-0.019203118679234167,0.025535840307866486,0.04063991871008321,0.01676300942185065,nalco,2026-08-17
digest,2026-08-18,nalco,aluminium,0,59,0.0,0.0,386.79998779296875,388.0,0.003102410147110879,-0.0037371448634826443,0.025257700497342217,-0.04123711340206182,0.26390838421510415,0.6225511421346864,0.9,-0.9,0.02533512828634778,-0.02533512828634778,0.0,1.0,0.00941282514324977,-0.00319523881661974,-0.0442533771293772,0.003102410147110879,0.025257700497342217,0.00941282514324977,nalco,2026-08-18
digest,2026-07-07,nmdc,mining,1,52,0.0192307692307692,1.0,84.91000366210938,84.3499984741211,-0.00659527928201209,-0.007231779743762656,0.007587426214889614,-0.004979231494285918,0.14471163942982773,0.12537483652139694,1.0,0.0,0.032868663594470035,-0.013637894363700834,0.0,0.0,-0.0036635264388754363,-0.0033074848627697717,-0.029307314675522944,0.00659527928201209,0.007587426214889614,0.0036635264388754363,nmdc,2026-07-07
digest,2026-07-08,nmdc,mining,2,82,0.024390243902439,0.25,83.5,83.73999786376953,0.00287422591340758,0.008120376433278897,0.013733001614709472,-0.004776708097480986,0.1268551682842989,0.12362306648632478,1.0,1.0,0.030595681200519902,-0.006205437298080901,0.0,0.0,0.005696129369756248,-0.01115114436123818,-0.02536506914214315,0.00287422591340758,0.013733001614709472,0.005696129369756248,nmdc,2026-07-08
digest,2026-07-09,nmdc,mining,0,23,0.0,0.0,84.0,84.41999816894531,0.0049999782017298156,0.005922767245260641,-0.004027438347134371,-0.02108503693324726,0.14099341942821875,0.127638288589159,1.1428571428571428,-1.1428571428571428,0.029709190157936913,-0.029709190157936913,0.0,1.0,0.004582351692247855,-0.014555049186763425,-0.04348031981779804,0.0049999782017298156,0.004027438347134371,0.004582351692247855,nmdc,2026-07-09
digest,2026-07-10,nmdc,mining,0,22,0.0,0.0,85.0,84.91999816894531,-0.0009411980124081065,-0.009302884274157264,-0.02001880575715631,-0.016015080542581828,0.13926853758586424,0.13179347557111903,1.0,-1.0,0.0259955413881948,-0.0259955413881948,0.0,1.0,-0.008408585375172972,-0.016927247667114037,-0.02270767765355386,0.0009411980124081065,0.02001880575715631,0.008408585375172972,nmdc,2026-07-10
digest,2026-07-12,nmdc,mining,0,2,0.0,0.0,84.01000213623047,84.12999725341797,0.001428343222666717,0.010222282639104963,-0.0033281681735167767,-0.007250690957639083,0.14994113211936178,0.13466112073492362,0.8888888888888888,-0.8888888888888888,0.0231071479006176,-0.0231071479006176,0.0,1.0,-0.007071696949184247,-0.00510425247475893,-0.02175842166834399,0.001428343222666717,0.0033281681735167767,0.007071696949184247,nmdc,2026-07-12
digest,2026-07-13,nmdc,mining,3,33,0.0909090909090909,0.5,84.01000213623047,84.12999725341797,0.001428343222666717,0.010222282639104963,-0.0033281681735167767,-0.007250690957639083,0.14994113211936178,0.13466112073492362,0.8,2.2,0.02079643311055584,0.07011265779853507,1.0,0.0,-0.007071696949184247,-0.00510425247475893,-0.02175842166834399,0.001428343222666717,0.0033281681735167767,0.007071696949184247,nmdc,2026-07-13
digest,2026-07-14,nmdc,mining,0,35,0.0,0.0,84.0,84.98999786376953,0.011785688854399234,-0.001176591088769996,-0.01247202712362483,-0.01258971316294566,0.11890122559552996,0.14621699304865532,1.1,-1.1,0.02988734220146493,-0.02988734220146493,0.0,1.0,0.009947649445211842,-0.02532582313329959,-0.00919754078115037,0.011785688854399234,0.01247202712362483,0.009947649445211842,nmdc,2026-07-14
digest,2026-07-15,nmdc,mining,1,17,0.0588235294117647,1.0,84.98999786376953,84.88999938964844,-0.001176591088769996,-0.009541731233567718,-0.01825895939335842,0.011308741799681554,0.12206396231740546,0.1357223941166817,1.1,-0.10000000000000009,0.02988734220146493,0.02893618721029977,0.0,0.0,-0.002365453131686651,-0.013974350613868619,-0.0021774719176075874,0.001176591088769996,0.01825895939335842,0.002365453131686651,nmdc,2026-07-15
digest,2026-07-16,nmdc,mining,0,38,0.0,0.0,85.0,84.08000183105469,-0.010823507869944904,-0.010228360985048424,-0.0171265748102587,0.01106089777500796,0.11881929346399857,0.11800903058274238,1.1,-1.1,0.0295196951426414,-0.0295196951426414,0.0,1.0,0.001957675344962495,-0.02832653826074885,-0.006921281687858161,0.010823507869944904,0.0171265748102587,0.001957675344962495,nmdc,2026-07-16
digest,2026-07-17,nmdc,mining,1,45,0.0222222222222222,1.0,84.1500015258789,83.22000122070312,-0.011051696830804869,0.007570262487105461,0.004085512291557736,0.021869738862385857,0.1371432223566218,0.1255237854949922,0.8,0.19999999999999996,0.02094826657121283,0.0012739556510093682,0.0,0.0,-0.013792317646597468,-0.0053118465258714664,-0.0028463072688594826,0.011051696830804869,0.004085512291557736,0.013792317646597468,nmdc,2026-07-17
digest,2026-07-18,nmdc,mining,1,9,0.1111111111111111,1.0,83.75,83.8499984741211,0.001194011631296732,0.0009541065296427842,-0.003935621193321026,-0.0005962483395716145,0.12350511677535281,0.1349530447011092,0.8,0.19999999999999996,0.0215575855676286,0.0895535255434825,0.0,0.0,-0.004227242451427776,-0.016047695150813335,-0.01808622393589976,0.001194011631296732,0.003935621193321026,0.004227242451427776,nmdc,2026-07-18
digest,2026-07-19,nmdc,mining,0,2,0.0,0.0,83.75,83.8499984741211,0.001194011631296732,0.0009541065296427842,-0.003935621193321026,-0.0005962483395716145,0.12350511677535281,0.1349530447011092,0.8,-0.8,0.03074561975566279,-0.03074561975566279,0.0,1.0,-0.004227242451427776,-0.016047695150813335,-0.01808622393589976,0.001194011631296732,0.003935621193321026,0.004227242451427776,nmdc,2026-07-19
digest,2026-07-20,nmdc,mining,1,12,0.0833333333333333,1.0,83.75,83.8499984741211,0.001194011631296732,0.0009541065296427842,-0.003935621193321026,-0.0005962483395716145,0.12350511677535281,0.1349530447011092,0.6,0.4,0.02830659536541889,0.05502673796791441,0.0,0.0,-0.004227242451427776,-0.016047695150813335,-0.01808622393589976,0.001194011631296732,0.003935621193321026,0.004227242451427776,nmdc,2026-07-20
digest,2026-07-21,nmdc,mining,0,16,0.0,0.0,83.8499984741211,83.93000030517578,0.0009541065296427842,-0.007029714823541755,-0.0001191723602299577,0.0032169265111958723,0.12971188300712966,0.12933622498442168,0.7,-0.7,0.036639928698752225,-0.036639928698752225,0.0,1.0,-0.005602938201070828,0.016427665511451583,-0.004677200073838789,0.0009541065296427842,0.0001191723602299577,0.005602938201070828,nmdc,2026-07-21
digest,2026-07-22,nmdc,mining,1,27,0.037037037037037,1.0,84.44000244140625,83.33999633789062,-0.013027073326755678,-0.00839929180467136,0.030117617548889752,0.029517720445936035,0.18884287733320576,0.12904404139857514,0.7,0.30000000000000004,0.036639928698752225,0.0003971083382847754,0.0,0.0,0.006188753694592042,0.012271479887083853,-0.021868787674407947,0.013027073326755678,0.030117617548889752,0.006188753694592042,nmdc,2026-07-22
digest,2026-07-23,nmdc,mining,0,30,0.0,0.0,83.3499984741211,82.63999938964844,-0.008518285512543855,0.011132601352131122,0.028678639449250865,0.04307838316658641,0.1956347006479421,0.12490770836253531,0.8,-0.8,0.04034363240245592,-0.04034363240245592,0.0,1.0,-0.01288306094383554,0.022204357978466205,-0.005141666295999936,0.008518285512543855,0.028678639449250865,0.01288306094383554,nmdc,2026-07-23
digest,2026-07-24,nmdc,mining,0,11,0.0,0.0,82.3499984741211,83.55999755859375,0.014693371061238247,-0.0004787089121118804,0.017711864530582266,0.016275737794246625,0.19181587568667793,0.13648017627047157,0.5,-0.5,0.03125272331154683,-0.03125272331154683,0.0,1.0,0.009582621520996093,0.0029412044205680277,-0.028788009561057426,0.014693371061238247,0.017711864530582266,0.009582621520996093,nmdc,2026-07-24
digest,2026-07-25,nmdc,mining,0,21,0.0,0.0,84.0,83.5199966430664,-0.0057143256777808515,0.004789290492771103,0.0033525672886225433,0.023467514279766233,0.23242422197831988,0.1295096026895284,0.5,-0.5,0.03125272331154683,-0.03125272331154683,0.0,1.0,-0.00837652022395205,-0.0017456973641903906,-0.00017763161090714186,0.0057143256777808515,0.0033525672886225433,0.00837652022395205,nmdc,2026-07-25
digest,2026-07-26,nmdc,mining,1,12,0.0833333333333333,0.5,84.0,83.5199966430664,-0.0057143256777808515,0.004789290492771103,0.0033525672886225433,0.023467514279766233,0.23242422197831988,0.1295096026895284,0.4,0.6,0.02537037037037036,0.05796296296296294,0.0,0.0,-0.00837652022395205,-0.0017456973641903906,-0.00017763161090714186,0.0057143256777808515,0.0033525672886225433,0.00837652022395205,nmdc,2026-07-26
digest,2026-07-27,nmdc,mining,1,40,0.025,0.5,84.0,83.5199966430664,-0.0057143256777808515,0.004789290492771103,0.0033525672886225433,0.023467514279766233,0.23242422197831988,0.1295096026895284,0.5,0.5,0.033703703703703694,-0.008703703703703693,0.0,0.0,-0.00837652022395205,-0.0017456973641903906,-0.00017763161090714186,0.0057143256777808515,0.0033525672886225433,0.00837652022395205,nmdc,2026-07-27
digest,2026-07-28,nmdc,mining,0,13,0.0,0.0,83.54000091552734,83.91999816894531,0.004548686249144396,0.022998097560611885,0.0033364964895874483,0.018231635041467964,0.23240665003713923,0.11913964117011125,0.5,-0.5,0.033981481481481474,-0.033981481481481474,0.0,1.0,0.02138756735107622,-0.021518492168710324,-0.020498179700031316,0.004548686249144396,0.0033364964895874483,0.02138756735107622,nmdc,2026-07-28
digest,2026-07-29,nmdc,mining,1,28,0.0357142857142857,0.3333333333333333,83.75,85.8499984741211,0.025074608646221908,-0.009784465379388818,-0.0005823578713091138,0.0005824467402044675,0.2088480203181087,0.170318730853591,0.4,0.6,0.02287037037037036,0.012843915343915338,0.0,0.0,0.009593954827011308,-0.03415943954780698,-0.013111113840829608,0.025074608646221908,0.0005823578713091138,0.009593954827011308,nmdc,2026-07-29
digest,2026-07-30,nmdc,mining,1,29,0.0344827586206896,0.5,85.8499984741211,85.01000213623047,-0.009784465379388818,0.0003528852904721713,0.0139982917551833,-0.0001176583458313285,0.19081966148099647,0.17075025940654565,0.5,0.5,0.026441798941798933,0.008040959678890666,0.0,0.0,-0.005375702897947199,-0.028189831077018696,-0.01501529185412026,0.009784465379388818,0.0139982917551833,0.005375702897947199,nmdc,2026-07-30
digest,2026-07-31,nmdc,mining,0,16,0.0,0.0,85.5,85.04000091552734,-0.005380106251142158,-0.014581348194025234,-0.0014111329408525997,-0.007525862920488069,0.22984162955932513,0.15885042110359027,0.5,-0.5,0.02155674147053456,-0.02155674147053456,0.0,1.0,-0.010744857289937876,-0.03097197249156214,-0.004752157659635797,0.005380106251142158,0.0014111329408525997,0.010744857289937876,nmdc,2026-07-31
digest,2026-08-01,nmdc,mining,0,19,0.0,0.0,85.5999984741211,83.80000305175781,-0.02102798428095143,0.004773196681595815,0.02004773560853157,0.020286359025454948,0.19248873028703659,0.1759267359156456,0.5,-0.5,0.021556741470534563,-0.021556741470534563,0.0,1.0,-0.015789733417354734,0.0020164103860967064,-0.006195920139097033,0.02102798428095143,0.02004773560853157,0.015789733417354734,nmdc,2026-08-01
digest,2026-08-02,nmdc,mining,0,4,0.0,0.0,85.5999984741211,83.80000305175781,-0.02102798428095143,0.004773196681595815,0.02004773560853157,0.020286359025454948,0.19248873028703659,0.1759267359156456,0.4,-0.4,0.01785303776683086,-0.01785303776683086,0.0,1.0,-0.015789733417354734,0.0020164103860967064,-0.006195920139097033,0.02102798428095143,0.02004773560853157,0.015789733417354734,nmdc,2026-08-02
digest,2026-08-03,nmdc,mining,1,18,0.0555555555555555,0.3333333333333333,85.5999984741211,83.80000305175781,-0.02102798428095143,0.004773196681595815,0.02004773560853157,0.020286359025454948,0.19248873028703659,0.1759267359156456,0.4,0.6,0.01785303776683086,0.03770251778872463,0.0,0.0,-0.015789733417354734,0.0020164103860967064,-0.006195920139097033,0.02102798428095143,0.02004773560853157,0.015789733417354734,nmdc,2026-08-03
digest,2026-08-04,nmdc,mining,1,23,0.0434782608695652,1.0,84.19999694824219,84.19999694824219,0.0,0.01900244847394883,0.014845606238778952,-0.00011869961042965116,0.1946784621202142,0.1775466674159078,0.5,0.5,0.02340859332238641,0.02006966754717879,0.0,0.0,-0.0015371929742456492,0.0014688175994382324,-0.017327410197905263,0.0,0.014845606238778952,0.0015371929742456492,nmdc,2026-08-04
digest,2026-08-05,nmdc,mining,0,23,0.0,0.0,85.0,85.80000305175781,0.009411800608915444,0.004661933359642045,0.0011654833399104003,-0.02855483089154187,0.1404751132517942,0.19442814612325374,0.6,-0.6,0.027756419409342932,-0.027756419409342932,0.0,1.0,-0.01367109725576443,0.021272732244686038,-0.0018129602192629712,0.009411800608915444,0.0011654833399104003,0.01367109725576443,nmdc,2026-08-05
digest,2026-08-06,nmdc,mining,1,41,0.024390243902439,1.0,86.31999969482422,86.19999694824219,-0.001390207912491781,-0.014849174299454315,-0.013921078778723284,-0.026102089091151415,0.15131584171580442,0.18378745723987444,0.5,0.5,0.0194230860760096,0.0049671578264294,0.0,0.0,0.0007889765380469926,0.01281367851945417,0.0021737771511041726,0.001390207912491781,0.013921078778723284,0.0007889765380469926,nmdc,2026-08-06
digest,2026-08-07,nmdc,mining,0,18,0.0,0.0,85.9000015258789,84.91999816894531,-0.011408653545114888,0.00659450306244902,-0.006123370869979161,-0.003650465912364065,0.11870959064267851,0.20206027653483102,0.5,-0.5,0.019362110466253503,-0.019362110466253503,0.0,1.0,-0.008957950009220506,0.02532745641925399,0.014240885095367084,0.011408653545114888,0.006123370869979161,0.008957950009220506,nmdc,2026-08-07
digest,2026-08-08,nmdc,mining,1,9,0.1111111111111111,0.5,84.95999908447266,85.4800033569336,0.006120577660834403,-0.00035103424792948257,0.00023393357839385232,0.004913408428302901,0.1500302958435277,0.2030534951870927,0.5,0.5,0.019362110466253503,0.09174900064485761,0.0,0.0,0.019789625740666006,-0.006822459053694163,0.010350269333936096,0.006120577660834403,0.00023393357839385232,0.019789625740666006,nmdc,2026-08-08
digest,2026-08-09,nmdc,mining,0,12,0.0,0.0,84.95999908447266,85.4800033569336,0.006120577660834403,-0.00035103424792948257,0.00023393357839385232,0.004913408428302901,0.1500302958435277,0.2030534951870927,0.5,-0.5,0.026901793005936044,-0.026901793005936044,0.0,1.0,0.019789625740666006,-0.006822459053694163,0.010350269333936096,0.006120577660834403,0.00023393357839385232,0.019789625740666006,nmdc,2026-08-09
digest,2026-08-10,nmdc,mining,1,16,0.0625,1.0,84.95999908447266,85.4800033569336,0.006120577660834403,-0.00035103424792948257,0.00023393357839385232,0.004913408428302901,0.1500302958435277,0.2030534951870927,0.4,0.6,0.02345351714386708,0.03904648285613292,0.0,0.0,0.019789625740666006,-0.006822459053694163,0.010350269333936096,0.006120577660834403,0.00023393357839385232,0.019789625740666006,nmdc,2026-08-10
digest,2026-08-11,nmdc,mining,3,77,0.0389610389610389,0.375,85.5,85.44999694824219,-0.0005848310147112956,0.005266291324846906,-0.014745401425808491,0.005734412061604521,0.18607078208716119,0.20299649234936235,0.5,2.5,0.02970351714386708,0.009257521817171818,1.0,0.0,0.0064849911608062805,-0.017107148664515848,0.027626752165665153,0.0005848310147112956,0.014745401425808491,0.0064849911608062805,nmdc,2026-08-11
digest,2026-08-12,nmdc,mining,0,25,0.0,0.0,85.87000274658203,85.9000015258789,0.00034935109278388943,-0.01047731676241892,-0.02968571602399306,0.026891705675905264,0.17500401102004678,0.16781746807327774,0.8,-0.8,0.03359962103997097,-0.03359962103997097,0.0,1.0,0.004811845544163362,-0.02320089969197353,0.02622396035555269,0.00034935109278388943,0.02968571602399306,0.004811845544163362,nmdc,2026-08-12
digest,2026-08-13,nmdc,mining,0,45,0.0,0.0,85.88999938964844,85.0,-0.010362084014122197,-0.0070588055778951775,-0.012352977079503669,0.008470602596507337,0.19056052303162263,0.16899303079358363,0.8,-0.8,0.03359962103997097,-0.03359962103997097,0.0,1.0,-0.006222062655652089,-0.010656930911536938,0.029645730977355927,0.010362084014122197,0.012352977079503669,0.006222062655652089,nmdc,2026-08-13
digest,2026-08-14,nmdc,mining,1,41,0.024390243902439,0.3333333333333333,85.33000183105469,84.4000015258789,-0.010898866579390099,0.013033157040688081,0.0024881407663039923,0.027962092034180097,0.19703441076040515,0.17266377600252764,0.7,0.30000000000000004,0.02804406548441542,-0.00365382158197642,0.0,0.0,-0.0009917590802107912,-0.010726735487678135,0.036716014032023236,0.010898866579390099,0.0024881407663039923,0.0009917590802107912,nmdc,2026-08-14
digest,2026-08-15,nmdc,mining,1,5,0.2,1.0,83.0999984741211,85.5,0.028880885318262717,-0.015321608872441494,0.004678380419636419,0.03157891167534732,0.20627211226928832,0.1660301546283441,0.7,0.30000000000000004,0.0261352637877028,0.1738647362122972,0.0,0.0,0.000373572932035493,0.018001940175832426,0.06740997849291075,0.028880885318262717,0.004678380419636419,0.000373572932035493,nmdc,2026-08-15
digest,2026-08-16,nmdc,mining,0,3,0.0,0.0,83.0999984741211,85.5,0.028880885318262717,-0.015321608872441494,0.004678380419636419,0.03157891167534732,0.20627211226928832,0.1660301546283441,0.8,-0.8,0.0461352637877028,-0.0461352637877028,0.0,1.0,0.000373572932035493,0.018001940175832426,0.06740997849291075,0.028880885318262717,0.004678380419636419,0.000373572932035493,nmdc,2026-08-16
digest,2026-08-17,nmdc,mining,2,31,0.064516129032258,1.0,83.0999984741211,85.5,0.028880885318262717,-0.015321608872441494,0.004678380419636419,0.03157891167534732,0.20627211226928832,0.1660301546283441,0.7,1.3,0.043696239397458904,0.02081988963479909,0.0,0.0,0.000373572932035493,0.018001940175832426,0.06740997849291075,0.028880885318262717,0.004678380419636419,0.000373572932035493,nmdc,2026-08-17
digest,2026-08-18,nmdc,mining,5,59,0.0847457627118644,0.7142857142857143,85.02999877929688,84.19000244140625,-0.009878823355871313,-0.009977478832712605,0.020786316061909504,0.01781684233877945,0.15046529701492126,0.1862473558036722,0.9,4.1,0.050147852300684706,0.0345979104111797,1.0,0.0,-0.005218222396591393,0.04435669446902851,0.053306741649894324,0.009878823355871313,0.020786316061909504,0.005218222396591393,nmdc,2026-08-18
digest,2026-07-07,ofss,it,0,52,0.0,0.0,11159.0,11097.0,-0.005556053409803696,-0.00856087230783098,0.04947283049472828,0.048211228259890104,0.35691797799493347,0.4036234260011863,0.2,-0.2,0.00298507462686566,-0.00298507462686566,0.0,1.0,-0.024399563661540783,0.027267243349635244,0.02208679551451194,0.005556053409803696,0.04947283049472828,0.024399563661540783,ofss,2026-07-07
digest,2026-07-08,ofss,it,0,82,0.0,0.0,11101.0,11002.0,-0.008918115485091471,0.011997818578440178,0.056626067987638695,-0.013724777313215752,0.33759623761677915,0.305201615723571,0.16666666666666666,-0.16666666666666666,0.0024875621890547168,-0.0024875621890547168,0.0,1.0,0.00940688015898998,0.016204858018976212,-0.042810137648372854,0.008918115485091471,0.056626067987638695,0.00940688015898998,ofss,2026-07-08
digest,2026-07-09,ofss,it,0,23,0.0,0.0,11003.0,11134.0,0.01190584386076532,0.04643434524878742,0.04912879468295306,-0.026136159511406465,0.34043617941751675,0.1963074946775779,0.14285714285714285,-0.14285714285714285,0.0021321961620469,-0.0021321961620469,0.0,1.0,0.007413165359589315,0.009076443928880774,-0.046998590617793407,0.01190584386076532,0.04912879468295306,0.007413165359589315,ofss,2026-07-09
digest,2026-07-10,ofss,it,0,22,0.0,0.0,11340.0,11651.0,0.02742504409171076,0.00815380654021114,0.010299545103424679,-0.0857437129860098,0.11317864226042852,0.29822570823797406,0.125,-0.125,0.0018656716417910376,-0.0018656716417910376,0.0,1.0,0.01908331506964143,-0.012696010103120568,-0.10163334265988036,0.02742504409171076,0.010299545103424679,0.01908331506964143,ofss,2026-07-10
digest,2026-07-12,ofss,it,0,2,0.0,0.0,11625.0,11746.0,0.010408602150537627,-0.00851353652307163,-0.010727056019070313,-0.055933934956580944,0.13754453923851762,0.28581204026598295,0.1111111111111111,-0.1111111111111111,0.0016583747927031444,-0.0016583747927031444,0.0,1.0,-0.020448367487745707,-0.006126134293993198,-0.06309262688814873,0.010408602150537627,0.010727056019070313,0.020448367487745707,ofss,2026-07-12
digest,2026-07-13,ofss,it,0,33,0.0,0.0,11625.0,11746.0,0.010408602150537627,-0.00851353652307163,-0.010727056019070313,-0.055933934956580944,0.13754453923851762,0.28581204026598295,0.1,-0.1,0.00149253731343283,-0.00149253731343283,0.0,1.0,-0.020448367487745707,-0.006126134293993198,-0.06309262688814873,0.010408602150537627,0.010727056019070313,0.020448367487745707,ofss,2026-07-13
digest,2026-07-14,ofss,it,0,35,0.0,0.0,11740.0,11646.0,-0.008006814310051125,-0.001803194229778482,-0.001202129486518988,-0.02679031427099432,0.12580409034244666,0.2848433952000605,0.1,-0.1,0.00149253731343283,-0.00149253731343283,0.0,1.0,0.005949670187423607,-0.004992059200918591,-0.08141468282903648,0.008006814310051125,0.001202129486518988,0.005949670187423607,ofss,2026-07-14
digest,2026-07-15,ofss,it,0,17,0.0,0.0,11650.0,11625.0,-0.0021459227467811592,0.00481720430107524,-0.06658064516129036,-0.017032258064516137,0.4940316391689225,0.28899484258482466,0.0,0.0,0.0,0.0,0.0,1.0,-0.008219993512311875,-0.05598577844211318,-0.09372258164508336,0.0021459227467811592,0.06658064516129036,0.008219993512311875,ofss,2026-07-15
digest,2026-07-16,ofss,it,1,38,0.0263157894736842,0.0454545454545454,11670.0,11681.0,0.0009425878320479253,0.007704819792826001,-0.07174043318209056,-0.046656964301001635,0.4826535438243232,0.28808190555031,0.0,1.0,0.0,0.0263157894736842,0.0,0.0,0.001391406937632383,-0.053170381019534495,-0.113366962573855,0.0009425878320479253,0.07174043318209056,0.001391406937632383,ofss,2026-07-16
digest,2026-07-17,ofss,it,0,45,0.0,0.0,11709.0,11771.0,0.005295072166709325,-0.01282813694673346,-0.09506414068473368,-0.04969841134992781,0.4413202628049963,0.27146427702760195,0.1,-0.1,0.0026315789473684197,-0.0026315789473684197,0.0,1.0,0.004272287081944697,-0.08828308138940916,-0.10086083333030207,0.005295072166709325,0.09506414068473368,0.004272287081944697,ofss,2026-07-17
digest,2026-07-18,ofss,it,0,9,0.0,0.0,11800.0,11620.0,-0.015254237288135575,0.00103270223752161,-0.04569707401032708,-0.024784853700516307,0.6212243645218619,0.2656699843555606,0.1,-0.1,0.0026315789473684197,-0.0026315789473684197,0.0,1.0,-0.014133668885064347,-0.05749042324363411,-0.10450175338880291,0.015254237288135575,0.04569707401032708,0.014133668885064347,ofss,2026-07-18
digest,2026-07-19,ofss,it,0,2,0.0,0.0,11800.0,11620.0,-0.015254237288135575,0.00103270223752161,-0.04569707401032708,-0.024784853700516307,0.6212243645218619,0.2656699843555606,0.1,-0.1,0.0026315789473684197,-0.0026315789473684197,0.0,1.0,-0.014133668885064347,-0.05749042324363411,-0.10450175338880291,0.015254237288135575,0.04569707401032708,0.014133668885064347,ofss,2026-07-19
digest,2026-07-20,ofss,it,0,12,0.0,0.0,11800.0,11620.0,-0.015254237288135575,0.00103270223752161,-0.04569707401032708,-0.024784853700516307,0.6212243645218619,0.2656699843555606,0.1,-0.1,0.0026315789473684197,-0.0026315789473684197,0.0,1.0,-0.014133668885064347,-0.05749042324363411,-0.10450175338880291,0.015254237288135575,0.04569707401032708,0.014133668885064347,ofss,2026-07-20
digest,2026-07-21,ofss,it,0,16,0.0,0.0,11615.0,11632.0,0.0014636246233319383,-0.06714236588720768,-0.025618982118294387,-0.0027510316368638543,0.6588401251451019,0.26611596169370205,0.1,-0.1,0.0026315789473684197,-0.0026315789473684197,0.0,1.0,0.00592719195851176,-0.07626638115956583,-0.08017905499797243,0.0014636246233319383,0.025618982118294387,0.00592719195851176,ofss,2026-07-21
digest,2026-07-22,ofss,it,0,27,0.0,0.0,11632.0,10851.0,-0.06714236588720768,-0.0007372592387798749,0.053082665192148104,0.08367892360151141,0.3539123651564989,0.44863429461459914,0.1,-0.1,0.0026315789473684197,-0.0026315789473684197,0.0,1.0,-0.051025005017399025,-0.035140112297850495,-0.017269227297870476,0.06714236588720768,0.053082665192148104,0.051025005017399025,ofss,2026-07-22
digest,2026-07-23,ofss,it,0,30,0.0,0.0,11299.0,10843.0,-0.04035755376581995,-0.01761505118509643,0.02702204187033108,0.08226505579636623,0.4374719005280855,0.4428088645156282,0.1,-0.1,0.0026315789473684197,-0.0026315789473684197,0.0,1.0,-0.03483994482520595,-0.06000243750143383,-0.015365398758520707,0.04035755376581995,0.02702204187033108,0.03483994482520595,ofss,2026-07-23
digest,2026-07-24,ofss,it,0,11,0.0,0.0,10688.0,10652.0,-0.0033682634730538563,0.04102515959444242,0.05013143071723625,0.10824258355238459,0.3888621720784377,0.3531317669431452,0.1,-0.1,0.0026315789473684197,-0.0026315789473684197,0.0,1.0,-0.03090503680511085,-0.0084012595762306,0.018213681944236962,0.0033682634730538563,0.05013143071723625,0.03090503680511085,ofss,2026-07-24
digest,2026-07-25,ofss,it,0,21,0.0,0.0,10760.0,11089.0,0.030576208178438646,0.02209396699431876,0.02191360808007925,0.07223374515285408,0.28556173754549125,0.427718380070173,0.1,-0.1,0.0026315789473684197,-0.0026315789473684197,0.0,1.0,0.021815218118198858,-0.045027916284605576,-0.001922749685350375,0.030576208178438646,0.02191360808007925,0.021815218118198858,ofss,2026-07-25
digest,2026-07-26,ofss,it,0,12,0.0,0.0,10760.0,11089.0,0.030576208178438646,0.02209396699431876,0.02191360808007925,0.07223374515285408,0.28556173754549125,0.427718380070173,0.1,-0.1,0.0026315789473684197,-0.0026315789473684197,0.0,1.0,0.021815218118198858,-0.045027916284605576,-0.001922749685350375,0.030576208178438646,0.02191360808007925,0.021815218118198858,ofss,2026-07-26
digest,2026-07-27,ofss,it,0,40,0.0,0.0,10760.0,11089.0,0.030576208178438646,0.02209396699431876,0.02191360808007925,0.07223374515285408,0.28556173754549125,0.427718380070173,0.0,0.0,0.0,0.0,0.0,1.0,0.021815218118198858,-0.045027916284605576,-0.001922749685350375,0.030576208178438646,0.02191360808007925,0.021815218118198858,ofss,2026-07-27
digest,2026-07-28,ofss,it,0,13,0.0,0.0,11181.0,11334.0,0.013683928092299347,0.008205399682371661,0.023469207693665117,0.049585318510675824,0.29175593069268213,0.4485804491114262,0.0,0.0,0.0,0.0,0.0,1.0,-0.008268422003522086,-0.0019594808068082482,0.003938192099832177,0.013683928092299347,0.023469207693665117,0.008268422003522086,ofss,2026-07-28
digest,2026-07-29,ofss,it,0,28,0.0,0.0,11401.0,11427.0,0.0022805017103761926,-0.025466001575216612,0.02905399492430205,0.02205303229194011,0.29835729262560867,0.4517217564581355,0.0,0.0,0.0,0.0,0.0,1.0,0.000932979874492718,0.01717760761312243,0.00907420820469967,0.0022805017103761926,0.02905399492430205,0.000932979874492718,ofss,2026-07-29
digest,2026-07-30,ofss,it,0,29,0.0,0.0,11424.0,11136.0,-0.025210084033613467,0.004489942528735691,0.05378951149425282,0.025502873563218342,0.1553527604422851,0.46552511517773526,0.0,0.0,0.0,0.0,0.0,1.0,-0.024264434955566995,0.04385731135620771,0.002527033637494139,0.025210084033613467,0.05378951149425282,0.024264434955566995,ofss,2026-07-30
digest,2026-07-31,ofss,it,1,16,0.0625,0.1666666666666666,11100.0,11186.0,0.007747747747747669,0.013052029322367265,0.05533702842839272,0.05739317003397093,0.1520322084486932,0.4634649246653232,0.0,1.0,0.0,0.0625,0.0,0.0,-0.0007741537497877229,0.025504883757923123,0.030661386049093478,0.007747747747747669,0.05533702842839272,0.0007741537497877229,ofss,2026-07-31
digest,2026-08-01,ofss,it,0,19,0.0,0.0,11186.0,11332.0,0.013052029322367265,0.023649841157783236,0.04924108718672793,0.04032827391457827,0.15240811720695682,0.4689240755719764,0.1,-0.1,0.00625,-0.00625,0.0,1.0,-0.0081015320978437,0.042488465039307144,0.05009347442095424,0.013052029322367265,0.04924108718672793,0.0081015320978437,ofss,2026-08-01
digest,2026-08-02,ofss,it,0,4,0.0,0.0,11186.0,11332.0,0.013052029322367265,0.023649841157783236,0.04924108718672793,0.04032827391457827,0.15240811720695682,0.4689240755719764,0.1,-0.1,0.00625,-0.00625,0.0,1.0,-0.0081015320978437,0.042488465039307144,0.05009347442095424,0.013052029322367265,0.04924108718672793,0.0081015320978437,ofss,2026-08-02
digest,2026-08-03,ofss,it,0,18,0.0,0.0,11186.0,11332.0,0.013052029322367265,0.023649841157783236,0.04924108718672793,0.04032827391457827,0.15240811720695682,0.4689240755719764,0.1,-0.1,0.00625,-0.00625,0.0,1.0,-0.0081015320978437,0.042488465039307144,0.05009347442095424,0.013052029322367265,0.04924108718672793,0.0081015320978437,ofss,2026-08-03
digest,2026-08-04,ofss,it,0,23,0.0,0.0,11425.0,11600.0,0.015317286652078765,0.01370689655172419,0.02551724137931033,0.0019827586206897507,0.09764572277019021,0.4865758020294784,0.1,-0.1,0.00625,-0.00625,0.0,1.0,0.023802678068428035,0.0056948018421102,0.023964082704612776,0.015317286652078765,0.02551724137931033,0.023802678068428035,ofss,2026-08-04
digest,2026-08-05,ofss,it,0,23,0.0,0.0,11650.0,11759.0,0.009356223175965628,-0.002040989880091826,-0.006803299600306123,0.0012756186750573217,0.1618600509015951,0.3110997834814318,0.1,-0.1,0.00625,-0.00625,0.0,1.0,0.010156864858526626,-0.0076710063862889255,0.02144868999416779,0.009356223175965628,0.006803299600306123,0.010156864858526626,ofss,2026-08-05
digest,2026-08-06,ofss,it,0,41,0.0,0.0,11800.0,11735.0,-0.005508474576271238,0.005965061780996983,-0.026842778014486535,0.007754580315296078,0.22012684425461435,0.31222005697553135,0.1,-0.1,0.00625,-0.00625,0.0,1.0,0.004206343887752548,-0.03979681090401439,0.0127627697622985,0.005508474576271238,0.026842778014486535,0.004206343887752548,ofss,2026-08-06
digest,2026-08-07,ofss,it,0,18,0.0,0.0,11650.0,11805.0,0.013304721030042987,0.007200338839474796,0.0019483269800932845,-0.006861499364675949,0.3681411064814063,0.2784301988348016,0.1,-0.1,0.00625,-0.00625,0.0,1.0,-0.000508419574538262,0.004985789198437653,0.012977979257716429,0.013304721030042987,0.0019483269800932845,0.000508419574538262,ofss,2026-08-07
digest,2026-08-08,ofss,it,0,9,0.0,0.0,11805.0,11890.0,0.007200338839474796,0.0005046257359124784,-0.008494533221194311,-0.03128679562657699,0.363806716180772,0.22016889932993428,0.1,-0.1,0.00625,-0.00625,0.0,1.0,0.00566970743139707,0.008001164160648607,-0.005369119908164348,0.007200338839474796,0.008494533221194311,0.00566970743139707,ofss,2026-08-08
digest,2026-08-09,ofss,it,0,12,0.0,0.0,11805.0,11890.0,0.007200338839474796,0.0005046257359124784,-0.008494533221194311,-0.03128679562657699,0.363806716180772,0.22016889932993428,0.1,-0.1,0.00625,-0.00625,0.0,1.0,0.00566970743139707,0.008001164160648607,-0.005369119908164348,0.007200338839474796,0.008494533221194311,0.00566970743139707,ofss,2026-08-09
digest,2026-08-10,ofss,it,0,16,0.0,0.0,11805.0,11890.0,0.007200338839474796,0.0005046257359124784,-0.008494533221194311,-0.03128679562657699,0.363806716180772,0.22016889932993428,0.1,-0.1,0.00625,-0.00625,0.0,1.0,0.00566970743139707,0.008001164160648607,-0.005369119908164348,0.007200338839474796,0.008494533221194311,0.00566970743139707,ofss,2026-08-10
digest,2026-08-11,ofss,it,0,77,0.0,0.0,11900.0,11896.0,-0.0003361344537815558,-0.01824142568930731,-0.02294889038332215,-0.014038332212508386,0.373362050194593,0.20512179764407823,0.0,0.0,0.0,0.0,0.0,1.0,-0.0031859642482348328,0.018043958684100032,0.013457757323910063,0.0003361344537815558,0.02294889038332215,0.0031859642482348328,ofss,2026-08-11
digest,2026-08-12,ofss,it,0,25,0.0,0.0,11851.0,11679.0,-0.014513543160914688,-0.022176556212004428,0.008134258070040312,0.010360476068156599,0.366262119327343,0.2341898745724828,0.0,0.0,0.0,0.0,0.0,1.0,0.00046729737751347207,0.02902471250331673,0.033459451101386074,0.014513543160914688,0.008134258070040312,0.00046729737751347207,ofss,2026-08-12
digest,2026-08-13,ofss,it,0,45,0.0,0.0,11650.0,11420.0,-0.019742489270386243,0.03572679509632226,0.035551663747810824,0.03809106830122588,0.2989011579527885,0.22362051979543704,0.0,0.0,0.0,0.0,0.0,1.0,-0.025493606660326705,0.053058434787855296,0.06598685231162615,0.019742489270386243,0.035551663747810824,0.025493606660326705,ofss,2026-08-13
digest,2026-08-14,ofss,it,0,41,0.0,0.0,11449.0,11828.0,0.03310332780155467,-0.003297260737233687,-0.008792695299289832,0.030605343253297335,0.16968737802771797,0.2790727796195007,0.0,0.0,0.0,0.0,0.0,1.0,0.03599520118457628,0.008049355566383636,0.024941106762840864,0.03310332780155467,0.008792695299289832,0.03599520118457628,ofss,2026-08-14
digest,2026-08-15,ofss,it,0,5,0.0,0.0,11815.0,11789.0,-0.002200592467202722,-0.014080922894223469,-0.022987530749003282,0.06370345237085417,0.20469573678417538,0.27913807946940467,0.0,0.0,0.0,0.0,0.0,1.0,0.005352418492632811,-0.013269357540078835,0.057310753095483676,0.002200592467202722,0.022987530749003282,0.005352418492632811,ofss,2026-08-15
digest,2026-08-16,ofss,it,0,3,0.0,0.0,11815.0,11789.0,-0.002200592467202722,-0.014080922894223469,-0.022987530749003282,0.06370345237085417,0.20469573678417538,0.27913807946940467,0.0,0.0,0.0,0.0,0.0,1.0,0.005352418492632811,-0.013269357540078835,0.057310753095483676,0.002200592467202722,0.022987530749003282,0.005352418492632811,ofss,2026-08-16
digest,2026-08-17,ofss,it,0,31,0.0,0.0,11815.0,11789.0,-0.002200592467202722,-0.014080922894223469,-0.022987530749003282,0.06370345237085417,0.20469573678417538,0.27913807946940467,0.0,0.0,0.0,0.0,0.0,1.0,0.005352418492632811,-0.013269357540078835,0.057310753095483676,0.002200592467202722,0.022987530749003282,0.005352418492632811,ofss,2026-08-17
digest,2026-08-18,ofss,it,0,59,0.0,0.0,11751.0,11623.0,-0.010892689983831194,0.012991482405575239,0.009119848576099043,0.0485244773294331,0.23663548585927924,0.26923072576768475,0.0,0.0,0.0,0.0,0.0,1.0,0.004630982107493601,-0.00482385528708492,0.013851542130369827,0.010892689983831194,0.009119848576099043,0.004630982107493601,ofss,2026-08-18
digest,2026-07-07,persistent,it,1,52,0.0192307692307692,0.25,4730.0,4884.7998046875,0.032727231434989346,-0.0236037932561447,0.050012344975594925,0.06841635454370065,0.45283557969714267,0.7183975169633571,2.2,-1.2000000000000002,0.08161410688493016,-0.06238333765416096,0.0,0.0,0.013883721183252259,0.027806757830501887,0.04229192179832249,0.032727231434989346,0.050012344975594925,0.013883721183252259,persistent,2026-07-07
digest,2026-07-08,persistent,it,2,82,0.024390243902439,0.1818181818181818,4884.7998046875,4769.5,-0.0236037932561447,0.012663780761872356,0.06422052724342175,0.06904283566149494,0.3971146474319257,0.7219111759635671,2.0,0.0,0.07121688394256999,-0.046826640040130985,0.0,0.0,-0.005278797612063249,0.02379931727475927,0.03995747532633784,0.0236037932561447,0.06422052724342175,0.005278797612063249,persistent,2026-07-08
digest,2026-07-09,persistent,it,0,23,0.0,0.0,4765.0,4829.89990234375,0.013620126410021083,0.04637777273423449,0.047495788107830395,0.035611504063787214,0.41313840040329436,0.7198999780787771,2.0,-2.0,0.064527363936837,-0.064527363936837,0.0,1.0,0.00912744790884508,0.00744343735375811,0.014749072957400269,0.013620126410021083,0.047495788107830395,0.00912744790884508,persistent,2026-07-09
digest,2026-07-10,persistent,it,0,22,0.0,0.0,4926.39990234375,5053.89990234375,0.025880968359743184,0.027404579171773857,0.0257227096919177,0.029007321175527068,0.3061186995664821,0.7553567952766467,1.75,-1.75,0.056461443444732376,-0.056461443444732376,0.0,1.0,0.017539239337673856,0.002727154485372453,0.013117691501656502,0.025880968359743184,0.0257227096919177,0.017539239337673856,persistent,2026-07-10
digest,2026-07-12,persistent,it,0,2,0.0,0.0,5000.39990234375,5192.39990234375,0.038396928995620305,-0.012190856998307797,-0.0007125235152978249,0.014598315691080499,0.23472668404192026,0.37802430668267173,1.5555555555555556,-1.5555555555555556,0.050187949728651,-0.050187949728651,0.0,1.0,0.007539959357336971,0.0038883982097792907,0.007439623759512707,0.038396928995620305,0.0007125235152978249,0.007539959357336971,persistent,2026-07-12
digest,2026-07-13,persistent,it,0,33,0.0,0.0,5000.39990234375,5192.39990234375,0.038396928995620305,-0.012190856998307797,-0.0007125235152978249,0.014598315691080499,0.23472668404192026,0.37802430668267173,1.4,-1.4,0.0451691547557859,-0.0451691547557859,0.0,1.0,0.007539959357336971,0.0038883982097792907,0.007439623759512707,0.038396928995620305,0.0007125235152978249,0.007539959357336971,persistent,2026-07-13
digest,2026-07-14,persistent,it,0,35,0.0,0.0,5189.89990234375,5129.10009765625,-0.011715024534489138,-0.010391743571763312,0.017527422088102762,0.05835327815580471,0.20955384492579215,0.40636986465168684,1.4,-1.4,0.0451691547557859,-0.0451691547557859,0.0,1.0,0.0022414599629855935,0.01373749237370316,0.0037289095977625503,0.011715024534489138,0.017527422088102762,0.0022414599629855935,persistent,2026-07-14
digest,2026-07-15,persistent,it,0,17,0.0,0.0,5080.0,5075.7998046875,-0.0008268101008858109,-0.0032507192235521343,0.004531305584345446,0.08028291415742483,0.27233853282290876,0.4228212477748247,1.3,-1.3,0.04367661744235307,-0.04367661744235307,0.0,1.0,-0.006900880866416526,0.015126172303522627,0.00359259057685761,0.0008268101008858109,0.004531305584345446,0.006900880866416526,persistent,2026-07-15
digest,2026-07-16,persistent,it,2,38,0.0526315789473684,0.0909090909090909,5075.7998046875,5059.2998046875,-0.0032507192235521343,0.02462793320546197,-0.01134542418114226,0.09001253299973766,0.30847751978814253,0.36172770183533576,0.8,1.2,0.012426617442353068,0.04020496150501533,0.0,0.0,-0.0028019001179676764,0.007224627981413802,0.02330253472688429,0.0032507192235521343,0.01134542418114226,0.0028019001179676764,persistent,2026-07-16
digest,2026-07-17,persistent,it,0,45,0.0,0.0,5120.89990234375,5183.89990234375,0.012302525181397517,0.0009260003200639577,0.003202241163789532,0.07042961950156101,0.3967924397819197,0.36409488741308826,1.0,-1.0,0.01768977533708991,-0.01768977533708991,0.0,1.0,0.011279740096632889,0.00998330045911405,0.019267197521186746,0.012302525181397517,0.003202241163789532,0.011279740096632889,persistent,2026-07-17
digest,2026-07-18,persistent,it,0,9,0.0,0.0,5183.89990234375,5188.7001953125,0.0009260003200639577,0.005839575143476772,0.015321756318050772,0.07445020720921303,0.40604563289887646,0.36698844136618025,0.5,-0.5,0.00962525920805766,-0.00962525920805766,0.0,1.0,0.002046568723135185,0.0035284070847437354,-0.005266692479073576,0.0009260003200639577,0.015321756318050772,0.002046568723135185,persistent,2026-07-18
digest,2026-07-19,persistent,it,0,2,0.0,0.0,5183.89990234375,5188.7001953125,0.0009260003200639577,0.005839575143476772,0.015321756318050772,0.07445020720921303,0.40604563289887646,0.36698844136618025,0.4,-0.4,0.00770218228498074,-0.00770218228498074,0.0,1.0,0.002046568723135185,0.0035284070847437354,-0.005266692479073576,0.0009260003200639577,0.015321756318050772,0.002046568723135185,persistent,2026-07-19
digest,2026-07-20,persistent,it,0,12,0.0,0.0,5183.89990234375,5188.7001953125,0.0009260003200639577,0.005839575143476772,0.015321756318050772,0.07445020720921303,0.40604563289887646,0.36698844136618025,0.2,-0.2,0.005263157894736839,-0.005263157894736839,0.0,1.0,0.002046568723135185,0.0035284070847437354,-0.005266692479073576,0.0009260003200639577,0.015321756318050772,0.002046568723135185,persistent,2026-07-20
digest,2026-07-21,persistent,it,0,16,0.0,0.0,5168.0,5219.0,0.009868421052631637,-0.023031269460145665,0.04012261014442431,0.0536501245449319,0.45071289425384303,0.3371727154687041,0.2,-0.2,0.005263157894736839,-0.005263157894736839,0.0,1.0,0.014331988387811459,-0.010524788896847125,-0.023777898816176674,0.009868421052631637,0.04012261014442431,0.014331988387811459,persistent,2026-07-21
digest,2026-07-22,persistent,it,0,27,0.0,0.0,5195.0,5098.7998046875,-0.018517843178537108,-0.01900445321557176,0.07540990325733432,0.0826077138634227,0.3577720400712399,0.3357344538682017,0.2,-0.2,0.005263157894736839,-0.005263157894736839,0.0,1.0,-0.0024004823087284514,-0.012812874232664279,-0.018340437035959195,0.018517843178537108,0.07540990325733432,0.0024004823087284514,persistent,2026-07-22
digest,2026-07-23,persistent,it,1,30,0.0333333333333333,0.1428571428571428,5095.0,5001.89990234375,-0.018272835653827313,0.039704932432412576,0.10252110257713598,0.09148525692044163,0.23095082467795167,0.3574410304556581,0.2,0.8,0.005263157894736839,0.02807017543859646,0.0,0.0,-0.01275522671321331,0.015496623205371068,-0.006145197634445307,0.018272835653827313,0.10252110257713598,0.01275522671321331,persistent,2026-07-23
digest,2026-07-24,persistent,it,0,11,0.0,0.0,4974.10009765625,5200.5,0.045515751170835506,0.013018016596961779,0.067012787231997,0.05278338621286416,0.16076168673241026,0.33608011074610006,0.3,-0.3,0.008596491228070168,-0.008596491228070168,0.0,1.0,0.017978977838778512,0.008480096938530149,-0.037245515395283466,0.045515751170835506,0.067012787231997,0.017978977838778512,persistent,2026-07-24
digest,2026-07-25,persistent,it,0,21,0.0,0.0,5249.0,5268.2001953125,0.00365787679796159,0.030408811566005278,0.05823617047819907,0.03906453761393025,0.1715425822990114,0.3139349502789286,0.3,-0.3,0.008596491228070168,-0.008596491228070168,0.0,1.0,-0.0051031132622782,-0.008705353886485759,-0.0350919572242742,0.00365787679796159,0.05823617047819907,0.0051031132622782,persistent,2026-07-25
digest,2026-07-26,persistent,it,0,12,0.0,0.0,5249.0,5268.2001953125,0.00365787679796159,0.030408811566005278,0.05823617047819907,0.03906453761393025,0.1715425822990114,0.3139349502789286,0.3,-0.3,0.008596491228070168,-0.008596491228070168,0.0,1.0,-0.0051031132622782,-0.008705353886485759,-0.0350919572242742,0.00365787679796159,0.05823617047819907,0.0051031132622782,persistent,2026-07-26
digest,2026-07-27,persistent,it,0,40,0.0,0.0,5249.0,5268.2001953125,0.00365787679796159,0.030408811566005278,0.05823617047819907,0.03906453761393025,0.1715425822990114,0.3139349502789286,0.1,-0.1,0.0033333333333333296,-0.0033333333333333296,0.0,1.0,-0.0051031132622782,-0.008705353886485759,-0.0350919572242742,0.00365787679796159,0.05823617047819907,0.0051031132622782,persistent,2026-07-27
digest,2026-07-28,persistent,it,0,13,0.0,0.0,5335.7998046875,5428.39990234375,0.017354492493309115,0.010113459459765828,0.013005692087233234,0.01982169692579072,0.1478895231846784,0.33365874481951757,0.1,-0.1,0.0033333333333333296,-0.0033333333333333296,0.0,1.0,-0.004597857602512318,-0.012422996413240132,-0.025825429485052925,0.017354492493309115,0.013005692087233234,0.004597857602512318,persistent,2026-07-28
digest,2026-07-29,persistent,it,0,28,0.0,0.0,5510.39990234375,5483.2998046875,-0.004917991096204055,0.0057265500234287,0.0066930856636957525,-0.0016960233835016103,0.13389215813055202,0.3213000546888585,0.1,-0.1,0.0033333333333333296,-0.0033333333333333296,0.0,1.0,-0.0062655129320875295,-0.00518330164748387,-0.01467484747074205,0.004917991096204055,0.0066930856636957525,0.0062655129320875295,persistent,2026-07-29
digest,2026-07-30,persistent,it,0,29,0.0,0.0,5483.2998046875,5514.7001953125,0.0057265500234287,0.006219704330736819,-0.010009645739113782,0.0015050328020651538,0.1509560503098678,0.31565986217832204,0.1,-0.1,0.0033333333333333296,-0.0033333333333333296,0.0,1.0,0.006672199101475173,-0.019941845877158887,-0.02147080712365905,0.0057265500234287,0.010009645739113782,0.006672199101475173,persistent,2026-07-30
digest,2026-07-31,persistent,it,0,16,0.0,0.0,5458.7001953125,5549.0,0.01654236383325136,0.004685528924130544,-0.013335736168679002,0.005586592178770999,0.1409741131404282,0.3031469444261187,0.1,-0.1,0.0033333333333333296,-0.0033333333333333296,0.0,1.0,0.00802046233571597,-0.043167880839148604,-0.021145191806106453,0.01654236383325136,0.013335736168679002,0.00802046233571597,persistent,2026-07-31
digest,2026-08-01,persistent,it,0,19,0.0,0.0,5533.5,5575.0,0.007499774103189694,-0.013632286995515663,-0.018116591928251102,-0.0008968609865470656,0.12871956073754298,0.3016241426109904,0.1,-0.1,0.0033333333333333296,-0.0033333333333333296,0.0,1.0,-0.013653787317021271,-0.024869214075671886,0.008868339519828905,0.007499774103189694,0.018116591928251102,0.013653787317021271,persistent,2026-08-01
digest,2026-08-02,persistent,it,0,4,0.0,0.0,5533.5,5575.0,0.007499774103189694,-0.013632286995515663,-0.018116591928251102,-0.0008968609865470656,0.12871956073754298,0.3016241426109904,0.1,-0.1,0.0033333333333333296,-0.0033333333333333296,0.0,1.0,-0.013653787317021271,-0.024869214075671886,0.008868339519828905,0.007499774103189694,0.018116591928251102,0.013653787317021271,persistent,2026-08-02
digest,2026-08-03,persistent,it,1,18,0.0555555555555555,1.0,5533.5,5575.0,0.007499774103189694,-0.013632286995515663,-0.018116591928251102,-0.0008968609865470656,0.12871956073754298,0.3016241426109904,0.0,1.0,0.0,0.0555555555555555,0.0,0.0,-0.013653787317021271,-0.024869214075671886,0.008868339519828905,0.007499774103189694,0.018116591928251102,0.013653787317021271,persistent,2026-08-03
digest,2026-08-04,persistent,it,1,23,0.0434782608695652,0.1111111111111111,5590.0,5499.0,-0.016279069767441867,0.003818876159301654,0.0067284960901983215,-0.010274595380978413,0.12840840619424096,0.31968502367152535,0.1,0.9,0.00555555555555555,0.03792270531400965,0.0,0.0,-0.007793678351092596,-0.013093943447001807,0.011706728702944612,0.016279069767441867,0.0067284960901983215,0.007793678351092596,persistent,2026-08-04
digest,2026-08-05,persistent,it,3,23,0.1304347826086956,0.375,5539.0,5520.0,-0.003430222061744037,-0.010960144927536275,-0.008333333333333304,-0.0018115942028985588,0.15237828232690934,0.2785409222224711,0.2,2.8,0.00990338164251207,0.12053140096618352,1.0,0.0,-0.0026295803791830386,-0.009201040119316106,0.01836147711621191,0.003430222061744037,0.008333333333333304,0.0026295803791830386,persistent,2026-08-05
digest,2026-08-06,persistent,it,2,41,0.048780487804878,0.1428571428571428,5520.0,5459.5,-0.010960144927536275,0.0028390878285557974,0.011631101749244532,0.03928931220807774,0.14073632887906934,0.25884946873732684,0.5,1.5,0.022946859903381626,0.025833627901496375,0.0,0.0,-0.0012453264635124885,-0.0013229311402833243,0.04429750165508017,0.010960144927536275,0.011631101749244532,0.0012453264635124885,persistent,2026-08-06
digest,2026-08-07,persistent,it,0,18,0.0,0.0,5470.0,5475.0,0.000914076782449813,-0.00018264840182646847,0.019178082191780854,0.03515981735159812,0.15195917070377524,0.19410588071134494,0.7,-0.7,0.027824908683869432,-0.027824908683869432,0.0,1.0,-0.012899063822131436,0.022215544410125222,0.0549992959739905,0.000914076782449813,0.019178082191780854,0.012899063822131436,persistent,2026-08-07
digest,2026-08-08,persistent,it,0,9,0.0,0.0,5475.0,5474.0,-0.00018264840182646847,0.011326269638290087,0.01753744976251359,0.04018998903909399,0.15504373926548323,0.19054285301067936,0.7,-0.7,0.027824908683869432,-0.027824908683869432,0.0,1.0,-0.0017132798099041941,0.03403314714435651,0.06610766475750662,0.00018264840182646847,0.01753744976251359,0.0017132798099041941,persistent,2026-08-08
digest,2026-08-09,persistent,it,0,12,0.0,0.0,5475.0,5474.0,-0.00018264840182646847,0.011326269638290087,0.01753744976251359,0.04018998903909399,0.15504373926548323,0.19054285301067936,0.7,-0.7,0.027824908683869432,-0.027824908683869432,0.0,1.0,-0.0017132798099041941,0.03403314714435651,0.06610766475750662,0.00018264840182646847,0.01753744976251359,0.0017132798099041941,persistent,2026-08-09
digest,2026-08-10,persistent,it,0,16,0.0,0.0,5475.0,5474.0,-0.00018264840182646847,0.011326269638290087,0.01753744976251359,0.04018998903909399,0.15504373926548323,0.19054285301067936,0.7,-0.7,0.027824908683869432,-0.027824908683869432,0.0,1.0,-0.0017132798099041941,0.03403314714435651,0.06610766475750662,0.00018264840182646847,0.01753744976251359,0.0017132798099041941,persistent,2026-08-10
digest,2026-08-11,persistent,it,1,77,0.0129870129870129,0.0714285714285714,5474.0,5536.0,0.011326269638290087,-0.011199421965317868,-0.01688945086705207,0.02149566473988429,0.22225354704236577,0.1309924863949588,0.7,0.30000000000000004,0.027824908683869432,-0.014837895696856533,0.0,0.0,0.00847643984383681,0.024103398200370114,0.04899175427630274,0.011326269638290087,0.01688945086705207,0.00847643984383681,persistent,2026-08-11
digest,2026-08-12,persistent,it,0,25,0.0,0.0,5530.0,5474.0,-0.010126582278481067,0.008951406649616356,0.006576543660942624,0.02128242601388375,0.23247733816232616,0.13753843842213137,0.8,-0.8,0.02912360998257072,-0.02912360998257072,0.0,1.0,0.0048542582599470935,0.02746699809421904,0.044381401047113224,0.010126582278481067,0.006576543660942624,0.0048542582599470935,persistent,2026-08-12
digest,2026-08-13,persistent,it,2,45,0.0444444444444444,0.1333333333333333,5470.5,5523.0,0.009596928982725572,0.010320478001086375,0.027340213652000678,0.023718993300742452,0.3093290407422433,0.14225890693248963,0.8,1.2,0.02912360998257072,0.015320834461873677,0.0,0.0,0.0038458115927851094,0.04484698469204515,0.05161477731114273,0.009596928982725572,0.027340213652000678,0.0038458115927851094,persistent,2026-08-13
digest,2026-08-14,persistent,it,0,41,0.0,0.0,5549.0,5580.0,0.005586592178770999,-0.0017921146953404632,0.015681003584229414,0.05286738351254483,0.3089243341411297,0.1484817231328504,0.9,-0.9,0.028012498871459613,-0.028012498871459613,0.0,1.0,0.008478465561792606,0.03252305444990288,0.04720314702208836,0.005586592178770999,0.015681003584229414,0.008478465561792606,persistent,2026-08-14
digest,2026-08-15,persistent,it,0,5,0.0,0.0,5580.5,5570.0,-0.0018815518322731206,-0.02289048473967681,0.022262118491920946,0.004398563734290928,0.3056455087951962,0.1470408151394729,0.8,-0.8,0.023664672784503092,-0.023664672784503092,0.0,1.0,0.005671459127562412,0.03198029170084539,-0.0019941355410795737,0.0018815518322731206,0.022262118491920946,0.005671459127562412,persistent,2026-08-15
digest,2026-08-16,persistent,it,0,3,0.0,0.0,5580.5,5570.0,-0.0018815518322731206,-0.02289048473967681,0.022262118491920946,0.004398563734290928,0.3056455087951962,0.1470408151394729,0.5,-0.5,0.01062119452363353,-0.01062119452363353,0.0,1.0,0.005671459127562412,0.03198029170084539,-0.0019941355410795737,0.0018815518322731206,0.022262118491920946,0.005671459127562412,persistent,2026-08-16
digest,2026-08-17,persistent,it,3,31,0.0967741935483871,0.1578947368421052,5580.5,5570.0,-0.0018815518322731206,-0.02289048473967681,0.022262118491920946,0.004398563734290928,0.3056455087951962,0.1470408151394729,0.3,2.7,0.00574314574314573,0.09103104780524136,1.0,0.0,0.005671459127562412,0.03198029170084539,-0.0019941355410795737,0.0018815518322731206,0.022262118491920946,0.005671459127562412,persistent,2026-08-17
digest,2026-08-18,persistent,it,2,59,0.0338983050847457,0.1428571428571428,5571.5,5442.5,-0.023153549313470356,0.012402388608176329,0.03904455672944418,0.06568672485071203,0.22561691228757083,0.17556285318284898,0.6,1.4,0.01542056509798444,0.01847773998676126,0.0,0.0,-0.007629877222145561,0.025100852866260216,0.031013789651648756,0.023153549313470356,0.03904455672944418,0.007629877222145561,persistent,2026-08-18
digest,2026-07-07,pg_electroplast,ems,0,52,0.0,0.0,572.0,578.5999755859375,0.011538418856534172,-0.027480062305230257,0.03888697018560139,0.054528258139269425,0.38794485490007335,0.26474746567420704,0.0,0.0,0.0,0.0,0.0,1.0,0.02766027098627566,0.009461113773680085,0.023778103167159337,0.011538418856534172,0.03888697018560139,0.02766027098627566,pg_electroplast,2026-07-07
digest,2026-07-08,pg_electroplast,ems,0,82,0.0,0.0,573.7999877929688,562.7000122070312,-0.019344677277934097,0.037320063167643136,0.06584323260923819,0.02256977418077355,0.26478524182242597,0.2936206418994077,0.0,0.0,0.0,0.0,0.0,1.0,-0.00873271299792335,0.019838549700750274,-0.007972319423111312,0.019344677277934097,0.06584323260923819,0.00873271299792335,pg_electroplast,2026-07-08
digest,2026-07-09,pg_electroplast,ems,0,23,0.0,0.0,566.5499877929688,583.7000122070312,0.030270981879059855,-0.000942243929187514,0.06381702796125333,-0.01207810115732566,0.25347694006844484,0.3272439266399979,0.0,0.0,0.0,0.0,0.0,1.0,-0.001955845660425469,0.0290669682147367,0.004375964125918879,0.030270981879059855,0.06381702796125333,0.001955845660425469,pg_electroplast,2026-07-09
digest,2026-07-10,pg_electroplast,ems,0,22,0.0,0.0,586.6500244140625,583.1500244140625,-0.005966078333493163,0.021778188528133402,0.05916144826481817,-0.01834864401794789,0.2695305169032487,0.327834500716373,0.0,0.0,0.0,0.0,0.0,1.0,0.0003753815875394695,0.04980578213103861,0.019794968677833515,0.005966078333493163,0.05916144826481817,0.0003753815875394695,pg_electroplast,2026-07-10
digest,2026-07-12,pg_electroplast,ems,0,2,0.0,0.0,576.0,595.8499755859375,0.03446176317003036,0.008810942712278003,0.04204086574559596,-0.027104076597510907,0.25567706351678904,0.3054751894417819,0.0,0.0,0.0,0.0,0.0,1.0,0.028823914908548093,0.030109747343093705,0.003656966224663088,0.03446176317003036,0.04204086574559596,0.028823914908548093,pg_electroplast,2026-07-12
digest,2026-07-13,pg_electroplast,ems,0,33,0.0,0.0,576.0,595.8499755859375,0.03446176317003036,0.008810942712278003,0.04204086574559596,-0.027104076597510907,0.25567706351678904,0.3054751894417819,0.0,0.0,0.0,0.0,0.0,1.0,0.028823914908548093,0.030109747343093705,0.003656966224663088,0.03446176317003036,0.04204086574559596,0.028823914908548093,pg_electroplast,2026-07-13
digest,2026-07-14,pg_electroplast,ems,0,35,0.0,0.0,590.4000244140625,601.0999755859375,0.018123222780171977,-0.0022458420242349453,0.015055813002326612,-0.026035541531425066,0.3135663296546481,0.29189942744169106,0.0,0.0,0.0,0.0,0.0,1.0,0.013042338191639784,0.0135460699851326,0.010913029120320904,0.018123222780171977,0.015055813002326612,0.013042338191639784,pg_electroplast,2026-07-14
digest,2026-07-15,pg_electroplast,ems,0,17,0.0,0.0,603.4000244140625,599.75,-0.006049095569074403,0.03534808204590445,-0.04060020939714459,0.021175510140944098,0.5351082934650183,0.2755251389107756,0.0,0.0,0.0,0.0,0.0,1.0,0.0016705228173536923,-0.025994953287934074,0.011805116857363185,0.006049095569074403,0.04060020939714459,0.0016705228173536923,pg_electroplast,2026-07-15
digest,2026-07-16,pg_electroplast,ems,1,38,0.0263157894736842,0.1428571428571428,601.0,620.9500122070312,0.03319469585196555,-0.005314417792246506,-0.07134227703050378,-0.012802982608494773,0.4018353276603009,0.30370179238081746,0.0,1.0,0.0,0.0263157894736842,0.0,0.0,0.008230793495976402,-0.02218291755532753,0.0013738528836447217,0.03319469585196555,0.07134227703050378,0.008230793495976402,pg_electroplast,2026-07-16
digest,2026-07-17,pg_electroplast,ems,1,45,0.0222222222222222,0.125,622.25,617.6500244140625,-0.007392487884190446,0.005261879497346689,-0.07318062077292153,-0.006961950389630878,0.39925632490799673,0.3117805532030317,0.1,0.9,0.0026315789473684197,0.01959064327485378,0.0,0.0,0.015001120409116015,-0.0264619879857275,-0.024442293416610066,0.007392487884190446,0.07318062077292153,0.015001120409116015,pg_electroplast,2026-07-17
digest,2026-07-18,pg_electroplast,ems,0,9,0.0,0.0,611.7000122070312,620.9000244140625,0.015040071968998925,-0.01731357638477249,-0.06635530775813914,-0.004670678531216388,0.4253264747432837,0.3113679161338186,0.2,-0.2,0.00485380116959064,-0.00485380116959064,0.0,1.0,0.010911534569721697,-0.024821474779255004,-0.015926701882562976,0.015040071968998925,0.06635530775813914,0.010911534569721697,pg_electroplast,2026-07-18
digest,2026-07-19,pg_electroplast,ems,0,2,0.0,0.0,611.7000122070312,620.9000244140625,0.015040071968998925,-0.01731357638477249,-0.06635530775813914,-0.004670678531216388,0.4253264747432837,0.3113679161338186,0.2,-0.2,0.00485380116959064,-0.00485380116959064,0.0,1.0,0.010911534569721697,-0.024821474779255004,-0.015926701882562976,0.015040071968998925,0.06635530775813914,0.010911534569721697,pg_electroplast,2026-07-19
digest,2026-07-20,pg_electroplast,ems,0,12,0.0,0.0,611.7000122070312,620.9000244140625,0.015040071968998925,-0.01731357638477249,-0.06635530775813914,-0.004670678531216388,0.4253264747432837,0.3113679161338186,0.2,-0.2,0.00485380116959064,-0.00485380116959064,0.0,1.0,0.010911534569721697,-0.024821474779255004,-0.015926701882562976,0.015040071968998925,0.06635530775813914,0.010911534569721697,pg_electroplast,2026-07-20
digest,2026-07-21,pg_electroplast,ems,0,16,0.0,0.0,620.9000244140625,610.1500244140625,-0.01731357638477249,-0.0569532059486042,-0.04048186711252055,0.0030320011667852587,0.45238711978049223,0.33491549552258415,0.2,-0.2,0.00485380116959064,-0.00485380116959064,0.0,1.0,-0.008000294256774232,-0.0017608799436837352,-0.033374497796911075,0.01731357638477249,0.04048186711252055,0.008000294256774232,pg_electroplast,2026-07-21
digest,2026-07-22,pg_electroplast,ems,0,27,0.0,0.0,604.5999755859375,575.4000244140625,-0.04829631549947777,0.002172401715264005,0.06438996562556154,0.04796658744330595,0.3209135634346127,0.4341993182227477,0.2,-0.2,0.00485380116959064,-0.00485380116959064,0.0,1.0,-0.03197488194930953,0.03945720961734678,-0.015525570493998539,0.04829631549947777,0.06438996562556154,0.03197488194930953,pg_electroplast,2026-07-22
digest,2026-07-23,pg_electroplast,ems,0,30,0.0,0.0,571.3499755859375,576.6500244140625,0.009276361345232687,-0.007283468358991074,0.06303645893863075,0.057400458136753985,0.3236676410568078,0.3889375456558673,0.2,-0.2,0.00485380116959064,-0.00485380116959064,0.0,1.0,0.007202177318381298,0.02591454614106864,0.0053271890559380974,0.009276361345232687,0.06303645893863075,0.007202177318381298,pg_electroplast,2026-07-23
digest,2026-07-24,pg_electroplast,ems,0,11,0.0,0.0,570.9500122070312,572.4500122070312,0.0026272002240645964,0.012664861289893636,0.0714472224766316,0.10166828712719589,0.29719942507924874,0.3902391703678078,0.2,-0.2,0.00485380116959064,-0.00485380116959064,0.0,1.0,0.01370643234923874,0.0035027794930300865,0.00172861767518602,0.0026272002240645964,0.0714472224766316,0.01370643234923874,pg_electroplast,2026-07-24
digest,2026-07-25,pg_electroplast,ems,0,21,0.0,0.0,580.0,579.7000122070312,-0.0005172203327047376,0.009918923372294941,0.06606863375274608,0.07262372727172228,0.3008438782119978,0.3774412346092636,0.2,-0.2,0.00485380116959064,-0.00485380116959064,0.0,1.0,0.003797053790183284,0.010758407634675358,-0.012132611667137819,0.0005172203327047376,0.06606863375274608,0.003797053790183284,pg_electroplast,2026-07-25
digest,2026-07-26,pg_electroplast,ems,0,12,0.0,0.0,580.0,579.7000122070312,-0.0005172203327047376,0.009918923372294941,0.06606863375274608,0.07262372727172228,0.3008438782119978,0.3774412346092636,0.2,-0.2,0.00485380116959064,-0.00485380116959064,0.0,1.0,0.003797053790183284,0.010758407634675358,-0.012132611667137819,0.0005172203327047376,0.06606863375274608,0.003797053790183284,pg_electroplast,2026-07-26
digest,2026-07-27,pg_electroplast,ems,0,40,0.0,0.0,580.0,579.7000122070312,-0.0005172203327047376,0.009918923372294941,0.06606863375274608,0.07262372727172228,0.3008438782119978,0.3774412346092636,0.1,-0.1,0.00222222222222222,-0.00222222222222222,0.0,1.0,0.003797053790183284,0.010758407634675358,-0.012132611667137819,0.0005172203327047376,0.06606863375274608,0.003797053790183284,pg_electroplast,2026-07-27
digest,2026-07-28,pg_electroplast,ems,0,13,0.0,0.0,578.4000244140625,585.4500122070312,0.012188775061188206,0.046118369522643476,0.04534970917991865,0.05218206022031047,0.34290884683735023,0.3784094536276344,0.0,0.0,0.0,0.0,0.0,1.0,0.01968216932234851,-0.03251330425382297,-0.034647218455888265,0.012188775061188206,0.04534970917991865,0.01968216932234851,pg_electroplast,2026-07-28
digest,2026-07-29,pg_electroplast,ems,0,28,0.0,0.0,588.0,612.4500122070312,0.04158165341331843,0.0008980125430757546,-0.015429850630547137,0.00359214982967071,0.14241109833898877,0.4499858242668214,0.0,0.0,0.0,0.0,0.0,1.0,0.0027003830380413207,-0.053473563433314907,-0.035139391359809535,0.04158165341331843,0.015429850630547137,0.0027003830380413207,pg_electroplast,2026-07-29
digest,2026-07-30,pg_electroplast,ems,0,29,0.0,0.0,614.2000122070312,613.0,-0.001953780825759366,0.000570922652426642,-0.005301794453507314,0.0032626427406199365,0.17542843566232105,0.4110362503452027,0.0,0.0,0.0,0.0,0.0,1.0,-0.009605611635105631,-0.019233649063059167,-0.022129726415803092,0.001953780825759366,0.005301794453507314,0.009605611635105631,pg_electroplast,2026-07-30
digest,2026-07-31,pg_electroplast,ems,0,16,0.0,0.0,615.0,613.3499755859375,-0.0026829665269308967,0.007581355831342895,0.02820583601001725,-0.020135283406736093,0.307834397956474,0.410360963044758,0.0,0.0,0.0,0.0,0.0,1.0,-0.009054289853792585,-0.001998752719433266,-0.03077086176434444,0.0026829665269308967,0.02820583601001725,0.009054289853792585,pg_electroplast,2026-07-31
digest,2026-08-01,pg_electroplast,ems,0,19,0.0,0.0,616.0,618.0,0.0032467532467532756,-0.009708737864077666,0.0061488475614381866,-0.006472491909385147,0.3365401814038175,0.41141998570634314,0.0,0.0,0.0,0.0,0.0,1.0,0.015325382447497407,-0.02305955593648081,-0.039477039249017166,0.0032467532467532756,0.0061488475614381866,0.015325382447497407,pg_electroplast,2026-08-01
digest,2026-08-02,pg_electroplast,ems,0,4,0.0,0.0,616.0,618.0,0.0032467532467532756,-0.009708737864077666,0.0061488475614381866,-0.006472491909385147,0.3365401814038175,0.41141998570634314,0.0,0.0,0.0,0.0,0.0,1.0,0.015325382447497407,-0.02305955593648081,-0.039477039249017166,0.0032467532467532756,0.0061488475614381866,0.015325382447497407,pg_electroplast,2026-08-02
digest,2026-08-03,pg_electroplast,ems,0,18,0.0,0.0,616.0,618.0,0.0032467532467532756,-0.009708737864077666,0.0061488475614381866,-0.006472491909385147,0.3365401814038175,0.41141998570634314,0.0,0.0,0.0,0.0,0.0,1.0,0.015325382447497407,-0.02305955593648081,-0.039477039249017166,0.0032467532467532756,0.0061488475614381866,0.015325382447497407,pg_electroplast,2026-08-03
digest,2026-08-04,pg_electroplast,ems,0,23,0.0,0.0,619.0,612.0,-0.011308562197092087,-0.014705882352941124,0.006535947712418277,-0.02450980392156865,0.3357575135585995,0.4042520036492671,0.0,0.0,0.0,0.0,0.0,1.0,-0.025177675777290444,-0.0019222491194597069,-0.056791433755656796,0.011308562197092087,0.006535947712418277,0.025177675777290444,pg_electroplast,2026-08-04
digest,2026-08-05,pg_electroplast,ems,0,23,0.0,0.0,617.5499877929688,603.0,-0.0235608259745389,0.011194029850746245,0.019320106822657612,-0.0018241717843076044,0.30838778354342733,0.2687753051346798,0.0,0.0,0.0,0.0,0.0,1.0,-0.023456991629818773,0.019595948938059344,-0.039652195113417055,0.0235608259745389,0.019320106822657612,0.023456991629818773,pg_electroplast,2026-08-05
digest,2026-08-06,pg_electroplast,ems,0,41,0.0,0.0,607.7000122070312,609.75,0.003373354865542355,0.03427638280289047,0.008610086100861114,-0.012628146300994292,0.30189349050886993,0.2700967212995182,0.0,0.0,0.0,0.0,0.0,1.0,0.015435931534799238,-0.002736447008863885,-0.061391312492972416,0.003373354865542355,0.008610086100861114,0.015435931534799238,pg_electroplast,2026-08-06
digest,2026-08-07,pg_electroplast,ems,0,18,0.0,0.0,614.2999877929688,630.6500244140625,0.02661572024416836,-0.014033197936234698,-0.047015021432228354,-0.04772859027328147,0.1487708142673955,0.2936040000468624,0.0,0.0,0.0,0.0,0.0,1.0,0.002680540179113417,-0.02776768591457472,-0.06719181855744792,0.02661572024416836,0.047015021432228354,0.002680540179113417,pg_electroplast,2026-08-07
digest,2026-08-08,pg_electroplast,ems,0,9,0.0,0.0,630.75,621.7999877929688,-0.014189476348840713,-0.009327738672937791,-0.012544207053869827,-0.03988418829179208,0.25707700301678577,0.3162327227673711,0.0,0.0,0.0,0.0,0.0,1.0,-0.018666696776787745,-0.01591683819313609,-0.06069225760084096,0.014189476348840713,0.012544207053869827,0.018666696776787745,pg_electroplast,2026-08-08
digest,2026-08-09,pg_electroplast,ems,1,12,0.0833333333333333,0.2,630.75,621.7999877929688,-0.014189476348840713,-0.009327738672937791,-0.012544207053869827,-0.03988418829179208,0.25707700301678577,0.3162327227673711,0.0,1.0,0.0,0.0833333333333333,0.0,0.0,-0.018666696776787745,-0.01591683819313609,-0.06069225760084096,0.014189476348840713,0.012544207053869827,0.018666696776787745,pg_electroplast,2026-08-09
digest,2026-08-10,pg_electroplast,ems,1,16,0.0625,0.25,630.75,621.7999877929688,-0.014189476348840713,-0.009327738672937791,-0.012544207053869827,-0.03988418829179208,0.25707700301678577,0.3162327227673711,0.1,0.9,0.00833333333333333,0.05416666666666667,0.0,0.0,-0.018666696776787745,-0.01591683819313609,-0.06069225760084096,0.014189476348840713,0.012544207053869827,0.018666696776787745,pg_electroplast,2026-08-10
digest,2026-08-11,pg_electroplast,ems,2,77,0.0259740259740259,0.2857142857142857,622.0,616.0,-0.009646302250803873,-0.0021915188083401205,-0.030844155844155896,-0.035146143529322216,0.314745020076374,0.32621994997395254,0.2,1.8,0.014583333333333332,0.011390692640692568,0.0,0.0,-0.0033547340251755724,-0.05316726405751655,-0.06969212148274898,0.009646302250803873,0.030844155844155896,0.0033547340251755724,pg_electroplast,2026-08-11
digest,2026-08-12,pg_electroplast,ems,0,25,0.0,0.0,616.0,614.6500244140625,-0.0021915188083401205,0.0005693900138881158,-0.020743511744190313,-0.04474090768354788,0.33109108271153326,0.23402415478596234,0.4,-0.4,0.017180735930735918,-0.017180735930735918,0.0,1.0,-0.0011251325683279505,-0.05773857182789286,-0.09130283995734931,0.0021915188083401205,0.020743511744190313,0.0011251325683279505,pg_electroplast,2026-08-12
digest,2026-08-13,pg_electroplast,ems,0,45,0.0,0.0,610.2999877929688,615.0,0.007701150747238206,-0.02276422764227637,-0.021056930417936992,-0.03089430894308942,0.3308198067051628,0.23401256466077808,0.4,-0.4,0.017180735930735918,-0.017180735930735918,0.0,1.0,0.008631225184614344,-0.05644368143839723,-0.08853229230413193,0.007701150747238206,0.021056930417936992,0.008631225184614344,pg_electroplast,2026-08-13
digest,2026-08-14,pg_electroplast,ems,2,41,0.048780487804878,0.1818181818181818,611.9500122070312,601.0,-0.01789363835052382,0.021630615640598982,-0.0007487723910669652,-0.025208027311252046,0.28707248328466806,0.26132367656855726,0.4,1.6,0.017180735930735918,0.03159975187414209,0.0,0.0,-0.011750476770823876,-0.040455960446485674,-0.07649243149323018,0.01789363835052382,0.0007487723910669652,0.011750476770823876,pg_electroplast,2026-08-14
digest,2026-08-15,pg_electroplast,ems,0,5,0.0,0.0,600.0999755859375,614.0,0.023162847824632182,-0.027687296416938123,-0.027687296416938123,-0.05374592833876224,0.21334060875301092,0.28413427512226336,0.6,-0.6,0.02205878471122372,-0.02205878471122372,0.0,1.0,0.016437047478003713,-0.04486587475441241,-0.08632827896909576,0.023162847824632182,0.027687296416938123,0.016437047478003713,pg_electroplast,2026-08-15
digest,2026-08-16,pg_electroplast,ems,0,3,0.0,0.0,600.0999755859375,614.0,0.023162847824632182,-0.027687296416938123,-0.027687296416938123,-0.05374592833876224,0.21334060875301092,0.28413427512226336,0.6,-0.6,0.02205878471122372,-0.02205878471122372,0.0,1.0,0.016437047478003713,-0.04486587475441241,-0.08632827896909576,0.023162847824632182,0.027687296416938123,0.016437047478003713,pg_electroplast,2026-08-16
digest,2026-08-17,pg_electroplast,ems,1,31,0.032258064516129,0.125,600.0999755859375,614.0,0.023162847824632182,-0.027687296416938123,-0.027687296416938123,-0.05374592833876224,0.21334060875301092,0.28413427512226336,0.6,0.4,0.02205878471122372,0.010199279804905276,0.0,0.0,0.016437047478003713,-0.04486587475441241,-0.08632827896909576,0.023162847824632182,0.027687296416938123,0.016437047478003713,pg_electroplast,2026-08-17
digest,2026-08-18,pg_electroplast,ems,1,59,0.0169491525423728,0.0909090909090909,609.0,597.0,-0.019704433497536922,0.008207746087206758,-0.004438901866101297,-0.04539359394629394,0.088541478113484,0.3132776196142604,0.7,0.30000000000000004,0.02528459116283662,-0.00833543862046382,0.0,0.0,-0.030321211769741396,-0.01762848427809608,-0.046480880335703224,0.019704433497536922,0.004438901866101297,0.030321211769741396,pg_electroplast,2026-08-18
digest,2026-07-07,sail,steel,1,52,0.0192307692307692,0.0588235294117647,168.47999572753906,165.66000366210938,-0.01673784506731646,-0.02197271102971121,0.0047687629401731435,-0.009597949431014663,0.2801474405000874,0.25919697106998807,0.2,0.8,0.00298507462686566,0.01624569460390354,0.0,0.0,-0.010062628078768676,-0.010391301327333664,-0.03395013079347526,0.01673784506731646,0.0047687629401731435,0.010062628078768676,sail,2026-07-07
digest,2026-07-08,sail,steel,4,82,0.048780487804878,0.2105263157894736,163.9499969482422,162.02000427246094,-0.01177183721687125,0.02394759610979058,0.016170812542268376,-0.00024693583426027566,0.2290381517209813,0.2615654069010034,0.3333333333333333,3.6666666666666665,0.005692690394182917,0.043087797410695086,1.0,0.0,-0.004179543258421499,-0.010340482444762551,-0.033255622815227155,0.01177183721687125,0.016170812542268376,0.004179543258421499,sail,2026-07-08
digest,2026-07-09,sail,steel,0,23,0.0,0.0,162.5,165.89999389648438,0.020923039362980678,0.012356860320543062,-0.013682875811847572,-0.03007830270017109,0.14067942640075815,0.30078126172228825,0.8571428571428571,-0.8571428571428571,0.011848090024282215,-0.011848090024282215,0.0,1.0,0.015356500194480744,-0.02909705837047437,-0.04975393881943825,0.020923039362980678,0.013682875811847572,0.015356500194480744,sail,2026-07-09
digest,2026-07-10,sail,steel,2,22,0.0909090909090909,0.2857142857142857,168.0800018310547,167.9499969482422,-0.0007734702605677324,-0.005596918478634638,-0.029234913672683827,-0.03870199534450203,0.048043834595841654,0.31018155827786575,0.75,1.25,0.010367078771246938,0.08054201213784395,0.0,0.0,-0.00941573754123115,-0.024595847173588727,-0.03039455754892611,0.0007734702605677324,0.029234913672683827,0.00941573754123115,sail,2026-07-10
digest,2026-07-12,sail,steel,0,2,0.0,0.0,166.1999969482422,167.00999450683594,0.004873631609307427,-0.003353078121146935,-0.02616606946243949,-0.026285848356630837,0.05414256643099704,0.2696508174322223,0.8888888888888888,-0.8888888888888888,0.019316191231007376,-0.019316191231007376,0.0,1.0,-0.0004937513033320528,-0.03278138826348472,-0.032950580041130606,0.004873631609307427,0.02616606946243949,0.0004937513033320528,sail,2026-07-12
digest,2026-07-13,sail,steel,1,33,0.0303030303030303,0.0833333333333333,166.1999969482422,167.00999450683594,0.004873631609307427,-0.003353078121146935,-0.02616606946243949,-0.026285848356630837,0.05414256643099704,0.2696508174322223,0.8,0.19999999999999996,0.01738457210790664,0.012918458195123661,0.0,0.0,-0.0004937513033320528,-0.03278138826348472,-0.032950580041130606,0.004873631609307427,0.02616606946243949,0.0004937513033320528,sail,2026-07-13
digest,2026-07-14,sail,steel,0,35,0.0,0.0,166.0800018310547,166.4499969482422,0.002227812578927235,-0.010874121909155487,-0.014298526089871255,-0.0036046311548634247,0.1154182817736475,0.26807038361589297,0.9,-0.9,0.020414875138209672,-0.020414875138209672,0.0,1.0,-0.004956564841162596,-0.023093561799246536,-0.0037310455168969264,0.002227812578927235,0.014298526089871255,0.004956564841162596,sail,2026-07-14
digest,2026-07-15,sail,steel,0,17,0.0,0.0,167.00999450683594,164.63999938964844,-0.014190738250042245,-0.0061345633538640865,-0.016156484888061873,0.03838682791331527,0.12401765027178728,0.2304343182727997,0.8,-0.8,0.01892233782477684,-0.01892233782477684,0.0,1.0,-0.00784208013472671,-0.02261072932398164,0.01423955472361024,0.014190738250042245,0.016156484888061873,0.00784208013472671,sail,2026-07-15
digest,2026-07-16,sail,steel,0,38,0.0,0.0,165.25,163.6300048828125,-0.009803298742435684,-0.003605766540814015,-0.016622875631221334,0.0331234981800983,0.1247562141054179,0.23117671583721497,0.8,-0.8,0.01892233782477684,-0.01892233782477684,0.0,1.0,-0.006189636633733477,-0.020865792455352646,0.006766411210735384,0.009803298742435684,0.016622875631221334,0.006189636633733477,sail,2026-07-16
digest,2026-07-17,sail,steel,2,45,0.0444444444444444,0.1333333333333333,163.6999969482422,163.0399932861328,-0.004031787870576786,-0.0024533483375602794,-0.009752185987276119,0.036739485646639425,0.13325900741126617,0.21938058003516306,0.8,1.2,0.01892233782477684,0.025522106619667556,0.0,0.0,-0.0016696253507494058,-0.006161892975006609,0.011383636888666188,0.004031787870576786,0.009752185987276119,0.0016696253507494058,sail,2026-07-17
digest,2026-07-18,sail,steel,0,9,0.0,0.0,162.89999389648438,162.63999938964844,-0.0015960375480501554,0.008792473806793044,-0.0001229972487457598,0.01451057931141242,0.1478527179782208,0.21952194318868096,1.0,-1.0,0.02336678226922128,-0.02336678226922128,0.0,1.0,-0.007166683048798813,-0.0003091130693195776,-0.011170987324351764,0.0015960375480501554,0.0001229972487457598,0.007166683048798813,sail,2026-07-18
digest,2026-07-19,sail,steel,0,2,0.0,0.0,162.89999389648438,162.63999938964844,-0.0015960375480501554,0.008792473806793044,-0.0001229972487457598,0.01451057931141242,0.1478527179782208,0.21952194318868096,0.9,-0.9,0.02144370534614436,-0.02144370534614436,0.0,1.0,-0.007166683048798813,-0.0003091130693195776,-0.011170987324351764,0.0015960375480501554,0.0001229972487457598,0.007166683048798813,sail,2026-07-19
digest,2026-07-20,sail,steel,0,12,0.0,0.0,162.89999389648438,162.63999938964844,-0.0015960375480501554,0.008792473806793044,-0.0001229972487457598,0.01451057931141242,0.1478527179782208,0.21952194318868096,0.5,-0.5,0.01656565656565656,-0.01656565656565656,0.0,1.0,-0.007166683048798813,-0.0003091130693195776,-0.011170987324351764,0.0015960375480501554,0.0001229972487457598,0.007166683048798813,sail,2026-07-20
digest,2026-07-21,sail,steel,0,16,0.0,0.0,163.0,164.07000732421875,0.00656446211177153,-0.01273853540183989,0.010849019929519699,0.057780187141734274,0.2007138990734925,0.20465503982661726,0.5,-0.5,0.01656565656565656,-0.01656565656565656,0.0,1.0,0.005034879651980462,0.019316807791434822,0.030712187779577387,0.00656446211177153,0.010849019929519699,0.005034879651980462,sail,2026-07-21
digest,2026-07-22,sail,steel,1,27,0.037037037037037,0.1111111111111111,164.35000610351562,161.97999572753906,-0.014420506771893993,-0.006605704986123673,0.05543901236689175,0.08346712328108996,0.23188110678553595,0.1820164708033954,0.3,0.7,0.00747474747474747,0.02956228956228953,0.0,0.0,-0.005305888927751063,0.03764606371239243,0.039182961844116834,0.014420506771893993,0.05543901236689175,0.005305888927751063,sail,2026-07-22
digest,2026-07-23,sail,steel,1,30,0.0333333333333333,0.0909090909090909,162.10000610351562,160.91000366210938,-0.007341162224548725,0.003355871442690006,0.05058727987317302,0.0983779844060888,0.25477813616898154,0.12545358938641352,0.4,0.6,0.011178451178451171,0.02215488215488213,0.0,0.0,-0.006913315563559659,0.028597822503191,0.060367941712335615,0.007341162224548725,0.05058727987317302,0.006913315563559659,sail,2026-07-23
digest,2026-07-24,sail,steel,0,11,0.0,0.0,160.25,161.4499969482422,0.007488280488250787,0.007246814438283344,0.046949532203984345,0.09371325592321256,0.26160615823947236,0.10014400750684299,0.4,-0.4,0.011481481481481471,-0.011481481481481471,0.0,1.0,0.009161772912247386,0.017818245695425085,0.047723395472702435,0.007488280488250787,0.046949532203984345,0.009161772912247386,sail,2026-07-24
digest,2026-07-25,sail,steel,3,21,0.1428571428571428,0.6,162.89999389648438,162.6199951171875,-0.0017188384885686858,0.019862323719789243,0.014635376671223055,0.060447682488066645,0.3539689745618647,0.11393293725350792,0.4,2.6,0.011481481481481471,0.1313756613756613,1.0,0.0,-0.006692855615095218,-0.010658578859090478,0.02218439402431977,0.0017188384885686858,0.014635376671223055,0.006692855615095218,sail,2026-07-25
digest,2026-07-26,sail,steel,1,12,0.0833333333333333,0.1666666666666666,162.89999389648438,162.6199951171875,-0.0017188384885686858,0.019862323719789243,0.014635376671223055,0.060447682488066645,0.3539689745618647,0.11393293725350792,0.7,0.30000000000000004,0.02576719576719575,0.05756613756613755,0.0,0.0,-0.006692855615095218,-0.010658578859090478,0.02218439402431977,0.0017188384885686858,0.014635376671223055,0.006692855615095218,sail,2026-07-26
digest,2026-07-27,sail,steel,1,40,0.025,0.0833333333333333,162.89999389648438,162.6199951171875,-0.0017188384885686858,0.019862323719789243,0.014635376671223055,0.060447682488066645,0.3539689745618647,0.11393293725350792,0.8,0.19999999999999996,0.03410052910052908,-0.009100529100529081,0.0,0.0,-0.006692855615095218,-0.010658578859090478,0.02218439402431977,0.0017188384885686858,0.014635376671223055,0.006692855615095218,sail,2026-07-27
digest,2026-07-28,sail,steel,0,13,0.0,0.0,162.6199951171875,165.85000610351562,0.019862323719789243,0.030810976317734662,0.04642747461484098,0.0431112067130206,0.4941872411776831,0.16009817483017724,0.7,-0.7,0.03215608465608464,-0.03215608465608464,0.0,1.0,0.022844015545726508,0.010865935470645231,0.015744682495677287,0.019862323719789243,0.04642747461484098,0.022844015545726508,sail,2026-07-28
digest,2026-07-29,sail,steel,5,28,0.1785714285714285,0.625,165.86000061035156,170.9600067138672,0.030748860995707172,-0.011172225006437442,0.026555879198877808,0.017781897325383156,0.4593138594125692,0.2115947880212079,0.7,4.3,0.03215608465608464,0.14641534391534386,1.0,0.0,0.016782711207533527,0.0005843675812278806,0.008766447496929055,0.030748860995707172,0.026555879198877808,0.016782711207533527,sail,2026-07-29
digest,2026-07-30,sail,steel,4,29,0.1379310344827586,0.5,170.6999969482422,169.0500030517578,-0.009666045260590561,-0.00011833346406275869,0.045489513768608436,-0.002188762906222941,0.4350025213616105,0.219612108268004,1.2,2.8,0.05001322751322749,0.08791780696953111,1.0,0.0,-0.00793809443776453,0.03009829095182072,-0.007947387732157862,0.009666045260590561,0.045489513768608436,0.00793809443776453,sail,2026-07-30
digest,2026-07-31,sail,steel,1,16,0.0625,0.25,169.66000366210938,169.02999877929688,-0.0037133376707170207,-0.023841914502755523,0.04466664560304401,0.002839707336008468,0.4361026956823535,0.21720421081731692,1.6,-0.6000000000000001,0.06380633096150334,-0.0013063309615033436,0.0,0.0,0.0025696019781394587,0.028093911541863945,-0.008405675214557262,0.0037133376707170207,0.04466664560304401,0.0025696019781394587,sail,2026-07-31
digest,2026-08-01,sail,steel,0,19,0.0,0.0,170.60000610351562,165.0,-0.032825356993936405,0.05181820031368378,0.04515149665601337,0.05212124911221583,0.4339549238739509,0.2570482581531251,1.7,-1.7,0.07005633096150335,-0.07005633096150335,0.0,1.0,-0.03367418522876802,0.03270975367056418,0.04123145890554901,0.032825356993936405,0.04515149665601337,0.03367418522876802,sail,2026-08-01
digest,2026-08-02,sail,steel,0,4,0.0,0.0,170.60000610351562,165.0,-0.032825356993936405,0.05181820031368378,0.04515149665601337,0.05212124911221583,0.4339549238739509,0.2570482581531251,1.6,-1.6,0.06635262725779964,-0.06635262725779964,0.0,1.0,-0.03367418522876802,0.03270975367056418,0.04123145890554901,0.032825356993936405,0.04515149665601337,0.03367418522876802,sail,2026-08-02
digest,2026-08-03,sail,steel,0,18,0.0,0.0,170.60000610351562,165.0,-0.032825356993936405,0.05181820031368378,0.04515149665601337,0.05212124911221583,0.4339549238739509,0.2570482581531251,1.5,-1.5,0.06301929392446633,-0.06301929392446633,0.0,1.0,-0.03367418522876802,0.03270975367056418,0.04123145890554901,0.032825356993936405,0.04515149665601337,0.03367418522876802,sail,2026-08-03
digest,2026-08-04,sail,steel,0,23,0.0,0.0,168.25,173.5500030517578,0.03150076108028421,0.011235937274288732,-0.003169133057253748,-0.01930282941289574,0.21483830690291636,0.36076666072054286,1.5,-1.5,0.06301929392446633,-0.06301929392446633,0.0,1.0,0.025836020933693495,0.004867898924614542,-0.015835165780932407,0.03150076108028421,0.003169133057253748,0.025836020933693495,sail,2026-08-04
digest,2026-08-05,sail,steel,0,23,0.0,0.0,174.9499969482422,175.5,0.0031437728571126478,0.007065558365607183,-0.008547008547008517,-0.015669515669515688,0.19886312149382532,0.34592590505577725,1.2,-1.2,0.048733579638752036,-0.048733579638752036,0.0,1.0,-0.0006345753109755175,0.008090657866800046,-0.005497810571083164,0.0031437728571126478,0.008547008547008517,0.0006345753109755175,sail,2026-08-05
digest,2026-08-06,sail,steel,1,41,0.024390243902439,0.125,176.2100067138672,176.74000549316406,0.0030077677719944074,-0.000905305291028502,-0.045603782770588186,-0.010410838177499437,0.2638358659774769,0.33614620176924315,1.1,-0.10000000000000009,0.040400246305418705,-0.016010002402979704,0.0,0.0,0.017092814559918006,-0.0361455295303178,-0.014915358198628405,0.0030077677719944074,0.045603782770588186,0.017092814559918006,sail,2026-08-06
digest,2026-08-07,sail,steel,0,18,0.0,0.0,176.60000610351562,176.5800018310547,-0.00011327447208131503,-0.023388859666928385,-0.04003855052047778,-0.01766901735663473,0.27819776019667375,0.33904001650646226,1.1,-1.1,0.04033927069566261,-0.04033927069566261,0.0,1.0,-9.18485840649051e-05,-0.03430404813369584,-0.0169120810065477,0.00011327447208131503,0.04003855052047778,9.18485840649051e-05,sail,2026-08-07
digest,2026-08-08,sail,steel,0,9,0.0,0.0,177.0,172.4499969482422,-0.0257062319308351,0.0031893479935687363,0.0066686528015340585,0.04175121528359971,0.31487108295712934,0.37676343279024177,1.1,-1.1,0.04033927069566261,-0.04033927069566261,0.0,1.0,-0.02946984262533303,0.00846395326630681,0.030330714025544485,0.0257062319308351,0.0066686528015340585,0.02946984262533303,sail,2026-08-08
digest,2026-08-09,sail,steel,0,12,0.0,0.0,177.0,172.4499969482422,-0.0257062319308351,0.0031893479935687363,0.0066686528015340585,0.04175121528359971,0.31487108295712934,0.37676343279024177,0.6,-0.6,0.022482127838519758,-0.022482127838519758,0.0,1.0,-0.02946984262533303,0.00846395326630681,0.030330714025544485,0.0257062319308351,0.0066686528015340585,0.02946984262533303,sail,2026-08-09
digest,2026-08-10,sail,steel,0,16,0.0,0.0,177.0,172.4499969482422,-0.0257062319308351,0.0031893479935687363,0.0066686528015340585,0.04175121528359971,0.31487108295712934,0.37676343279024177,0.2,-0.2,0.0086890243902439,-0.0086890243902439,0.0,1.0,-0.02946984262533303,0.00846395326630681,0.030330714025544485,0.0257062319308351,0.0066686528015340585,0.02946984262533303,sail,2026-08-10
digest,2026-08-11,sail,steel,2,77,0.0259740259740259,0.1333333333333333,171.5,173.0,0.008746355685131268,0.005780346820809301,-0.016184988738484507,0.06699419848491694,0.34699507620606995,0.368972212316701,0.1,1.9,0.0024390243902439003,0.023535001583782,0.0,0.0,0.020054594114267195,-0.02041587294315282,0.03917911155139347,0.008746355685131268,0.016184988738484507,0.020054594114267195,sail,2026-08-11
digest,2026-08-12,sail,steel,0,25,0.0,0.0,172.69000244140625,174.0,0.00758583322759665,-0.03057475473688942,-0.007183908045977017,0.12011490745105968,0.3673288220371044,0.33912480653707017,0.3,-0.3,0.005036426987646491,-0.005036426987646491,0.0,1.0,0.007112372749494944,-0.013441888054402606,0.0707732146617196,0.00758583322759665,0.007183908045977017,0.007112372749494944,sail,2026-08-12
digest,2026-08-13,sail,steel,0,45,0.0,0.0,173.6999969482422,168.67999267578125,-0.028900428098204034,0.004920570708406569,0.036874564209037786,0.14417837550517376,0.2629070039243467,0.3725156480188416,0.3,-0.3,0.005036426987646491,-0.005036426987646491,0.0,1.0,-0.027018324613522857,0.022836514568424837,0.0940138311362002,0.028900428098204034,0.036874564209037786,0.027018324613522857,sail,2026-08-13
digest,2026-08-14,sail,steel,2,41,0.048780487804878,0.25,167.99000549316406,169.50999450683594,0.00904809193386047,0.024128439202531826,0.023302532800636433,0.17987143225312585,0.28620598669193115,0.37331891982080057,0.3,1.7,0.005036426987646491,0.04374406081723151,0.0,0.0,0.0037952254370017258,0.01829415198268615,0.11257166158429181,0.00904809193386047,0.023302532800636433,0.0037952254370017258,sail,2026-08-14
digest,2026-08-15,sail,steel,0,5,0.0,0.0,168.61000061035156,173.60000610351562,0.029594955667521017,-0.0195853055053814,0.03485015887246701,0.12327184990836826,0.3418586472605598,0.3631598932388974,0.5,-0.5,0.00991447576813429,-0.00991447576813429,0.0,1.0,0.019890561400530818,0.02150395557100028,0.07660740986216973,0.029594955667521017,0.03485015887246701,0.019890561400530818,sail,2026-08-15
digest,2026-08-16,sail,steel,0,3,0.0,0.0,168.61000061035156,173.60000610351562,0.029594955667521017,-0.0195853055053814,0.03485015887246701,0.12327184990836826,0.3418586472605598,0.3631598932388974,0.5,-0.5,0.00991447576813429,-0.00991447576813429,0.0,1.0,0.019890561400530818,0.02150395557100028,0.07660740986216973,0.029594955667521017,0.03485015887246701,0.019890561400530818,sail,2026-08-16
digest,2026-08-17,sail,steel,0,31,0.0,0.0,168.61000061035156,173.60000610351562,0.029594955667521017,-0.0195853055053814,0.03485015887246701,0.12327184990836826,0.3418586472605598,0.3631598932388974,0.4,-0.4,0.007475451377890389,-0.007475451377890389,0.0,1.0,0.019890561400530818,0.02150395557100028,0.07660740986216973,0.029594955667521017,0.03485015887246701,0.019890561400530818,sail,2026-08-17
digest,2026-08-18,sail,steel,0,59,0.0,0.0,173.5,170.1999969482422,-0.019020190500044998,0.014982391877088386,0.08454758899921977,0.13396006733590782,0.2655722973061267,0.27288562800973937,0.4,-0.4,0.007475451377890389,-0.007475451377890389,0.0,1.0,-0.011829678696435395,0.06075487577058869,0.08221013698406993,0.019020190500044998,0.08454758899921977,0.011829678696435395,sail,2026-08-18
digest,2026-07-07,shree,cement,3,52,0.0576923076923076,0.1428571428571428,26660.0,26710.0,0.0018754688672169006,-0.02995132909022835,-0.016098839385997765,0.020029951329090245,0.2861141050020913,0.30297622025753007,0.8,2.2,0.024425166792764262,0.033267140899543336,1.0,0.0,0.0060821257460792755,-0.0015046046836834082,-0.007904450174999855,0.0018754688672169006,0.016098839385997765,0.0060821257460792755,shree,2026-07-07
digest,2026-07-08,shree,cement,3,82,0.0365853658536585,0.1875,26635.0,25910.0,-0.02721982354045427,0.0148591277499035,0.03917406406792745,0.031262060980316475,0.21732226058306822,0.2853289370547198,1.1666666666666667,1.8333333333333333,0.029969690276021487,0.0066156755776370126,1.0,0.0,-0.0012081742269655638,-0.004592482753633442,-0.01541488177342798,0.02721982354045427,0.03917406406792745,0.0012081742269655638,shree,2026-07-08
digest,2026-07-09,shree,cement,0,23,0.0,0.0,25910.0,26295.0,0.0148591277499035,0.012169613995056006,0.02681118083285794,0.020155923179311586,0.20933394060128627,0.28557026848207073,1.4285714285714286,-1.4285714285714286,0.030914786787112486,-0.030914786787112486,0.0,1.0,0.0022799055531277923,-0.0010592869406438887,-0.006655612352182205,0.0148591277499035,0.02681118083285794,0.0022799055531277923,shree,2026-07-09
digest,2026-07-10,shree,cement,0,22,0.0,0.0,26460.0,26615.0,0.0058578987150414985,-0.007326695472477884,-0.0037572797294758153,0.00469659966184488,0.2525543140234091,0.28933407450839127,1.25,-1.25,0.027050438438723425,-0.027050438438723425,0.0,1.0,-0.007264848129207191,-0.009469492194875972,0.003712720824608412,0.0058578987150414985,0.0037572797294758153,0.007264848129207191,shree,2026-07-10
digest,2026-07-12,shree,cement,0,2,0.0,0.0,26530.0,26420.0,-0.004146249528835244,-0.005299015897047732,0.01627554882664639,0.01665404996214992,0.25899353836007655,0.25835200853869117,1.1111111111111112,-1.1111111111111112,0.024044834167754155,-0.024044834167754155,0.0,1.0,-0.001884613556934367,-0.011139777983660781,-0.0033872768251844987,0.004146249528835244,0.01627554882664639,0.001884613556934367,shree,2026-07-12
digest,2026-07-13,shree,cement,0,33,0.0,0.0,26530.0,26420.0,-0.004146249528835244,-0.005299015897047732,0.01627554882664639,0.01665404996214992,0.25899353836007655,0.25835200853869117,1.0,-1.0,0.02164035075097874,-0.02164035075097874,0.0,1.0,-0.001884613556934367,-0.011139777983660781,-0.0033872768251844987,0.004146249528835244,0.01627554882664639,0.001884613556934367,shree,2026-07-13
digest,2026-07-14,shree,cement,1,35,0.0285714285714285,0.1,26290.0,26280.0,-0.00038037276530999975,0.024543378995433685,0.036719939117199285,0.022640791476407962,0.2558834091794663,0.2636034434185976,1.0,0.0,0.02164035075097874,0.006931077820449761,0.0,0.0,-0.002010349025824476,-0.006437597662269923,0.002162972284688869,0.00038037276530999975,0.036719939117199285,0.002010349025824476,shree,2026-07-14
digest,2026-07-15,shree,cement,0,17,0.0,0.0,26285.0,26925.0,0.024348487730644797,0.0027855153203342198,-0.007613741875580282,-0.00371402042711233,0.2593563284436942,0.25901427493195095,1.0,-1.0,0.02300495629468876,-0.02300495629468876,0.0,1.0,0.0010806214641005396,-0.010280504045228428,-0.006517993687928325,0.024348487730644797,0.007613741875580282,0.0010806214641005396,shree,2026-07-15
digest,2026-07-16,shree,cement,1,38,0.0263157894736842,0.125,27050.0,27000.0,-0.001848428835489857,-0.01796296296296296,-0.0064814814814815325,-0.020185185185185195,0.2606491592098669,0.2554866921003041,0.9,0.09999999999999998,0.01675495629468876,0.009560833178995438,0.0,0.0,0.004386630817736298,-0.0053090564264342,-0.012168070945080545,0.001848428835489857,0.0064814814814815325,0.004386630817736298,shree,2026-07-16
digest,2026-07-17,shree,cement,0,45,0.0,0.0,26995.0,26515.0,-0.01778107056862377,0.012634357910616734,0.008485762775787276,-0.017348670563831825,0.2184161631036612,0.25422601830976166,0.9,-0.9,0.01652939238491433,-0.01652939238491433,0.0,1.0,-0.015030231076871625,0.013138913124359192,-0.009949388546546173,0.01778107056862377,0.008485762775787276,0.015030231076871625,shree,2026-07-17
digest,2026-07-18,shree,cement,0,9,0.0,0.0,26515.0,26850.0,0.012634357910616734,0.014711359404096847,0.0003724394785846741,0.005586592178770999,0.19973948158909494,0.2613943326107461,0.8,-0.8,0.014916489159107881,-0.014916489159107881,0.0,1.0,0.003534787200655476,0.007534799554990312,-0.002089004545995643,0.012634357910616734,0.0003724394785846741,0.003534787200655476,shree,2026-07-18
digest,2026-07-19,shree,cement,0,2,0.0,0.0,26515.0,26850.0,0.012634357910616734,0.014711359404096847,0.0003724394785846741,0.005586592178770999,0.19973948158909494,0.2613943326107461,0.5,-0.5,0.009147258389877119,-0.009147258389877119,0.0,1.0,0.003534787200655476,0.007534799554990312,-0.002089004545995643,0.012634357910616734,0.0003724394785846741,0.003534787200655476,shree,2026-07-19
digest,2026-07-20,shree,cement,0,12,0.0,0.0,26515.0,26850.0,0.012634357910616734,0.014711359404096847,0.0003724394785846741,0.005586592178770999,0.19973948158909494,0.2613943326107461,0.2,-0.2,0.00548872180451127,-0.00548872180451127,0.0,1.0,0.003534787200655476,0.007534799554990312,-0.002089004545995643,0.012634357910616734,0.0003724394785846741,0.003534787200655476,shree,2026-07-20
digest,2026-07-21,shree,cement,0,16,0.0,0.0,26790.0,27245.0,0.016983949234789186,-0.01926959075059642,-0.013580473481372701,-0.012662873921820528,0.15492958626213424,0.27042644792334714,0.2,-0.2,0.00548872180451127,-0.00548872180451127,0.0,1.0,0.010362441486514329,0.008196140819922315,-0.0008768601864103387,0.016983949234789186,0.013580473481372701,0.010362441486514329,shree,2026-07-21
digest,2026-07-22,shree,cement,0,27,0.0,0.0,27245.0,26720.0,-0.01926959075059642,0.003929640718562943,0.003929640718562943,0.006736526946107713,0.05399654848259926,0.23837705796566364,0.2,-0.2,0.00548872180451127,-0.00548872180451127,0.0,1.0,-0.004159914233876516,0.0036537809989934944,-0.005931105436187828,0.01926959075059642,0.003929640718562943,0.004159914233876516,shree,2026-07-22
digest,2026-07-23,shree,cement,1,30,0.0333333333333333,0.25,26605.0,26825.0,0.008269122345423874,-0.0031686859273065693,-0.01379310344827589,-0.021621621621621623,0.10832130812500607,0.22953951574821535,0.2,0.8,0.00548872180451127,0.027844611528822026,0.0,0.0,0.008105788505413491,-0.0071953853816837665,-0.023025677535933237,0.008269122345423874,0.01379310344827589,0.008105788505413491,shree,2026-07-23
digest,2026-07-24,shree,cement,0,11,0.0,0.0,26575.0,26740.0,0.006208842897460043,0.004487658937920802,-0.025617053103964116,-0.02729992520568436,0.13983906649793656,0.22351853652548276,0.3,-0.3,0.0088220551378446,-0.0088220551378446,0.0,1.0,0.005492319697868037,-0.023028848750400538,-0.0334367745714029,0.006208842897460043,0.025617053103964116,0.005492319697868037,shree,2026-07-24
digest,2026-07-25,shree,cement,0,21,0.0,0.0,26960.0,26860.0,-0.0037091988130564246,0.0005584512285927712,0.005212211466865124,-0.028294862248696928,0.33021059926586,0.21968513810788506,0.2,-0.2,0.00596491228070175,-0.00596491228070175,0.0,1.0,-0.017267860456041256,-0.009778996370616355,-0.026998891094328903,0.0037091988130564246,0.005212211466865124,0.017267860456041256,shree,2026-07-25
digest,2026-07-26,shree,cement,0,12,0.0,0.0,26960.0,26860.0,-0.0037091988130564246,0.0005584512285927712,0.005212211466865124,-0.028294862248696928,0.33021059926586,0.21968513810788506,0.2,-0.2,0.005964912280701749,-0.005964912280701749,0.0,1.0,-0.017267860456041256,-0.009778996370616355,-0.026998891094328903,0.0037091988130564246,0.005212211466865124,0.017267860456041256,shree,2026-07-26
digest,2026-07-27,shree,cement,0,40,0.0,0.0,26960.0,26860.0,-0.0037091988130564246,0.0005584512285927712,0.005212211466865124,-0.028294862248696928,0.33021059926586,0.21968513810788506,0.1,-0.1,0.0033333333333333296,-0.0033333333333333296,0.0,1.0,-0.017267860456041256,-0.009778996370616355,-0.026998891094328903,0.0037091988130564246,0.005212211466865124,0.017267860456041256,shree,2026-07-27
digest,2026-07-28,shree,cement,0,13,0.0,0.0,26755.0,26875.0,0.004485142963931876,-0.0018604651162790198,0.0009302325581395099,-0.05079069767441857,0.3321219178308419,0.21637356259144683,0.1,-0.1,0.0033333333333333296,-0.0033333333333333296,0.0,1.0,0.006312863574556127,-0.009346627412920805,-0.03660709006966131,0.004485142963931876,0.0009302325581395099,0.006312863574556127,shree,2026-07-28
digest,2026-07-29,shree,cement,0,28,0.0,0.0,26800.0,26825.0,0.000932835820895539,-0.01379310344827589,0.002795899347623587,-0.04678471575023302,0.3316010696683528,0.1775766359240755,0.1,-0.1,0.0033333333333333296,-0.0033333333333333296,0.0,1.0,-0.005943151215114989,-0.009545379229280115,-0.027169595049677114,0.000932835820895539,0.002795899347623587,0.005943151215114989,shree,2026-07-29
digest,2026-07-30,shree,cement,0,29,0.0,0.0,26705.0,26455.0,-0.009361542782250543,-0.015120015120015151,-0.007938007938007918,-0.04573804573804574,0.3672785228098305,0.1886285550735828,0.1,-0.1,0.0033333333333333296,-0.0033333333333333296,0.0,1.0,-0.0025524367153224037,-0.01603238659159431,-0.02843592183983265,0.009361542782250543,0.007938007938007918,0.0025524367153224037,shree,2026-07-30
digest,2026-07-31,shree,cement,0,16,0.0,0.0,26500.0,26055.0,-0.01679245283018871,0.03626943005181338,-0.0017271157167529916,-0.04835924006908465,0.35515562829189506,0.18231504854278918,0.1,-0.1,0.0033333333333333296,-0.0033333333333333296,0.0,1.0,-0.009676992094253434,-0.01042701605427579,-0.027677518833729486,0.01679245283018871,0.0017271157167529916,0.009676992094253434,shree,2026-07-31
digest,2026-08-01,shree,cement,3,19,0.1578947368421052,0.5,26150.0,27000.0,0.03250478011472269,-0.0037037037037036535,-0.033333333333333326,-0.09129629629629632,0.1727480711339153,0.2574370787136639,0.1,2.9,0.0033333333333333296,0.15456140350877187,1.0,0.0,0.01011194237114138,-0.01731809970921258,-0.04446682278615258,0.03250478011472269,0.033333333333333326,0.01011194237114138,shree,2026-08-01
digest,2026-08-02,shree,cement,1,4,0.25,1.0,26150.0,27000.0,0.03250478011472269,-0.0037037037037036535,-0.033333333333333326,-0.09129629629629632,0.1727480711339153,0.2574370787136639,0.4,0.6,0.01912280701754385,0.23087719298245615,0.0,0.0,0.01011194237114138,-0.01731809970921258,-0.04446682278615258,0.03250478011472269,0.033333333333333326,0.01011194237114138,shree,2026-08-02
digest,2026-08-03,shree,cement,2,18,0.1111111111111111,1.0,26150.0,27000.0,0.03250478011472269,-0.0037037037037036535,-0.033333333333333326,-0.09129629629629632,0.1727480711339153,0.2574370787136639,0.4,1.6,0.04078947368421052,0.07032163742690059,0.0,0.0,0.01011194237114138,-0.01731809970921258,-0.04446682278615258,0.03250478011472269,0.033333333333333326,0.01011194237114138,shree,2026-08-03
digest,2026-08-04,shree,cement,2,23,0.0869565217391304,1.0,27000.0,26900.0,-0.0037037037037036535,0.0,-0.05167286245353164,-0.08085501858736055,0.2017177171831649,0.24565032594608366,0.6,1.4,0.05190058479532163,0.03505593694380878,0.0,0.0,0.0015522944518793769,-0.027421171711946274,-0.03703255066198399,0.0037037037037036535,0.05167286245353164,0.0015522944518793769,shree,2026-08-04
digest,2026-08-05,shree,cement,1,23,0.0434782608695652,0.125,27010.0,26900.0,-0.004072565716401355,-0.02434944237918213,-0.049442379182156104,-0.0951672862453532,0.20994649144840086,0.22397960340731732,0.8,0.19999999999999996,0.060596236969234676,-0.017117976099669474,0.0,0.0,-0.008125199549623846,-0.017915402528689922,-0.04015044764520931,0.004072565716401355,0.049442379182156104,0.008125199549623846,shree,2026-08-05
digest,2026-08-06,shree,cement,1,41,0.024390243902439,0.125,26915.0,26245.0,-0.02489318224038639,-0.00895408649266527,-0.03810249571346924,-0.0741093541626977,0.172886024793994,0.2555382715473459,0.9,0.09999999999999998,0.06494406305619119,-0.04055381915375218,0.0,0.0,-0.008463147442399649,-0.012803106910728307,-0.040844716489750965,0.02489318224038639,0.03810249571346924,0.008463147442399649,shree,2026-08-06
digest,2026-08-07,shree,cement,1,18,0.0555555555555555,0.1428571428571428,26355.0,26010.0,-0.013090495162208282,0.0034602076124568004,-0.04671280276816614,-0.06651287966166863,0.18779587667427788,0.2578757080987938,1.0,0.0,0.06738308744643509,-0.011827531890879595,0.0,0.0,-0.008518273766383033,-0.01749018901060087,-0.03479880037151872,0.013090495162208282,0.04671280276816614,0.008518273766383033,shree,2026-08-07
digest,2026-08-08,shree,cement,0,9,0.0,0.0,26180.0,26100.0,-0.0030557677616500634,-0.022605363984674276,-0.05996168582375483,-0.07969348659003828,0.1495198390250414,0.257130320493135,1.1,-1.1,0.07293864300199064,-0.07293864300199064,0.0,1.0,-0.0017287517109633443,-0.028369863134485723,-0.03694075192947874,0.0030557677616500634,0.05996168582375483,0.0017287517109633443,shree,2026-08-08
digest,2026-08-09,shree,cement,0,12,0.0,0.0,26180.0,26100.0,-0.0030557677616500634,-0.022605363984674276,-0.05996168582375483,-0.07969348659003828,0.1495198390250414,0.257130320493135,1.1,-1.1,0.07293864300199064,-0.07293864300199064,0.0,1.0,-0.0017287517109633443,-0.028369863134485723,-0.03694075192947874,0.0030557677616500634,0.05996168582375483,0.0017287517109633443,shree,2026-08-09
digest,2026-08-10,shree,cement,0,16,0.0,0.0,26180.0,26100.0,-0.0030557677616500634,-0.022605363984674276,-0.05996168582375483,-0.07969348659003828,0.1495198390250414,0.257130320493135,1.1,-1.1,0.07293864300199064,-0.07293864300199064,0.0,1.0,-0.0017287517109633443,-0.028369863134485723,-0.03694075192947874,0.0030557677616500634,0.05996168582375483,0.0017287517109633443,shree,2026-08-10
digest,2026-08-11,shree,cement,3,77,0.0389610389610389,0.1363636363636363,26135.0,25510.0,-0.02391429118040944,0.0023520188161505473,-0.030772246177969476,-0.041944335554684464,0.17087646595504338,0.27449349753518243,1.1,1.9,0.07293864300199064,-0.033977604040951744,1.0,0.0,-0.004724441387656042,-0.010480353816867655,-0.01835812827427588,0.02391429118040944,0.030772246177969476,0.004724441387656042,shree,2026-08-11
digest,2026-08-12,shree,cement,1,25,0.04,0.1666666666666666,25470.0,25570.0,0.0039261876717706645,-0.012710207274149399,-0.04810324599139615,-0.027571372702385633,0.1615854076499068,0.27667662703933715,1.1,-0.10000000000000009,0.06104527321388401,-0.02104527321388401,0.0,0.0,0.0033526460853004203,-0.023350832431174362,-0.023635791423653546,0.0039261876717706645,0.04810324599139615,0.0033526460853004203,shree,2026-08-12
digest,2026-08-13,shree,cement,1,45,0.0222222222222222,0.1,25570.0,25245.0,-0.012710207274149399,-0.017825311942959,-0.03743315508021394,-0.030303030303030276,0.16787593573436999,0.2757257878174449,1.1,-0.10000000000000009,0.040045273213884014,-0.017823050991661815,0.0,0.0,-0.004057426960954874,-0.028773225623869553,-0.02365365007392209,0.012710207274149399,0.03743315508021394,0.004057426960954874,shree,2026-08-13
digest,2026-08-14,shree,cement,0,41,0.0,0.0,25260.0,24795.0,-0.018408551068883616,-0.01048598507763665,-0.020770316596087968,-0.03206291591046584,0.1440584635794671,0.27894903565692036,1.0,-1.0,0.031156384324995123,-0.031156384324995123,0.0,1.0,-0.011509748993651647,-0.017884460229676963,-0.020586101483819036,0.018408551068883616,0.020770316596087968,0.011509748993651647,shree,2026-08-14
digest,2026-08-15,shree,cement,0,5,0.0,0.0,24790.0,24535.0,-0.01028640580879392,0.0077440391277765475,-0.020990421846341922,-0.05441206439779911,0.1446814809657563,0.15922272524442843,0.8,-0.8,0.02246073215108208,-0.02246073215108208,0.0,1.0,-0.006524596126379373,-0.009261481617933526,-0.029030262854089356,0.01028640580879392,0.020990421846341922,0.006524596126379373,shree,2026-08-15
digest,2026-08-16,shree,cement,0,3,0.0,0.0,24790.0,24535.0,-0.01028640580879392,0.0077440391277765475,-0.020990421846341922,-0.05441206439779911,0.1446814809657563,0.15922272524442843,0.7,-0.7,0.01811290606412556,-0.01811290606412556,0.0,1.0,-0.006524596126379373,-0.009261481617933526,-0.029030262854089356,0.01028640580879392,0.020990421846341922,0.006524596126379373,shree,2026-08-16
digest,2026-08-17,shree,cement,0,31,0.0,0.0,24790.0,24535.0,-0.01028640580879392,0.0077440391277765475,-0.020990421846341922,-0.05441206439779911,0.1446814809657563,0.15922272524442843,0.6,-0.6,0.01567388167388166,-0.01567388167388166,0.0,1.0,-0.006524596126379373,-0.009261481617933526,-0.029030262854089356,0.01028640580879392,0.020990421846341922,0.006524596126379373,shree,2026-08-17
digest,2026-08-18,shree,cement,1,59,0.0169491525423728,0.0833333333333333,24625.0,24725.0,0.004060913705583813,-0.015571284125379226,-0.011526794742163782,-0.04994944388270983,0.20093836479966454,0.17988549180130467,0.5,0.5,0.01011832611832611,0.006830826424046692,0.0,0.0,0.008486066957657384,-0.00817813292055744,-0.02497585223473009,0.004060913705583813,0.011526794742163782,0.008486066957657384,shree,2026-08-18
digest,2026-07-07,shyam_metalics,steel,1,52,0.0192307692307692,0.0588235294117647,960.0,961.5999755859375,0.0016666412353516513,-0.034577787899526036,0.07731902815475156,0.10508532798844095,0.5264067491532985,0.11139576343077165,0.2,0.8,0.00298507462686566,0.01624569460390354,0.0,0.0,0.008341858223899434,0.06215896388724475,0.08073314662598036,0.0016666412353516513,0.07731902815475156,0.008341858223899434,shyam_metalics,2026-07-07
digest,2026-07-08,shyam_metalics,steel,0,82,0.0,0.0,957.0,928.3499755859375,-0.029937329586272154,0.02159751101999019,0.11353479526677224,0.10965697366865634,0.35445602877678817,0.19634070658498054,0.3333333333333333,-0.3333333333333333,0.005692690394182917,-0.005692690394182917,0.0,1.0,-0.022345035627822404,0.08702350027974132,0.07664828668768947,0.029937329586272154,0.11353479526677224,0.022345035627822404,shyam_metalics,2026-07-08
digest,2026-07-09,shyam_metalics,steel,0,23,0.0,0.0,931.3499755859375,948.4000244140625,0.01830681191288841,0.02815262598540169,0.09711089541866946,0.09632008987175533,0.37110938623240536,0.22909533841137725,0.2857142857142857,-0.2857142857142857,0.004879448909299643,-0.004879448909299643,0.0,1.0,0.012740272744388477,0.08169671286004267,0.07664445375248817,0.01830681191288841,0.09711089541866946,0.012740272744388477,shyam_metalics,2026-07-09
digest,2026-07-10,shyam_metalics,steel,0,22,0.0,0.0,960.0,975.0999755859375,0.015729141235351518,0.055635320847384095,0.048610425188022166,0.053686777660393536,0.43471201354767075,0.2680797608640653,0.25,-0.25,0.004269517795637188,-0.004269517795637188,0.0,1.0,0.0070868739546881,0.05324949168711727,0.061994215455969455,0.015729141235351518,0.048610425188022166,0.0070868739546881,shyam_metalics,2026-07-10
digest,2026-07-12,shyam_metalics,steel,0,2,0.0,0.0,974.9500122070312,1029.3499755859375,0.055797694956440935,0.006411789714358962,0.024918662284381776,0.0055860495811708155,0.2828325636282999,0.3766008465937331,0.2222222222222222,-0.2222222222222222,0.0037951269294552777,-0.0037951269294552777,0.0,1.0,0.050430312043801453,0.01830334348333654,-0.001078682103328954,0.055797694956440935,0.024918662284381776,0.050430312043801453,shyam_metalics,2026-07-12
digest,2026-07-13,shyam_metalics,steel,0,33,0.0,0.0,974.9500122070312,1029.3499755859375,0.055797694956440935,0.006411789714358962,0.024918662284381776,0.0055860495811708155,0.2828325636282999,0.3766008465937331,0.2,-0.2,0.00341561423650975,-0.00341561423650975,0.0,1.0,0.050430312043801453,0.01830334348333654,-0.001078682103328954,0.055797694956440935,0.024918662284381776,0.050430312043801453,shyam_metalics,2026-07-13
digest,2026-07-14,shyam_metalics,steel,0,35,0.0,0.0,1038.050048828125,1035.949951171875,-0.0020231179205866257,-0.002123607582959375,0.025773516579622457,-0.008639366372623303,0.2831478008936185,0.3725118273809516,0.2,-0.2,0.00341561423650975,-0.00341561423650975,0.0,1.0,-0.009207495340676457,0.016978480870247177,-0.008765780734656805,0.0020231179205866257,0.025773516579622457,0.009207495340676457,shyam_metalics,2026-07-14
digest,2026-07-15,shyam_metalics,steel,1,17,0.0588235294117647,0.25,1035.949951171875,1033.75,-0.002123607582959375,0.0065296251511486325,-0.003482443130290225,-0.00014512639812580552,0.3838761785691663,0.3766486611213379,0.1,0.9,0.0019230769230769201,0.056900452488687775,0.0,0.0,0.004225050532356159,-0.009936687566209992,-0.024292399587830835,0.002123607582959375,0.003482443130290225,0.004225050532356159,shyam_metalics,2026-07-15
digest,2026-07-16,shyam_metalics,steel,0,38,0.0,0.0,1030.0,1040.5,0.010194174757281571,-0.017299375300336428,-0.0007208073041806706,-0.017491602313340904,0.3875704999832079,0.3765463742257439,0.2,-0.2,0.007805429864253389,-0.007805429864253389,0.0,1.0,0.013807836865983778,-0.004963724128311983,-0.043848689282703815,0.010194174757281571,0.0007208073041806706,0.013807836865983778,shyam_metalics,2026-07-16
digest,2026-07-17,shyam_metalics,steel,3,45,0.0666666666666666,0.2,1044.0,1022.5,-0.020593869731800774,0.0317848410757946,0.004841028040953654,0.008606404721882566,0.37380679455030263,0.390811958807339,0.2,2.8,0.007805429864253391,0.0588612368024132,1.0,0.0,-0.018231707211973393,0.008431321053223164,-0.01674944403609067,0.020593869731800774,0.004841028040953654,0.018231707211973393,shyam_metalics,2026-07-17
digest,2026-07-18,shyam_metalics,steel,0,9,0.0,0.0,1030.0,1055.0,0.024271844660194164,0.007251207975414786,-0.01886258238299765,-0.028341255368779628,0.2752391569746376,0.40889488009259833,0.5,-0.5,0.014472096530920051,-0.014472096530920051,0.0,1.0,0.018701199159445507,-0.019048698203571468,-0.05402282200454381,0.024271844660194164,0.01886258238299765,0.018701199159445507,shyam_metalics,2026-07-18
digest,2026-07-19,shyam_metalics,steel,0,2,0.0,0.0,1030.0,1055.0,0.024271844660194164,0.007251207975414786,-0.01886258238299765,-0.028341255368779628,0.2752391569746376,0.40889488009259833,0.4,-0.4,0.012549019607843132,-0.012549019607843132,0.0,1.0,0.018701199159445507,-0.019048698203571468,-0.05402282200454381,0.024271844660194164,0.01886258238299765,0.018701199159445507,shyam_metalics,2026-07-19
digest,2026-07-20,shyam_metalics,steel,0,12,0.0,0.0,1030.0,1055.0,0.024271844660194164,0.007251207975414786,-0.01886258238299765,-0.028341255368779628,0.2752391569746376,0.40889488009259833,0.4,-0.4,0.012549019607843132,-0.012549019607843132,0.0,1.0,0.018701199159445507,-0.019048698203571468,-0.05402282200454381,0.024271844660194164,0.01886258238299765,0.018701199159445507,shyam_metalics,2026-07-20
digest,2026-07-21,shyam_metalics,steel,1,16,0.0625,0.125,1069.0,1062.6500244140625,-0.0059401081252923316,-0.030583916861922855,-0.03354822716323713,-0.040323752539996316,0.2577751299991117,0.4075468132206011,0.4,0.6,0.012549019607843132,0.04995098039215687,0.0,0.0,-0.0074696905850833994,-0.02508043930132201,-0.0673917519021532,0.0059401081252923316,0.03354822716323713,0.0074696905850833994,shyam_metalics,2026-07-21
digest,2026-07-22,shyam_metalics,steel,3,27,0.1111111111111111,0.3333333333333333,1063.0,1030.1500244140625,-0.03090308145431564,0.009319007288669301,0.0033489793623382447,-0.0005339502160744969,0.15518502076060461,0.39553893501355397,0.5,2.5,0.01879901960784313,0.09231209150326797,1.0,0.0,-0.021788463610172712,-0.014443969292161074,-0.044818111653047624,0.03090308145431564,0.0033489793623382447,0.021788463610172712,shyam_metalics,2026-07-22
digest,2026-07-23,shyam_metalics,steel,3,30,0.1,0.2727272727272727,1030.1500244140625,1039.75,0.009319007288669301,-0.011829813732267325,-0.01678289224047247,-0.023322914162058228,0.15092413475734476,0.39087291472353797,0.8,2.2,0.029910130718954243,0.07008986928104577,1.0,0.0,0.009746853949658367,-0.03877234961045449,-0.061332956855811416,0.009319007288669301,0.01678289224047247,0.009746853949658367,shyam_metalics,2026-07-23
digest,2026-07-24,shyam_metalics,steel,1,11,0.0909090909090909,0.5,1025.449951171875,1027.449951171875,0.0019503633480253413,0.007445641907264822,0.0037472362053827535,-0.020000902948483223,0.14890151286720504,0.3889987898626586,1.1,-0.10000000000000009,0.03991013071895424,0.05099896019013666,0.0,0.0,0.00362385577202194,-0.025384050303176506,-0.06599076339899335,0.0019503633480253413,0.0037472362053827535,0.00362385577202194,shyam_metalics,2026-07-24
digest,2026-07-25,shyam_metalics,steel,0,21,0.0,0.0,1026.0999755859375,1035.0999755859375,0.008771075152653296,-0.007825307484286559,-0.009660902556141271,-0.030914888179652267,0.14143140222313624,0.27307510636716,1.2,-1.2,0.04900103980986333,-0.04900103980986333,0.0,1.0,0.003797058026126764,-0.03495485808645481,-0.06917817664339915,0.008771075152653296,0.009660902556141271,0.003797058026126764,shyam_metalics,2026-07-25
digest,2026-07-26,shyam_metalics,steel,0,12,0.0,0.0,1026.0999755859375,1035.0999755859375,0.008771075152653296,-0.007825307484286559,-0.009660902556141271,-0.030914888179652267,0.14143140222313624,0.27307510636716,1.1,-1.1,0.04311868686868686,-0.04311868686868686,0.0,1.0,0.003797058026126764,-0.03495485808645481,-0.06917817664339915,0.008771075152653296,0.009660902556141271,0.003797058026126764,shyam_metalics,2026-07-26
digest,2026-07-27,shyam_metalics,steel,0,40,0.0,0.0,1026.0999755859375,1035.0999755859375,0.008771075152653296,-0.007825307484286559,-0.009660902556141271,-0.030914888179652267,0.14143140222313624,0.27307510636716,1.1,-1.1,0.04311868686868686,-0.04311868686868686,0.0,1.0,0.003797058026126764,-0.03495485808645481,-0.06917817664339915,0.008771075152653296,0.009660902556141271,0.003797058026126764,shyam_metalics,2026-07-27
digest,2026-07-28,shyam_metalics,steel,0,13,0.0,0.0,1044.9000244140625,1027.0,-0.01713084888106886,0.006426461135284889,-0.007010722694285487,-0.041090566900712,0.13556743272101449,0.27407390015838823,0.8,-0.8,0.0364520202020202,-0.0364520202020202,0.0,1.0,-0.014149157055131596,-0.042572261838481236,-0.06845709111805531,0.01713084888106886,0.007010722694285487,0.014149157055131596,shyam_metalics,2026-07-28
digest,2026-07-29,shyam_metalics,steel,0,28,0.0,0.0,1035.5,1033.5999755859375,-0.0018348859623974478,-0.010932650986725245,-0.0038699691316579354,-0.045472137296981074,0.1483883199451176,0.2762118179552071,0.8,-0.8,0.0364520202020202,-0.0364520202020202,0.0,1.0,-0.015801035750571093,-0.029841480749307862,-0.05448758712543517,0.0018348859623974478,0.0038699691316579354,0.015801035750571093,shyam_metalics,2026-07-29
digest,2026-07-30,shyam_metalics,steel,0,29,0.0,0.0,1033.0,1022.2999877929688,-0.010358191875151301,0.008803737789908839,-0.006651655946557478,-0.04264890551360068,0.1610918831681428,0.27876717203308327,0.8,-0.8,0.0364520202020202,-0.0364520202020202,0.0,1.0,-0.00863024105232527,-0.022042878763345194,-0.0484075303395356,0.010358191875151301,0.006651655946557478,0.00863024105232527,shyam_metalics,2026-07-30
digest,2026-07-31,shyam_metalics,steel,0,16,0.0,0.0,1020.0,1031.300048828125,0.011078479243259887,-0.006011900464111042,-0.023659481488232714,-0.03073797318075233,0.13789030001289448,0.26826932936205783,0.8,-0.8,0.0364520202020202,-0.0364520202020202,0.0,1.0,0.017361418892116367,-0.04023221554941278,-0.04198335573131806,0.011078479243259887,0.023659481488232714,0.017361418892116367,shyam_metalics,2026-07-31
digest,2026-08-01,shyam_metalics,steel,0,19,0.0,0.0,1041.800048828125,1025.0999755859375,-0.01603001771882495,-0.00517021550989627,-0.021461321357875374,-0.03726461036157991,0.13751188158987723,0.20683195875942306,0.7,-0.7,0.030202020202020202,-0.030202020202020202,0.0,1.0,-0.016878845953656567,-0.03390306434332456,-0.04815440056824673,0.01603001771882495,0.021461321357875374,0.016878845953656567,shyam_metalics,2026-08-01
digest,2026-08-02,shyam_metalics,steel,0,4,0.0,0.0,1041.800048828125,1025.0999755859375,-0.01603001771882495,-0.00517021550989627,-0.021461321357875374,-0.03726461036157991,0.13751188158987723,0.20683195875942306,0.4,-0.4,0.019090909090909092,-0.019090909090909092,0.0,1.0,-0.016878845953656567,-0.03390306434332456,-0.04815440056824673,0.01603001771882495,0.021461321357875374,0.016878845953656567,shyam_metalics,2026-08-02
digest,2026-08-03,shyam_metalics,steel,1,18,0.0555555555555555,0.1,1041.800048828125,1025.0999755859375,-0.01603001771882495,-0.00517021550989627,-0.021461321357875374,-0.03726461036157991,0.13751188158987723,0.20683195875942306,0.1,0.9,0.00909090909090909,0.0464646464646464,0.0,0.0,-0.016878845953656567,-0.03390306434332456,-0.04815440056824673,0.01603001771882495,0.021461321357875374,0.016878845953656567,shyam_metalics,2026-08-03
digest,2026-08-04,shyam_metalics,steel,0,23,0.0,0.0,1025.0999755859375,1019.7999877929688,-0.00517021550989627,0.00960971554253276,-0.03432045540199147,-0.028633077619686365,0.17016899690252127,0.1991992452780022,0.1,-0.1,0.005555555555555551,-0.005555555555555551,0.0,1.0,-0.010834955656486987,-0.02628342342012318,-0.025165413987723033,0.00517021550989627,0.03432045540199147,0.010834955656486987,shyam_metalics,2026-08-04
digest,2026-08-05,shyam_metalics,steel,0,23,0.0,0.0,1028.800048828125,1029.5999755859375,0.0007775337479072331,-0.013694615307185964,-0.04176379275410247,-0.038558617048608634,0.12572795997366737,0.1436530837134469,0.1,-0.1,0.005555555555555551,-0.005555555555555551,0.0,1.0,-0.0030008144201809322,-0.025126126340293906,-0.028386911950176112,0.0007775337479072331,0.04176379275410247,0.0030008144201809322,shyam_metalics,2026-08-05
digest,2026-08-06,shyam_metalics,steel,0,41,0.0,0.0,1031.0,1015.5,-0.015033947623666388,-0.008468710572070437,-0.03623829423236702,-0.018414586122138088,0.11702219383048595,0.14816041139545894,0.1,-0.1,0.005555555555555551,-0.005555555555555551,0.0,1.0,-0.0009489008357427917,-0.026780040992096632,-0.022919106143267056,0.015033947623666388,0.03623829423236702,0.0009489008357427917,shyam_metalics,2026-08-06
digest,2026-08-07,shyam_metalics,steel,0,18,0.0,0.0,1011.0,1006.9000244140625,-0.004055366553845197,-0.003774008080232538,-0.007250023489048019,-0.021849239712554702,0.2329267529729018,0.14298895750547408,0.1,-0.1,0.005555555555555551,-0.005555555555555551,0.0,1.0,-0.004033940665828787,-0.0015155211022660807,-0.02109230336246767,0.004055366553845197,0.007250023489048019,0.004033940665828787,shyam_metalics,2026-08-07
digest,2026-08-08,shyam_metalics,steel,0,9,0.0,0.0,998.9000244140625,1003.0999755859375,0.004204576102937452,-0.01824343359422298,-0.016149886916717482,-0.0020934858309720195,0.24694526929489563,0.13302171256483453,0.1,-0.1,0.005555555555555551,-0.005555555555555551,0.0,1.0,0.0004409654084395198,-0.01435458645194473,-0.013513987089027244,0.004204576102937452,0.016149886916717482,0.0004409654084395198,shyam_metalics,2026-08-08
digest,2026-08-09,shyam_metalics,steel,0,12,0.0,0.0,998.9000244140625,1003.0999755859375,0.004204576102937452,-0.01824343359422298,-0.016149886916717482,-0.0020934858309720195,0.24694526929489563,0.13302171256483453,0.1,-0.1,0.005555555555555551,-0.005555555555555551,0.0,1.0,0.0004409654084395198,-0.01435458645194473,-0.013513987089027244,0.004204576102937452,0.016149886916717482,0.0004409654084395198,shyam_metalics,2026-08-09
digest,2026-08-10,shyam_metalics,steel,0,16,0.0,0.0,998.9000244140625,1003.0999755859375,0.004204576102937452,-0.01824343359422298,-0.016149886916717482,-0.0020934858309720195,0.24694526929489563,0.13302171256483453,0.1,-0.1,0.005555555555555551,-0.005555555555555551,0.0,1.0,0.0004409654084395198,-0.01435458645194473,-0.013513987089027244,0.004204576102937452,0.016149886916717482,0.0004409654084395198,shyam_metalics,2026-08-10
digest,2026-08-11,shyam_metalics,steel,0,77,0.0,0.0,1003.0999755859375,984.7999877929688,-0.01824343359422298,0.0018277699180344609,0.005889508392427079,0.02173032562888433,0.20867923789745554,0.1522647213965894,0.1,-0.1,0.005555555555555551,-0.005555555555555551,0.0,1.0,-0.006935195165087052,0.001658624187758766,-0.006084761304639148,0.01824343359422298,0.005889508392427079,0.006935195165087052,shyam_metalics,2026-08-11
digest,2026-08-12,shyam_metalics,steel,0,25,0.0,0.0,984.7999877929688,986.5999755859375,0.0018277699180344609,-0.008007260870054766,0.0033448701700657946,0.05463209583200279,0.20900786438634553,0.1448961548111807,0.1,-0.1,0.005555555555555551,-0.005555555555555551,0.0,1.0,0.0013543094399327549,-0.0029131098383597953,0.005290403042662706,0.0018277699180344609,0.0033448701700657946,0.0013543094399327549,shyam_metalics,2026-08-12
digest,2026-08-13,shyam_metalics,steel,0,45,0.0,0.0,989.7999877929688,978.7000122070312,-0.011214362217449536,0.021354820801294805,0.018493895330726318,0.06508635068204782,0.19618481546670774,0.14203527063007163,0.1,-0.1,0.005555555555555551,-0.005555555555555551,0.0,1.0,-0.00933225873276836,0.004455845690113369,0.014921806313074257,0.011214362217449536,0.018493895330726318,0.00933225873276836,shyam_metalics,2026-08-13
digest,2026-08-14,shyam_metalics,steel,0,41,0.0,0.0,978.7000122070312,999.5999755859375,0.021354820801294805,-0.01270503349545471,-0.014705833864449902,0.10024017175816069,0.14292984265536976,0.18265521936586096,0.0,0.0,0.0,0.0,0.0,1.0,0.01610195430443606,-0.019714214682400186,0.03294040108932665,0.021354820801294805,0.014705833864449902,0.01610195430443606,shyam_metalics,2026-08-14
digest,2026-08-15,shyam_metalics,steel,0,5,0.0,0.0,1004.0,986.9000244140625,-0.017031848193164834,0.0037490638163391043,0.014287136728270866,0.10801496904332075,0.16483575740880338,0.18867720602373114,0.0,0.0,0.0,0.0,0.0,1.0,-0.026736242460155032,0.0009409334268041403,0.06135052899712222,0.017031848193164834,0.014287136728270866,0.026736242460155032,shyam_metalics,2026-08-15
digest,2026-08-16,shyam_metalics,steel,0,3,0.0,0.0,1004.0,986.9000244140625,-0.017031848193164834,0.0037490638163391043,0.014287136728270866,0.10801496904332075,0.16483575740880338,0.18867720602373114,0.0,0.0,0.0,0.0,0.0,1.0,-0.026736242460155032,0.0009409334268041403,0.06135052899712222,0.017031848193164834,0.014287136728270866,0.026736242460155032,shyam_metalics,2026-08-16
digest,2026-08-17,shyam_metalics,steel,0,31,0.0,0.0,1004.0,986.9000244140625,-0.017031848193164834,0.0037490638163391043,0.014287136728270866,0.10801496904332075,0.16483575740880338,0.18867720602373114,0.0,0.0,0.0,0.0,0.0,1.0,-0.026736242460155032,0.0009409334268041403,0.06135052899712222,0.017031848193164834,0.014287136728270866,0.026736242460155032,shyam_metalics,2026-08-17
digest,2026-08-18,shyam_metalics,steel,0,59,0.0,0.0,996.2000122070312,990.5999755859375,-0.00562139786435778,-0.0007065931648756463,0.015748068852784236,0.0882293827661016,0.1656312275025254,0.19204954859455836,0.0,0.0,0.0,0.0,0.0,1.0,0.0015691139392518217,-0.008044644375846843,0.03647945241426371,0.00562139786435778,0.015748068852784236,0.0015691139392518217,shyam_metalics,2026-08-18
digest,2026-07-07,syrma_sgs,ems,0,52,0.0,0.0,1396.0,1356.0,-0.028653295128939882,0.0075220878848636374,0.04852510975525437,0.013569339538394232,0.4253963316043285,0.4123063691301647,0.0,0.0,0.0,0.0,0.0,1.0,-0.012531442999198394,0.019099253343333067,-0.017180815433715857,0.028653295128939882,0.04852510975525437,0.012531442999198394,syrma_sgs,2026-07-07
digest,2026-07-08,syrma_sgs,ems,0,82,0.0,0.0,1344.800048828125,1366.199951171875,0.015913073740886796,0.054750440273376055,0.02810717741654467,-0.0019762489155112917,0.45386983619733406,0.3574260817071873,0.0,0.0,0.0,0.0,0.0,1.0,0.02652503802089754,-0.017897505491943244,-0.03251834251939616,0.015913073740886796,0.02810717741654467,0.02652503802089754,syrma_sgs,2026-07-08
digest,2026-07-09,syrma_sgs,ems,1,23,0.0434782608695652,0.1428571428571428,1410.4000244140625,1441.0,0.021695955088096408,0.007564208476101619,-0.011866742252559015,-0.0423317140874393,0.1955118487701531,0.46105155291572764,0.0,1.0,0.0,0.0434782608695652,0.0,0.0,-0.010530872451388916,-0.04661680199907564,-0.02587764880419476,0.021695955088096408,0.011866742252559015,0.010530872451388916,syrma_sgs,2026-07-09
digest,2026-07-10,syrma_sgs,ems,0,22,0.0,0.0,1450.0,1451.9000244140625,0.0013103616648706407,-0.013912854123919183,-0.06391628023119289,-0.11267991792476273,0.33773401820880855,0.4624231116395823,0.125,-0.125,0.00543478260869565,-0.00543478260869565,0.0,1.0,0.0076518215859032734,-0.07327194636497246,-0.07453630522898133,0.0013103616648706407,0.06391628023119289,0.0076518215859032734,syrma_sgs,2026-07-10
digest,2026-07-12,syrma_sgs,ems,0,2,0.0,0.0,1431.699951171875,1431.699951171875,0.0,-0.006914788490176793,-0.06349088876432984,-0.08067332816869965,0.33766756150919036,0.3779825117409432,0.1111111111111111,-0.1111111111111111,0.004830917874396133,-0.004830917874396133,0.0,1.0,-0.005637848261482263,-0.0754220071668321,-0.049912285346525656,0.0,0.06349088876432984,0.005637848261482263,syrma_sgs,2026-07-12
digest,2026-07-13,syrma_sgs,ems,0,33,0.0,0.0,1431.699951171875,1431.699951171875,0.0,-0.006914788490176793,-0.06349088876432984,-0.08067332816869965,0.33766756150919036,0.3779825117409432,0.1,-0.1,0.00434782608695652,-0.00434782608695652,0.0,1.0,-0.005637848261482263,-0.0754220071668321,-0.049912285346525656,0.0,0.06349088876432984,0.005637848261482263,syrma_sgs,2026-07-13
digest,2026-07-14,syrma_sgs,ems,0,35,0.0,0.0,1425.0,1421.800048828125,-0.0022455797697368274,-0.012097392496479453,-0.03333803825167292,-0.08144608584278057,0.43526349804942205,0.3711217855262262,0.1,-0.1,0.00434782608695652,-0.00434782608695652,0.0,1.0,-0.007326464358269021,-0.03484778126886693,-0.0444975151910346,0.0022455797697368274,0.03333803825167292,0.007326464358269021,syrma_sgs,2026-07-14
digest,2026-07-15,syrma_sgs,ems,0,17,0.0,0.0,1421.0,1404.5999755859375,-0.011541185372317075,0.013740601711226708,-0.029260982699926608,-0.043571089445836764,0.43285865559305686,0.3654508358869472,0.1,-0.1,0.00434782608695652,-0.00434782608695652,0.0,1.0,-0.00382156698588898,-0.014655726590716086,-0.05294148272941768,0.011541185372317075,0.029260982699926608,0.00382156698588898,syrma_sgs,2026-07-15
digest,2026-07-16,syrma_sgs,ems,1,38,0.0263157894736842,0.1428571428571428,1417.0,1423.9000244140625,0.004869459713523261,-0.04550884733272642,-0.030830833388128753,-0.03237585139090626,0.42837216472246314,0.36112496389531334,0.1,0.9,0.00434782608695652,0.021967963386727678,0.0,0.0,-0.020094442642465887,0.018328526087047492,-0.01819901589876677,0.004869459713523261,0.030830833388128753,0.020094442642465887,syrma_sgs,2026-07-16
digest,2026-07-17,syrma_sgs,ems,1,45,0.0222222222222222,0.125,1428.0,1359.0999755859375,-0.04824931681657041,-0.013464739229299916,-0.0520932440803622,0.005665567935035698,0.55676041186173,0.42686914267492065,0.2,0.8,0.00697940503432494,0.015242817187897259,0.0,0.0,-0.025855708523263948,-0.005374611293168165,-0.01181477509194349,0.04824931681657041,0.0520932440803622,0.025855708523263948,syrma_sgs,2026-07-17
digest,2026-07-18,syrma_sgs,ems,0,9,0.0,0.0,1349.800048828125,1340.800048828125,-0.0066676542261304705,0.025059646749941766,-0.018347327536086255,0.014767247939107664,0.5978486938445643,0.42544340541133796,0.3,-0.3,0.009201627256547159,-0.009201627256547159,0.0,1.0,-0.010796191625407698,0.023186505442797878,0.003511224587761078,0.0066676542261304705,0.018347327536086255,0.010796191625407698,syrma_sgs,2026-07-18
digest,2026-07-19,syrma_sgs,ems,0,2,0.0,0.0,1349.800048828125,1340.800048828125,-0.0066676542261304705,0.025059646749941766,-0.018347327536086255,0.014767247939107664,0.5978486938445643,0.42544340541133796,0.3,-0.3,0.009201627256547159,-0.009201627256547159,0.0,1.0,-0.010796191625407698,0.023186505442797878,0.003511224587761078,0.0066676542261304705,0.018347327536086255,0.010796191625407698,syrma_sgs,2026-07-19
digest,2026-07-20,syrma_sgs,ems,0,12,0.0,0.0,1349.800048828125,1340.800048828125,-0.0066676542261304705,0.025059646749941766,-0.018347327536086255,0.014767247939107664,0.5978486938445643,0.42544340541133796,0.3,-0.3,0.009201627256547159,-0.009201627256547159,0.0,1.0,-0.010796191625407698,0.023186505442797878,0.003511224587761078,0.0066676542261304705,0.018347327536086255,0.010796191625407698,syrma_sgs,2026-07-20
digest,2026-07-21,syrma_sgs,ems,0,16,0.0,0.0,1340.800048828125,1374.4000244140625,0.025059646749941766,-0.007930751033498717,-0.049767188008617014,0.03434222230314443,0.5433351604479354,0.4279339170078529,0.2,-0.2,0.00485380116959064,-0.00485380116959064,0.0,1.0,0.03437292887794002,-0.011046200839780196,-0.0020642766605519017,0.025059646749941766,0.049767188008617014,0.03437292887794002,syrma_sgs,2026-07-21
digest,2026-07-22,syrma_sgs,ems,0,27,0.0,0.0,1372.9000244140625,1363.5,-0.006846838259817467,0.012101210121012063,-0.014741456241978312,0.05177849327901529,0.6088039011639891,0.42905024665114916,0.2,-0.2,0.00485380116959064,-0.00485380116959064,0.0,1.0,0.009474595290350774,-0.039674212250193075,-0.0117136646582892,0.006846838259817467,0.014741456241978312,0.009474595290350774,syrma_sgs,2026-07-22
digest,2026-07-23,syrma_sgs,ems,0,30,0.0,0.0,1363.0,1380.0,0.01247248716067495,-0.0664492399796196,-0.0015941675158513968,0.02753623188405796,0.6359598635842031,0.3153811412975497,0.2,-0.2,0.00485380116959064,-0.00485380116959064,0.0,1.0,0.010398303133823561,-0.0387160803134135,-0.024537037196757927,0.01247248716067495,0.0015941675158513968,0.010398303133823561,syrma_sgs,2026-07-23
digest,2026-07-24,syrma_sgs,ems,0,11,0.0,0.0,1360.0,1288.300048828125,-0.05272055233226103,0.021656369856640545,0.060933010187654624,0.10587588075295296,0.29104609397372305,0.4347581106714468,0.2,-0.2,0.00485380116959064,-0.00485380116959064,0.0,1.0,-0.041641320207086885,-0.00701143279594689,0.005936211300943087,0.05272055233226103,0.060933010187654624,0.041641320207086885,syrma_sgs,2026-07-24
digest,2026-07-25,syrma_sgs,ems,0,21,0.0,0.0,1300.0,1316.199951171875,0.01246150090144238,-0.007749545320065887,0.033733494956090126,0.15210460467191167,0.29584850914923544,0.4649364558821896,0.2,-0.2,0.00485380116959064,-0.00485380116959064,0.0,1.0,0.016775775024330402,-0.02157673116198059,0.06734826573305157,0.01246150090144238,0.033733494956090126,0.016775775024330402,syrma_sgs,2026-07-25
digest,2026-07-26,syrma_sgs,ems,0,12,0.0,0.0,1300.0,1316.199951171875,0.01246150090144238,-0.007749545320065887,0.033733494956090126,0.15210460467191167,0.29584850914923544,0.4649364558821896,0.2,-0.2,0.00485380116959064,-0.00485380116959064,0.0,1.0,0.016775775024330402,-0.02157673116198059,0.06734826573305157,0.01246150090144238,0.033733494956090126,0.016775775024330402,syrma_sgs,2026-07-26
digest,2026-07-27,syrma_sgs,ems,0,40,0.0,0.0,1300.0,1316.199951171875,0.01246150090144238,-0.007749545320065887,0.033733494956090126,0.15210460467191167,0.29584850914923544,0.4649364558821896,0.1,-0.1,0.00222222222222222,-0.00222222222222222,0.0,1.0,0.016775775024330402,-0.02157673116198059,0.06734826573305157,0.01246150090144238,0.033733494956090126,0.016775775024330402,syrma_sgs,2026-07-27
digest,2026-07-28,syrma_sgs,ems,0,13,0.0,0.0,1317.699951171875,1306.0,-0.00887907080930661,0.028637078418118245,0.08851452954512817,0.14456359022061638,0.36127079558357117,0.46490174875031454,0.0,0.0,0.0,0.0,0.0,1.0,-0.0013856765481463085,0.010651516111386553,0.057734311544417646,0.00887907080930661,0.08851452954512817,0.0013856765481463085,syrma_sgs,2026-07-28
digest,2026-07-29,syrma_sgs,ems,1,28,0.0357142857142857,0.5,1319.9000244140625,1343.4000244140625,0.017804378790304387,0.025606687352165647,0.06751522221494288,0.09669496952013201,0.3493498506237363,0.49874627040085595,0.0,1.0,0.0,0.0357142857142857,0.0,0.0,-0.021076891584972723,0.029471509412175113,0.05796342833065177,0.017804378790304387,0.06751522221494288,0.021076891584972723,syrma_sgs,2026-07-29
digest,2026-07-30,syrma_sgs,ems,1,29,0.0344827586206896,1.0,1379.0,1377.800048828125,-0.0008701603856962059,-0.007983741914769138,0.029176912285688195,0.06524887440685867,0.3653829298683638,0.5138858313405472,0.1,0.9,0.00357142857142857,0.03091133004926103,0.0,0.0,-0.008521991195042471,0.015245057676136339,0.039856505250435645,0.0008701603856962059,0.029176912285688195,0.008521991195042471,syrma_sgs,2026-07-30
digest,2026-07-31,syrma_sgs,ems,1,16,0.0625,0.5,1380.5,1366.800048828125,-0.00992390523134734,-0.004536196239898649,0.04236164784555907,0.07199290227426958,0.34538573089014185,0.4580653252206914,0.2,0.8,0.007019704433497529,0.05548029556650247,0.0,0.0,-0.01629522855820903,0.012157059116108555,0.06135732391666123,0.00992390523134734,0.04236164784555907,0.01629522855820903,syrma_sgs,2026-07-31
digest,2026-08-01,syrma_sgs,ems,1,19,0.0526315789473684,0.3333333333333333,1380.0,1360.5999755859375,-0.014057988705842406,0.044833162644832836,0.11450834310138092,0.07886230394934168,0.49520559633330585,0.4523563446352753,0.3,0.7,0.013269704433497531,0.03936187451387087,0.0,0.0,-0.001979359505098274,0.08529993960346192,0.045857756609709664,0.014057988705842406,0.11450834310138092,0.001979359505098274,syrma_sgs,2026-08-01
digest,2026-08-02,syrma_sgs,ems,0,4,0.0,0.0,1380.0,1360.5999755859375,-0.014057988705842406,0.044833162644832836,0.11450834310138092,0.07886230394934168,0.49520559633330585,0.4523563446352753,0.4,-0.4,0.01853286232823437,-0.01853286232823437,0.0,1.0,-0.001979359505098274,0.08529993960346192,0.045857756609709664,0.014057988705842406,0.11450834310138092,0.001979359505098274,syrma_sgs,2026-08-02
digest,2026-08-03,syrma_sgs,ems,0,18,0.0,0.0,1380.0,1360.5999755859375,-0.014057988705842406,0.044833162644832836,0.11450834310138092,0.07886230394934168,0.49520559633330585,0.4523563446352753,0.4,-0.4,0.01853286232823437,-0.01853286232823437,0.0,1.0,-0.001979359505098274,0.08529993960346192,0.045857756609709664,0.014057988705842406,0.11450834310138092,0.001979359505098274,syrma_sgs,2026-08-03
digest,2026-08-04,syrma_sgs,ems,0,23,0.0,0.0,1360.5999755859375,1421.5999755859375,0.044833162644832836,0.008792909548867911,0.051491329839124855,0.05521947196689059,0.5033725139566333,0.4900913086447049,0.4,-0.4,0.01853286232823437,-0.01853286232823437,0.0,1.0,0.03096404906463448,0.04303313300724687,0.022937842132802443,0.044833162644832836,0.051491329839124855,0.03096404906463448,syrma_sgs,2026-08-04
digest,2026-08-05,syrma_sgs,ems,0,23,0.0,0.0,1429.5999755859375,1434.0999755859375,0.0031477336855407767,-0.011226536406124255,0.027334268119048932,0.0423262494076726,0.5342178326180694,0.48603906956432924,0.4,-0.4,0.01853286232823437,-0.01853286232823437,0.0,1.0,0.003251568030260906,0.027610110234450664,0.00449822607856315,0.0031477336855407767,0.027334268119048932,0.003251568030260906,syrma_sgs,2026-08-05
digest,2026-08-06,syrma_sgs,ems,0,41,0.0,0.0,1434.0,1418.0,-0.01115760111576014,0.004724930304566222,0.03504933086874118,0.018124084042224986,0.5217215499124561,0.49123514140623614,0.4,-0.4,0.01853286232823437,-0.01853286232823437,0.0,1.0,0.0009049755534967421,0.02370279775901618,-0.03063908214975314,0.01115760111576014,0.03504933086874118,0.0009049755534967421,syrma_sgs,2026-08-06
digest,2026-08-07,syrma_sgs,ems,0,18,0.0,0.0,1413.9000244140625,1424.699951171875,0.007638394915714164,0.06436448121357796,0.02842703824527204,0.01024784035701054,0.5257259918050585,0.30254173073979024,0.4,-0.4,0.01853286232823437,-0.01853286232823437,0.0,1.0,-0.01629678514934078,0.04767437376292567,-0.00921538792715591,0.007638394915714164,0.02842703824527204,0.01629678514934078,syrma_sgs,2026-08-07
digest,2026-08-08,syrma_sgs,ems,0,9,0.0,0.0,1434.0999755859375,1516.4000244140625,0.057387943817863274,-0.014244246398165128,-0.03198364496119055,-0.03725929773829406,0.11826341621256121,0.40585088654330825,0.4,-0.4,0.01853286232823437,-0.01853286232823437,0.0,1.0,0.05291072338991624,-0.03535627610045681,-0.058067367047342944,0.057387943817863274,0.03198364496119055,0.05291072338991624,syrma_sgs,2026-08-08
digest,2026-08-09,syrma_sgs,ems,1,12,0.0833333333333333,0.2,1434.0999755859375,1516.4000244140625,0.057387943817863274,-0.014244246398165128,-0.03198364496119055,-0.03725929773829406,0.11826341621256121,0.40585088654330825,0.3,0.7,0.0149614337568058,0.0683718995765275,0.0,0.0,0.05291072338991624,-0.03535627610045681,-0.058067367047342944,0.057387943817863274,0.03198364496119055,0.05291072338991624,syrma_sgs,2026-08-09
digest,2026-08-10,syrma_sgs,ems,0,16,0.0,0.0,1434.0999755859375,1516.4000244140625,0.057387943817863274,-0.014244246398165128,-0.03198364496119055,-0.03725929773829406,0.11826341621256121,0.40585088654330825,0.3,-0.3,0.019846491228070168,-0.019846491228070168,0.0,1.0,0.05291072338991624,-0.03535627610045681,-0.058067367047342944,0.057387943817863274,0.03198364496119055,0.05291072338991624,syrma_sgs,2026-08-10
digest,2026-08-11,syrma_sgs,ems,1,77,0.0129870129870129,0.1428571428571428,1516.4000244140625,1494.800048828125,-0.014244246398165128,-0.01438319460643267,0.0035455757189515325,-0.024551827698265805,0.21086584536397984,0.416997586174213,0.2,0.8,0.013596491228070167,-0.000609478241057268,0.0,0.0,-0.007952678172536826,-0.018777532494409128,-0.05909780565169257,0.014244246398165128,0.0035455757189515325,0.007952678172536826,syrma_sgs,2026-08-11
digest,2026-08-12,syrma_sgs,ems,1,25,0.04,0.5,1494.800048828125,1473.300048828125,-0.01438319460643267,-0.0038010571306940077,0.014593089857766195,0.0005429489793669084,0.1722506411698286,0.43013316001803137,0.2,0.8,0.00963203463203462,0.03036796536796538,0.0,0.0,-0.0133168083664205,-0.022401970225936353,-0.04601898329443451,0.01438319460643267,0.014593089857766195,0.0133168083664205,syrma_sgs,2026-08-12
digest,2026-08-13,syrma_sgs,ems,1,45,0.0222222222222222,0.1666666666666666,1481.9000244140625,1467.699951171875,-0.009582342268873445,-0.0017033454269749226,-0.0163521160989597,0.017578558074847095,0.319434987419,0.4247811328803671,0.3,0.7,0.01363203463203462,0.008590187590187578,0.0,0.0,-0.008652267831497307,-0.05173886711941994,-0.04005942528619542,0.009582342268873445,0.0163521160989597,0.008652267831497307,syrma_sgs,2026-08-13
digest,2026-08-14,syrma_sgs,ems,1,41,0.024390243902439,0.0909090909090909,1480.0,1465.199951171875,-0.010000032991976382,0.0018428018920066958,-0.017676701615390478,0.006210823068190541,0.3191996027281791,0.4198628823469576,0.4,0.6,0.01585425685425684,0.008535987048182161,0.0,0.0,-0.0038568714122764374,-0.057383889670809186,-0.0450735811137876,0.010000032991976382,0.017676701615390478,0.0038568714122764374,syrma_sgs,2026-08-14
digest,2026-08-15,syrma_sgs,ems,0,5,0.0,0.0,1477.300048828125,1467.9000244140625,-0.006362975768882673,0.021936065560546725,-0.005449962440864042,-0.021050496559802734,0.3434509849094357,0.4160390537075135,0.5,-0.5,0.01829328124450074,-0.01829328124450074,0.0,1.0,-0.013088776115511142,-0.02262854077833833,-0.05363284719013626,0.006362975768882673,0.005449962440864042,0.013088776115511142,syrma_sgs,2026-08-15
digest,2026-08-16,syrma_sgs,ems,0,3,0.0,0.0,1477.300048828125,1467.9000244140625,-0.006362975768882673,0.021936065560546725,-0.005449962440864042,-0.021050496559802734,0.3434509849094357,0.4160390537075135,0.5,-0.5,0.01829328124450074,-0.01829328124450074,0.0,1.0,-0.013088776115511142,-0.02262854077833833,-0.05363284719013626,0.006362975768882673,0.005449962440864042,0.013088776115511142,syrma_sgs,2026-08-16
digest,2026-08-17,syrma_sgs,ems,3,31,0.0967741935483871,0.375,1477.300048828125,1467.9000244140625,-0.006362975768882673,0.021936065560546725,-0.005449962440864042,-0.021050496559802734,0.3434509849094357,0.4160390537075135,0.5,2.5,0.01829328124450074,0.07848091230388635,1.0,0.0,-0.013088776115511142,-0.02262854077833833,-0.05363284719013626,0.006362975768882673,0.005449962440864042,0.013088776115511142,syrma_sgs,2026-08-17
digest,2026-08-18,syrma_sgs,ems,2,59,0.0338983050847457,0.1818181818181818,1489.9000244140625,1500.0999755859375,0.0068460641685581525,-0.003533049026110624,-0.02799813391343786,-0.034797648171073225,0.2798893643230423,0.37278522615882603,0.8,1.2,0.027970700599339447,0.005927604485406253,0.0,0.0,-0.003770714103646322,-0.041187716325432645,-0.03588493456048251,0.0068460641685581525,0.02799813391343786,0.003770714103646322,syrma_sgs,2026-08-18
digest,2026-07-07,tata_elxsi,it,0,52,0.0,0.0,3664.0,3707.199951171875,0.011790379686647201,-0.022550672911289427,-0.0026704527606126183,-0.06624942186838045,0.45364308220908167,0.39710574052437586,1.0,-1.0,0.01837677969599006,-0.01837677969599006,0.0,1.0,-0.007053130565089886,-0.024876039905705655,-0.09237385461375862,0.011790379686647201,0.0026704527606126183,0.007053130565089886,tata_elxsi,2026-07-07
digest,2026-07-08,tata_elxsi,it,1,82,0.0121951219512195,0.0909090909090909,3707.0,3623.60009765625,-0.022497950456905835,-0.0006071849136782825,-0.028480017808601432,-0.059885195427706206,0.5561015601133966,0.40265828944098714,0.8333333333333334,0.16666666666666663,0.015313983079991716,-0.0031188611287722157,0.0,0.0,-0.004172954812824384,-0.06890122777726392,-0.08897055576286331,0.022497950456905835,0.028480017808601432,0.004172954812824384,tata_elxsi,2026-07-08
digest,2026-07-09,tata_elxsi,it,1,23,0.0434782608695652,0.1666666666666666,3629.39990234375,3621.39990234375,-0.0022042211426835934,0.0190258320932144,-0.023084954926275825,-0.06456061495340137,0.5604106676885307,0.40172633057877605,0.8571428571428571,0.1428571428571429,0.014868431490167115,0.028609829379398086,0.0,0.0,-0.006696899643859598,-0.06313730568034812,-0.08542304605978832,0.0022042211426835934,0.023084954926275825,0.006696899643859598,tata_elxsi,2026-07-09
digest,2026-07-10,tata_elxsi,it,0,22,0.0,0.0,3669.0,3690.300048828125,0.005805409874114265,0.03612173727457613,-0.0507005108475298,-0.0412703701089262,0.5212833183858645,0.42600048336557533,0.875,-0.875,0.018444660162591876,-0.018444660162591876,0.0,1.0,-0.0025363191479550636,-0.07369606605407505,-0.05715999978279677,0.005805409874114265,0.0507005108475298,0.0025363191479550636,tata_elxsi,2026-07-10
digest,2026-07-12,tata_elxsi,it,0,2,0.0,0.0,3690.300048828125,3823.60009765625,0.03612173727457613,-0.03303170980290093,-0.07503403576651124,-0.07040490334685146,0.39142845423169353,0.4797556941124748,0.7777777777777778,-0.7777777777777778,0.016395253477859445,-0.016395253477859445,0.0,1.0,0.005264767636292793,-0.07043311404143413,-0.07756359527841925,0.03612173727457613,0.07503403576651124,0.005264767636292793,tata_elxsi,2026-07-12
digest,2026-07-13,tata_elxsi,it,1,33,0.0303030303030303,0.1111111111111111,3690.300048828125,3823.60009765625,0.03612173727457613,-0.03303170980290093,-0.07503403576651124,-0.07040490334685146,0.39142845423169353,0.4797556941124748,0.7,0.30000000000000004,0.0147557281300735,0.0155473021729568,0.0,0.0,0.005264767636292793,-0.07043311404143413,-0.07756359527841925,0.03612173727457613,0.07503403576651124,0.005264767636292793,tata_elxsi,2026-07-13
digest,2026-07-14,tata_elxsi,it,0,35,0.0,0.0,3823.60009765625,3697.300048828125,-0.03303170980290093,-0.04784576424638409,-0.0637492083572122,-0.031239011839628295,0.3657456705851898,0.4706237081864468,0.8,-0.8,0.017786031160376532,-0.017786031160376532,0.0,1.0,-0.0190752253054262,-0.06753913807161181,-0.08586338039767046,0.03303170980290093,0.0637492083572122,0.0190752253054262,tata_elxsi,2026-07-14
digest,2026-07-15,tata_elxsi,it,4,17,0.2352941176470588,0.3636363636363636,3533.0,3520.39990234375,-0.0035664018274129683,0.004942661904061119,-0.03232581747651353,0.043460971549890814,0.21074137034080057,0.41938454470036945,0.7,3.3,0.016293493846943702,0.2190006238001151,1.0,0.0,-0.009640472592943684,-0.02173095075733635,-0.03322935203067641,0.0035664018274129683,0.03232581747651353,0.009640472592943684,tata_elxsi,2026-07-15
digest,2026-07-16,tata_elxsi,it,1,38,0.0263157894736842,0.0454545454545454,3519.89990234375,3537.800048828125,0.005085413500666824,-0.009780116789729565,-0.04245574908102223,0.03406071522892162,0.1866796676253856,0.3986525412777384,1.1,-0.10000000000000009,0.039822905611649584,-0.013507116137965385,0.0,0.0,0.005534232606251282,-0.02388569691846617,-0.03264928304393175,0.005085413500666824,0.04245574908102223,0.005534232606251282,tata_elxsi,2026-07-16
digest,2026-07-17,tata_elxsi,it,0,45,0.0,0.0,3538.10009765625,3503.199951171875,-0.009864092456709717,0.009562685677930949,0.009933788911045127,0.04844141171990701,0.417868854825685,0.39850788829097733,1.1,-1.1,0.03959734170187515,-0.03959734170187515,0.0,1.0,-0.010886877541474344,0.016714848206369644,-0.002721010260467255,0.009864092456709717,0.009933788911045127,0.010886877541474344,tata_elxsi,2026-07-17
digest,2026-07-18,tata_elxsi,it,0,9,0.0,0.0,3505.0,3536.699951171875,0.009044208608238291,-0.021234442998406156,0.0050046516289883325,0.06367516449826494,0.4138830229090708,0.40467396182893234,0.8,-0.8,0.034758632024455796,-0.034758632024455796,0.0,1.0,0.01016477701130952,-0.006788697604318704,-0.016041735190021666,0.009044208608238291,0.0050046516289883325,0.01016477701130952,tata_elxsi,2026-07-18
digest,2026-07-19,tata_elxsi,it,0,2,0.0,0.0,3505.0,3536.699951171875,0.009044208608238291,-0.021234442998406156,0.0050046516289883325,0.06367516449826494,0.4138830229090708,0.40467396182893234,0.8,-0.8,0.034758632024455796,-0.034758632024455796,0.0,1.0,0.01016477701130952,-0.006788697604318704,-0.016041735190021666,0.009044208608238291,0.0050046516289883325,0.01016477701130952,tata_elxsi,2026-07-19
digest,2026-07-20,tata_elxsi,it,0,12,0.0,0.0,3505.0,3536.699951171875,0.009044208608238291,-0.021234442998406156,0.0050046516289883325,0.06367516449826494,0.4138830229090708,0.40467396182893234,0.7,-0.7,0.03353911982933385,-0.03353911982933385,0.0,1.0,0.01016477701130952,-0.006788697604318704,-0.016041735190021666,0.009044208608238291,0.0050046516289883325,0.01016477701130952,tata_elxsi,2026-07-20
digest,2026-07-21,tata_elxsi,it,0,16,0.0,0.0,3536.699951171875,3461.60009765625,-0.021234442998406156,-0.015888605976536407,0.03472381204670616,0.07955855516938981,0.36257768287882314,0.4026665015429189,0.6,-0.6,0.029191293742377333,-0.029191293742377333,0.0,1.0,-0.016770875663226333,-0.015923586994565274,0.0021305318082812386,0.021234442998406156,0.03472381204670616,0.016770875663226333,tata_elxsi,2026-07-21
digest,2026-07-22,tata_elxsi,it,0,27,0.0,0.0,3456.0,3406.60009765625,-0.014293953224464695,-0.00557740839996812,0.07831849851441586,0.10074559423866547,0.31343718752584776,0.3965923093606576,0.6,-0.6,0.029191293742377333,-0.029191293742377333,0.0,1.0,0.0018234076453439614,-0.009904278975582742,-0.00020255666071641865,0.014293953224464695,0.07831849851441586,0.0018234076453439614,tata_elxsi,2026-07-22
digest,2026-07-23,tata_elxsi,it,0,30,0.0,0.0,3410.60009765625,3387.60009765625,-0.006743681270579227,0.04439718325897024,0.07990906345739024,0.09664656184484866,0.3073824812822193,0.39552774156659704,0.6,-0.6,0.029191293742377333,-0.029191293742377333,0.0,1.0,-0.0012260723299652226,-0.007115415914374673,-0.0009838927100382783,0.006743681270579227,0.07990906345739024,0.0012260723299652226,tata_elxsi,2026-07-23
digest,2026-07-24,tata_elxsi,it,0,11,0.0,0.0,3359.0,3538.0,0.05328966954450731,0.004635359622314761,0.038128858774378216,0.06868287167891474,0.17426025790157323,0.4568879393705118,0.5,-0.5,0.0261609907120743,-0.0261609907120743,0.0,1.0,0.02575289621245032,-0.02040383151908863,-0.021346029929232888,0.05328966954450731,0.038128858774378216,0.02575289621245032,tata_elxsi,2026-07-24
digest,2026-07-25,tata_elxsi,it,0,21,0.0,0.0,3555.800048828125,3554.39990234375,-0.0003937641220395083,0.007708796769408943,0.058378349567018484,0.07134821759617638,0.20615620482886263,0.40407836298933486,0.5,-0.5,0.0261609907120743,-0.0261609907120743,0.0,1.0,-0.009154754182279299,-0.008563174797666342,-0.002808277242028076,0.0003937641220395083,0.058378349567018484,0.009154754182279299,tata_elxsi,2026-07-25
digest,2026-07-26,tata_elxsi,it,0,12,0.0,0.0,3555.800048828125,3554.39990234375,-0.0003937641220395083,0.007708796769408943,0.058378349567018484,0.07134821759617638,0.20615620482886263,0.40407836298933486,0.1,-0.1,0.0026315789473684197,-0.0026315789473684197,0.0,1.0,-0.009154754182279299,-0.008563174797666342,-0.002808277242028076,0.0003937641220395083,0.058378349567018484,0.009154754182279299,tata_elxsi,2026-07-26
digest,2026-07-27,tata_elxsi,it,0,40,0.0,0.0,3555.800048828125,3554.39990234375,-0.0003937641220395083,0.007708796769408943,0.058378349567018484,0.07134821759617638,0.20615620482886263,0.40407836298933486,0.0,0.0,0.0,0.0,0.0,1.0,-0.009154754182279299,-0.008563174797666342,-0.002808277242028076,0.0003937641220395083,0.058378349567018484,0.009154754182279299,tata_elxsi,2026-07-27
digest,2026-07-28,tata_elxsi,it,0,13,0.0,0.0,3560.60009765625,3581.800048828125,0.005954038810994211,0.025573692631333245,0.04333015496570014,0.059523130343813735,0.24423929856138893,0.38167322434725853,0.0,0.0,0.0,0.0,0.0,1.0,-0.015998311284827222,0.017901466465226775,0.013876003932970088,0.005954038810994211,0.04333015496570014,0.015998311284827222,tata_elxsi,2026-07-28
digest,2026-07-29,tata_elxsi,it,0,28,0.0,0.0,3610.0,3673.39990234375,0.017562299818213223,-0.004110593433072962,0.020798211062081462,0.010480753803972176,0.19247163420487745,0.3110492832688362,0.0,0.0,0.0,0.0,0.0,1.0,0.01621477798232975,0.00892182375090184,-0.0024980702832682646,0.017562299818213223,0.020798211062081462,0.01621477798232975,tata_elxsi,2026-07-29
digest,2026-07-30,tata_elxsi,it,0,29,0.0,0.0,3670.0,3658.300048828125,-0.0031879975945163785,0.003990884651547955,0.015498988714727657,0.03272010211688858,0.2092733760021369,0.31394138351180995,0.0,0.0,0.0,0.0,0.0,1.0,-0.0022423485164699062,0.005566788576682554,0.00974426219116438,0.0031879975945163785,0.015498988714727657,0.0022423485164699062,tata_elxsi,2026-07-30
digest,2026-07-31,tata_elxsi,it,0,16,0.0,0.0,3638.0,3672.89990234375,0.009593156224230404,0.024231534309771874,0.02943181151963037,0.027172003452759608,0.23413413209998615,0.3050815069764418,0.0,0.0,0.0,0.0,0.0,1.0,0.001071254726695012,-0.00040033315083922924,0.00044021946788215527,0.009593156224230404,0.02943181151963037,0.001071254726695012,tata_elxsi,2026-07-31
digest,2026-08-01,tata_elxsi,it,0,19,0.0,0.0,3704.60009765625,3761.89990234375,0.015467203794480078,-0.006618969932782326,0.012254472169110242,-0.0005050379842819197,0.17342032892010867,0.31987903996182254,0.0,0.0,0.0,0.0,0.0,1.0,-0.005686357625730887,0.005501850021689458,0.009260162522094051,0.015467203794480078,0.012254472169110242,0.005686357625730887,tata_elxsi,2026-08-01
digest,2026-08-02,tata_elxsi,it,0,4,0.0,0.0,3704.60009765625,3761.89990234375,0.015467203794480078,-0.006618969932782326,0.012254472169110242,-0.0005050379842819197,0.17342032892010867,0.31987903996182254,0.0,0.0,0.0,0.0,0.0,1.0,-0.005686357625730887,0.005501850021689458,0.009260162522094051,0.015467203794480078,0.012254472169110242,0.005686357625730887,tata_elxsi,2026-08-02
digest,2026-08-03,tata_elxsi,it,0,18,0.0,0.0,3704.60009765625,3761.89990234375,0.015467203794480078,-0.006618969932782326,0.012254472169110242,-0.0005050379842819197,0.17342032892010867,0.31987903996182254,0.0,0.0,0.0,0.0,0.0,1.0,-0.005686357625730887,0.005501850021689458,0.009260162522094051,0.015467203794480078,0.012254472169110242,0.005686357625730887,tata_elxsi,2026-08-03
digest,2026-08-04,tata_elxsi,it,0,23,0.0,0.0,3778.5,3737.0,-0.010983194389307949,0.003425220451732658,0.015520470966015498,-0.020069574525020117,0.1640584364466682,0.29173644190958686,0.0,0.0,0.0,0.0,0.0,1.0,-0.0024978029729586775,-0.004301968571184631,0.0019117495589029074,0.010983194389307949,0.015520470966015498,0.0024978029729586775,tata_elxsi,2026-08-04
digest,2026-08-05,tata_elxsi,it,1,23,0.0434782608695652,0.125,3757.60009765625,3749.800048828125,-0.002075805999949276,-0.009280507860412568,-0.01010724465060997,-0.024027973887409737,0.24141919116546598,0.2623973903974964,0.0,1.0,0.0,0.0434782608695652,0.0,0.0,-0.0012751643173882776,-0.010974951436592773,-0.003854902568299269,0.002075805999949276,0.01010724465060997,0.0012751643173882776,tata_elxsi,2026-08-05
digest,2026-08-06,tata_elxsi,it,0,41,0.0,0.0,3750.10009765625,3715.0,-0.009359776203890391,0.017765814266487157,0.016958277254374154,-0.014804845222072704,0.2649543438167742,0.26903472808794465,0.1,-0.1,0.00434782608695652,-0.00434782608695652,0.0,1.0,0.0003550422601333956,0.004004244364846298,-0.009796655775070282,0.009359776203890391,0.016958277254374154,0.0003550422601333956,tata_elxsi,2026-08-06
digest,2026-08-07,tata_elxsi,it,0,18,0.0,0.0,3716.39990234375,3781.0,0.01738243982180432,0.007140967997884218,-0.002195199372685752,-0.01930706162390905,0.23284632746598508,0.19506902578356836,0.1,-0.1,0.00434782608695652,-0.00434782608695652,0.0,1.0,0.003569299217223069,0.0008422628456586155,0.0005324169984833281,0.01738243982180432,0.002195199372685752,0.003569299217223069,tata_elxsi,2026-08-07
digest,2026-08-08,tata_elxsi,it,0,9,0.0,0.0,3806.89990234375,3808.0,0.00028897467347976935,-0.0034138655462184753,-0.012605042016806678,-0.035320378151260545,0.2232940075445507,0.19472012439928973,0.1,-0.1,0.00434782608695652,-0.00434782608695652,0.0,1.0,-0.0012416567345979563,0.0038906553650362406,-0.009402702432847902,0.00028897467347976935,0.012605042016806678,0.0012416567345979563,tata_elxsi,2026-08-08
digest,2026-08-09,tata_elxsi,it,0,12,0.0,0.0,3806.89990234375,3808.0,0.00028897467347976935,-0.0034138655462184753,-0.012605042016806678,-0.035320378151260545,0.2232940075445507,0.19472012439928973,0.1,-0.1,0.00434782608695652,-0.00434782608695652,0.0,1.0,-0.0012416567345979563,0.0038906553650362406,-0.009402702432847902,0.00028897467347976935,0.012605042016806678,0.0012416567345979563,tata_elxsi,2026-08-09
digest,2026-08-10,tata_elxsi,it,0,16,0.0,0.0,3806.89990234375,3808.0,0.00028897467347976935,-0.0034138655462184753,-0.012605042016806678,-0.035320378151260545,0.2232940075445507,0.19472012439928973,0.1,-0.1,0.00434782608695652,-0.00434782608695652,0.0,1.0,-0.0012416567345979563,0.0038906553650362406,-0.009402702432847902,0.00028897467347976935,0.012605042016806678,0.0012416567345979563,tata_elxsi,2026-08-10
digest,2026-08-11,tata_elxsi,it,1,77,0.0129870129870129,0.0714285714285714,3810.0,3795.0,-0.003937007874015741,-0.021897258934453268,-0.03504611330698282,-0.034018471055665356,0.28009696050624894,0.2014478512798071,0.1,0.9,0.00434782608695652,0.00863918690005638,0.0,0.0,-0.006786837668469018,0.005946735760439366,-0.006522381519246907,0.003937007874015741,0.03504611330698282,0.006786837668469018,tata_elxsi,2026-08-11
digest,2026-08-12,tata_elxsi,it,0,25,0.0,0.0,3799.89990234375,3711.89990234375,-0.023158504766328747,0.0178076185768139,-0.014062866064603496,-0.016676069929759008,0.247566697309874,0.2121097746050487,0.2,-0.2,0.0056465273856578105,-0.0056465273856578105,0.0,1.0,-0.008177664227900587,0.006827588368672921,0.006422905103470468,0.023158504766328747,0.014062866064603496,0.008177664227900587,tata_elxsi,2026-08-12
digest,2026-08-13,tata_elxsi,it,1,45,0.0222222222222222,0.0666666666666666,3719.800048828125,3778.0,0.015645989141327643,-0.0014028715797048674,-0.03123345685547907,-0.03832717015037723,0.176787969823091,0.22510581063725824,0.2,0.8,0.0056465273856578105,0.01657569483656439,0.0,0.0,0.009894871751387181,-0.013726685815434594,-0.010431386139976954,0.015645989141327643,0.03123345685547907,0.009894871751387181,tata_elxsi,2026-08-13
digest,2026-08-14,tata_elxsi,it,0,41,0.0,0.0,3778.10009765625,3772.699951171875,-0.001429328589712342,-0.0033662764959428992,-0.017149508842275618,-0.02324593853392276,0.225366487365762,0.22627782016884737,0.3,-0.3,0.007868749607880029,-0.007868749607880029,0.0,1.0,0.001462544793309266,-0.0003074579766021504,-0.02891017502437923,0.001429328589712342,0.017149508842275618,0.001462544793309266,tata_elxsi,2026-08-14
digest,2026-08-15,tata_elxsi,it,0,5,0.0,0.0,3772.60009765625,3760.0,-0.003339897505722389,-0.026063829787234094,-0.02300531914893622,-0.04824465487865692,0.22926536810247938,0.19296517041516548,0.3,-0.3,0.007868749607880029,-0.007868749607880029,0.0,1.0,0.004213113454113144,-0.013287145940011773,-0.05463735415402742,0.003339897505722389,0.02300531914893622,0.004213113454113144,tata_elxsi,2026-08-15
digest,2026-08-16,tata_elxsi,it,0,3,0.0,0.0,3772.60009765625,3760.0,-0.003339897505722389,-0.026063829787234094,-0.02300531914893622,-0.04824465487865692,0.22926536810247938,0.19296517041516548,0.2,-0.2,0.00352092352092351,-0.00352092352092351,0.0,1.0,0.004213113454113144,-0.013287145940011773,-0.05463735415402742,0.003339897505722389,0.02300531914893622,0.004213113454113144,tata_elxsi,2026-08-16
digest,2026-08-17,tata_elxsi,it,0,31,0.0,0.0,3772.60009765625,3760.0,-0.003339897505722389,-0.026063829787234094,-0.02300531914893622,-0.04824465487865692,0.22926536810247938,0.19296517041516548,0.2,-0.2,0.00352092352092351,-0.00352092352092351,0.0,1.0,0.004213113454113144,-0.013287145940011773,-0.05463735415402742,0.003339897505722389,0.02300531914893622,0.004213113454113144,tata_elxsi,2026-08-17
digest,2026-08-18,tata_elxsi,it,1,59,0.0169491525423728,0.0714285714285714,3759.0,3662.0,-0.02580473530194205,-0.000628085425484759,0.0010649651402920846,-0.006553795740032786,0.12871101737341328,0.23235452913838206,0.2,0.8,0.00352092352092351,0.013428229021449292,0.0,0.0,-0.010281063210617255,-0.012878738722891879,-0.04122673093909606,0.02580473530194205,0.0010649651402920846,0.010281063210617255,tata_elxsi,2026-08-18
digest,2026-07-07,tata_steel,steel,4,52,0.0769230769230769,0.2352941176470588,191.0,189.7899932861328,-0.006335113685168481,-0.008377661595116326,-0.008008794285483178,-0.013435838996655236,0.23269970977359383,0.16943895464843708,1.4,2.6,0.05121088107847854,0.025712195844598357,1.0,0.0,0.00034010330337930217,-0.023168858552989988,-0.03778802035911583,0.006335113685168481,0.008008794285483178,0.00034010330337930217,tata_steel,2026-07-07
digest,2026-07-08,tata_steel,steel,6,82,0.073170731707317,0.3157894736842105,187.66000366210938,188.1999969482422,0.0028775086624484025,-0.0015408782722380332,-0.015621692290541334,-0.008873529203109354,0.2522753172246149,0.15094235563671748,1.8333333333333333,4.166666666666667,0.05549624705257827,0.017674484654738733,1.0,0.0,0.010469802620898154,-0.04213298727757226,-0.04188221618407623,0.0028775086624484025,0.015621692290541334,0.010469802620898154,tata_steel,2026-07-08
digest,2026-07-09,tata_steel,steel,2,23,0.0869565217391304,0.4,189.5,187.91000366210938,-0.008390481994145826,0.017455157870119642,-0.012878495672305146,-0.01958388517296572,0.2540857679845076,0.14648340352051195,2.4285714285714284,-0.4285714285714284,0.05802117343182666,0.028935348307303745,0.0,0.0,-0.01395702116264576,-0.028292678230931942,-0.03925952129223288,0.008390481994145826,0.012878495672305146,0.01395702116264576,tata_steel,2026-07-09
digest,2026-07-10,tata_steel,steel,2,22,0.0909090909090909,0.2857142857142857,189.67999267578125,191.19000244140625,0.007960827835996609,-0.02134003754879954,-0.02772113072900917,-0.04456302193453887,0.19471981212426173,0.17179378441409512,2.375,-0.375,0.061638091970239624,0.029270998938851274,0.0,0.0,-0.0006814394446668093,-0.02308206422991407,-0.03625558413896295,0.007960827835996609,0.02772113072900917,0.0006814394446668093,tata_steel,2026-07-10
digest,2026-07-12,tata_steel,steel,0,2,0.0,0.0,189.0,187.11000061035156,-0.009999996770626685,0.006199581306854052,-0.0037410985300561084,-0.015285129608370807,0.1387266602118639,0.20439144257530897,2.3333333333333335,-2.3333333333333335,0.06489042518566754,-0.06489042518566754,0.0,1.0,-0.015367379683266165,-0.010356417331101344,-0.021949861292870576,0.009999996770626685,0.0037410985300561084,0.015367379683266165,tata_steel,2026-07-12
digest,2026-07-13,tata_steel,steel,3,33,0.0909090909090909,0.25,189.0,187.11000061035156,-0.009999996770626685,0.006199581306854052,-0.0037410985300561084,-0.015285129608370807,0.1387266602118639,0.20439144257530897,2.1,0.8999999999999999,0.058401382667100786,0.03250770824199011,0.0,0.0,-0.015367379683266165,-0.010356417331101344,-0.021949861292870576,0.009999996770626685,0.0037410985300561084,0.015367379683266165,tata_steel,2026-07-13
digest,2026-07-14,tata_steel,steel,2,35,0.0571428571428571,0.25,186.6999969482422,188.27000427246094,0.00840925200793663,-0.01598772877950838,-0.005470859701082742,-0.029956972760707745,0.13370137679790825,0.2036905865233491,2.2,-0.20000000000000018,0.06034943461515274,-0.0032065774722956422,0.0,0.0,0.001224874587846798,-0.01426589541045802,-0.030083387122741247,0.00840925200793663,0.005470859701082742,0.001224874587846798,tata_steel,2026-07-14
digest,2026-07-15,tata_steel,steel,1,17,0.0588235294117647,0.25,188.74000549316406,185.25999450683594,-0.018438120615897557,0.0012415577736597516,0.006855253752121149,0.010849669789614769,0.04945384531469953,0.20503614237175416,2.3,-1.2999999999999998,0.06457118301600562,-0.00574765360424092,0.0,0.0,-0.012089462500582022,0.0004010093162013827,-0.013297603400090261,0.018438120615897557,0.006855253752121149,0.012089462500582022,tata_steel,2026-07-15
digest,2026-07-16,tata_steel,steel,0,38,0.0,0.0,186.5,185.49000549316406,-0.0054155201438924605,0.0021564175138217845,-0.006792871466443695,0.007709270760865694,0.10932083429542343,0.19142449219671145,2.2,-2.2,0.05795353595718209,-0.05795353595718209,0.0,1.0,-0.001801858035190253,-0.011035788290575006,-0.01864781620849722,0.0054155201438924605,0.006792871466443695,0.001801858035190253,tata_steel,2026-07-16
digest,2026-07-17,tata_steel,steel,3,45,0.0666666666666666,0.2,185.1999969482422,185.88999938964844,0.003725715187776535,0.0027973762664388335,-0.0173220788169115,0.020442213482353866,0.11382011732549818,0.1798961776966871,2.1,0.8999999999999999,0.05509639310003924,0.011570273566627355,0.0,0.0,0.006087877707603915,-0.013731785804641992,-0.004913635275619371,0.003725715187776535,0.0173220788169115,0.006087877707603915,tata_steel,2026-07-17
digest,2026-07-18,tata_steel,steel,1,9,0.1111111111111111,0.25,186.67999267578125,186.41000366210938,-0.0014462664680986448,0.004452560564073504,-0.011587380610885267,0.024623122406083775,0.13892795648363845,0.1770530625744782,2.3,-1.2999999999999998,0.06015015654089946,0.050960954570211645,0.0,0.0,-0.0070169119688473025,-0.011773496431459085,-0.0010584442296804088,0.0014462664680986448,0.011587380610885267,0.0070169119688473025,tata_steel,2026-07-18
digest,2026-07-19,tata_steel,steel,0,2,0.0,0.0,186.67999267578125,186.41000366210938,-0.0014462664680986448,0.004452560564073504,-0.011587380610885267,0.024623122406083775,0.13892795648363845,0.1770530625744782,2.0,-2.0,0.06356895995970288,-0.06356895995970288,0.0,1.0,-0.0070169119688473025,-0.011773496431459085,-0.0010584442296804088,0.0014462664680986448,0.011587380610885267,0.0070169119688473025,tata_steel,2026-07-19
digest,2026-07-20,tata_steel,steel,1,12,0.0833333333333333,0.1428571428571428,186.67999267578125,186.41000366210938,-0.0014462664680986448,0.004452560564073504,-0.011587380610885267,0.024623122406083775,0.13892795648363845,0.1770530625744782,1.4,-0.3999999999999999,0.056251886788971174,0.027081446544362127,0.0,0.0,-0.0070169119688473025,-0.011773496431459085,-0.0010584442296804088,0.0014462664680986448,0.011587380610885267,0.0070169119688473025,tata_steel,2026-07-20
digest,2026-07-21,tata_steel,steel,1,16,0.0625,0.125,186.75,187.24000549316406,0.0026238580624582397,-0.0037919605481592233,-0.02462081005717487,0.019814096059795228,0.12991328847177833,0.17895686083114137,1.3,-0.30000000000000004,0.055889567948391464,0.006610432051608536,0.0,0.0,0.0010942756026671718,-0.016153022195259745,-0.007253903302361659,0.0026238580624582397,0.02462081005717487,0.0010942756026671718,tata_steel,2026-07-21
digest,2026-07-22,tata_steel,steel,2,27,0.074074074074074,0.2222222222222222,187.99000549316406,186.52999877929688,-0.007766406038645868,-0.012330472668255266,0.003967219739488881,0.03463253501390251,0.2531680734328124,0.17531826753999868,1.2,0.8,0.053048658857482375,0.021025415216591625,0.0,0.0,0.0013482118054970616,-0.013825728915010438,-0.009651626423070617,0.007766406038645868,0.003967219739488881,0.0013482118054970616,tata_steel,2026-07-22
digest,2026-07-23,tata_steel,steel,2,30,0.0666666666666666,0.1818181818181818,186.0,184.22999572753906,-0.009516152002478129,-0.008467663218647892,0.014601327165987277,0.02751998828527835,0.22842802782369198,0.18465152301529436,1.4,0.6000000000000001,0.06045606626488977,0.006210600401776824,0.0,0.0,-0.009088305341489062,-0.007388130203994741,-0.010490054408474836,0.009516152002478129,0.014601327165987277,0.009088305341489062,tata_steel,2026-07-23
digest,2026-07-24,tata_steel,steel,0,11,0.0,0.0,183.41000366210938,182.6699981689453,-0.004034706277675881,0.008649487309861259,0.038429979431917394,0.026714867968078426,0.21425503322194744,0.1513655312801241,1.3,-1.3,0.05803182384064733,-0.05803182384064733,0.0,1.0,-0.0023612138536792827,0.009298692923358134,-0.019274992482431696,0.004034706277675881,0.038429979431917394,0.0023612138536792827,tata_steel,2026-07-24
digest,2026-07-25,tata_steel,steel,0,21,0.0,0.0,183.60000610351562,184.25,0.0035402716496528708,-0.008792375127204877,0.03663500678426046,0.032510206204418246,0.2140964010184329,0.1315527337209383,1.1,-1.1,0.052317538126361626,-0.052317538126361626,0.0,1.0,-0.0014337454768736614,0.011341051253946927,-0.005753082259328628,0.0035402716496528708,0.03663500678426046,0.0014337454768736614,tata_steel,2026-07-25
digest,2026-07-26,tata_steel,steel,1,12,0.0833333333333333,0.1666666666666666,183.60000610351562,184.25,0.0035402716496528708,-0.008792375127204877,0.03663500678426046,0.032510206204418246,0.2140964010184329,0.1315527337209383,1.0,0.0,0.04643518518518516,0.03689814814814814,0.0,0.0,-0.0014337454768736614,0.011341051253946927,-0.005753082259328628,0.0035402716496528708,0.03663500678426046,0.0014337454768736614,tata_steel,2026-07-26
digest,2026-07-27,tata_steel,steel,1,40,0.025,0.0833333333333333,183.60000610351562,184.25,0.0035402716496528708,-0.008792375127204877,0.03663500678426046,0.032510206204418246,0.2140964010184329,0.1315527337209383,1.1,-0.10000000000000009,0.054768518518518494,-0.029768518518518493,0.0,0.0,-0.0014337454768736614,0.011341051253946927,-0.005753082259328628,0.0035402716496528708,0.03663500678426046,0.0014337454768736614,tata_steel,2026-07-27
digest,2026-07-28,tata_steel,steel,0,13,0.0,0.0,184.30999755859375,182.6300048828125,-0.009115038240110507,0.025406555689607258,0.045556545162271256,0.030772572780653817,0.17948355678570221,0.12844872536752763,0.9,-0.9,0.05060185185185183,-0.05060185185185183,0.0,1.0,-0.006133346414173243,0.009995006018075507,0.003406048563310504,0.009115038240110507,0.045556545162271256,0.006133346414173243,tata_steel,2026-07-28
digest,2026-07-29,tata_steel,steel,1,28,0.0357142857142857,0.125,183.5,187.27000427246094,0.02054498241123137,-0.0018689918061111088,0.03054413995944083,-0.0057137144219956415,0.11271169616735571,0.17201518678247005,0.8,0.19999999999999996,0.03949074074074072,-0.0037764550264550237,0.0,0.0,0.006578832623057727,0.004572628341790903,-0.014729164250449742,0.02054498241123137,0.03054413995944083,0.006578832623057727,tata_steel,2026-07-29
digest,2026-07-30,tata_steel,steel,1,29,0.0344827586206896,0.125,188.00999450683594,186.9199981689453,-0.005797544650483988,0.01481919698050338,0.012732746127363859,-0.011074214025824869,0.21196310042238947,0.1726672795964897,0.9,0.09999999999999998,0.04306216931216929,-0.008579410691479689,0.0,0.0,-0.004069593827657956,-0.0026584766894238564,-0.01683283885175979,0.005797544650483988,0.012732746127363859,0.004069593827657956,tata_steel,2026-07-30
digest,2026-07-31,tata_steel,steel,3,16,0.1875,0.75,188.25,189.69000244140625,0.007649415359395784,0.006905991574323478,-0.011281561295300557,-0.0326322018121028,0.19256270418860152,0.18655188946890164,0.9,2.1,0.03817711184090492,0.14932288815909509,1.0,0.0,0.013932355008252264,-0.02785429535648062,-0.04387758436266853,0.007649415359395784,0.011281561295300557,0.013932355008252264,tata_steel,2026-07-31
digest,2026-08-01,tata_steel,steel,4,19,0.2105263157894736,1.0,192.94000244140625,191.0,-0.01005495188586103,-0.000261796082501653,-0.0039790288316017275,-0.02617801047120416,0.22001713059930145,0.18812326086699485,1.1,2.9,0.05067711184090492,0.15984920394856866,1.0,0.0,-0.010903780120692643,-0.016420771817050914,-0.03706780067787098,0.01005495188586103,0.0039790288316017275,0.010903780120692643,tata_steel,2026-08-01
digest,2026-08-02,tata_steel,steel,0,4,0.0,0.0,192.94000244140625,191.0,-0.01005495188586103,-0.000261796082501653,-0.0039790288316017275,-0.02617801047120416,0.22001713059930145,0.18812326086699485,1.3,-1.3,0.06432233601244489,-0.06432233601244489,0.0,1.0,-0.010903780120692643,-0.016420771817050914,-0.03706780067787098,0.01005495188586103,0.0039790288316017275,0.010903780120692643,tata_steel,2026-08-02
digest,2026-08-03,tata_steel,steel,7,18,0.3888888888888889,0.7,192.94000244140625,191.0,-0.01005495188586103,-0.000261796082501653,-0.0039790288316017275,-0.02617801047120416,0.22001713059930145,0.18812326086699485,1.1,5.9,0.05765566934577822,0.3312332195431107,1.0,0.0,-0.010903780120692643,-0.016420771817050914,-0.03706780067787098,0.01005495188586103,0.0039790288316017275,0.010903780120692643,tata_steel,2026-08-03
digest,2026-08-04,tata_steel,steel,3,23,0.1304347826086956,0.375,190.6999969482422,190.9499969482422,0.001310959643422871,0.010683469900629738,-0.014139811423898752,-0.02854148748543539,0.23034963156715768,0.1882404977756252,1.8,1.2,0.09654455823466711,0.033890224374028485,0.0,0.0,-0.004353780503167847,-0.006102779442030462,-0.02507382385347206,0.001310959643422871,0.014139811423898752,0.004353780503167847,tata_steel,2026-08-04
digest,2026-08-05,tata_steel,steel,0,23,0.0,0.0,192.25,192.99000549316406,0.0038491833194489455,-0.019120173772609994,-0.03518321338750563,-0.0465827516310553,0.19993878732281722,0.18973144042600915,2.1,-2.1,0.10958803649553668,-0.10958803649553668,0.0,1.0,7.083515136078024e-05,-0.018545546973697067,-0.036411046532622775,0.0038491833194489455,0.03518321338750563,7.083515136078024e-05,tata_steel,2026-08-05
digest,2026-08-06,tata_steel,steel,2,41,0.048780487804878,0.25,193.4499969482422,189.3000030517578,-0.021452540511513796,-0.009244585165281372,-0.023507643299009784,-0.030639212669066884,0.17047256393578067,0.20777174505717436,2.0,0.0,0.10125470316220335,-0.05247421535732535,0.0,0.0,-0.007367493723590199,-0.014049390058739397,-0.03514373269019585,0.021452540511513796,0.023507643299009784,0.007367493723590199,tata_steel,2026-08-06
digest,2026-08-07,tata_steel,steel,0,18,0.0,0.0,189.41000366210938,187.5500030517578,-0.009819970299296488,0.01434285469280372,-0.021594257455917698,-0.024260213157672683,0.1677477538701904,0.20898405880723245,2.1,-2.1,0.10363275194269114,-0.10363275194269114,0.0,1.0,-0.009798544411280077,-0.01585975506913576,-0.02350327680758565,0.009819970299296488,0.021594257455917698,0.009798544411280077,tata_steel,2026-08-07
digest,2026-08-08,tata_steel,steel,0,9,0.0,0.0,187.55999755859375,190.24000549316406,0.014288803419999496,-0.010460499556890324,-0.022287664900831894,-0.02071069348002008,0.1627132778703201,0.2153657606074309,2.1,-2.1,0.10363275194269114,-0.10363275194269114,0.0,1.0,0.010525192725501564,-0.020492364436059143,-0.032131194738075304,0.014288803419999496,0.022287664900831894,0.010525192725501564,tata_steel,2026-08-08
digest,2026-08-09,tata_steel,steel,0,12,0.0,0.0,187.55999755859375,190.24000549316406,0.014288803419999496,-0.010460499556890324,-0.022287664900831894,-0.02071069348002008,0.1627132778703201,0.2153657606074309,2.0,-2.0,0.10006132337126258,-0.10006132337126258,0.0,1.0,0.010525192725501564,-0.020492364436059143,-0.032131194738075304,0.014288803419999496,0.022287664900831894,0.010525192725501564,tata_steel,2026-08-09
digest,2026-08-10,tata_steel,steel,1,16,0.0625,0.2,187.55999755859375,190.24000549316406,0.014288803419999496,-0.010460499556890324,-0.022287664900831894,-0.02071069348002008,0.1627132778703201,0.2153657606074309,1.9,-0.8999999999999999,0.09661304750919361,-0.03411304750919361,0.0,0.0,0.010525192725501564,-0.020492364436059143,-0.032131194738075304,0.014288803419999496,0.022287664900831894,0.010525192725501564,tata_steel,2026-08-10
digest,2026-08-11,tata_steel,steel,2,77,0.0259740259740259,0.1333333333333333,190.24000549316406,188.25,-0.010460499556890324,-0.010889790447584646,-0.014608233731739695,-0.006958818372343911,0.15375272216593375,0.21813053239173547,1.7,0.30000000000000004,0.08411304750919361,-0.058139021535167715,0.0,0.0,0.0008477388722456045,-0.01883911793640801,-0.03477390530586739,0.010460499556890324,0.014608233731739695,0.0008477388722456045,tata_steel,2026-08-11
digest,2026-08-12,tata_steel,steel,0,25,0.0,0.0,188.35000610351562,186.1999969482422,-0.011414967271579535,-0.007250219478262543,-0.011815236220727332,0.009720717445000027,0.14565096062069913,0.18836372674465132,1.5,-1.5,0.06565781852764885,-0.06565781852764885,0.0,1.0,-0.01188842774968124,-0.018073216229152922,-0.03962097534434006,0.011414967271579535,0.011815236220727332,0.01188842774968124,tata_steel,2026-08-12
digest,2026-08-13,tata_steel,steel,0,45,0.0,0.0,186.1999969482422,184.85000610351562,-0.007250219478262543,-0.007303251603679284,-0.007303251603679284,0.010549077002194984,0.1394481633106854,0.19136438251024812,1.5,-1.5,0.06565781852764885,-0.06565781852764885,0.0,1.0,-0.005368115993581366,-0.021341301244292232,-0.03961546736677858,0.007250219478262543,0.007303251603679284,0.005368115993581366,tata_steel,2026-08-13
digest,2026-08-14,tata_steel,steel,2,41,0.048780487804878,0.25,184.0,183.5,-0.0027173913043477826,0.013623978201634968,-0.0027247956403270157,0.016348773841961872,0.13083014950232302,0.17116260363260835,0.8,1.2,0.02676892963875995,0.02201155816611805,0.0,0.0,-0.007970257801206526,-0.007733176458277298,-0.050950996826872166,0.0027173913043477826,0.0027247956403270157,0.007970257801206526,tata_steel,2026-08-14
digest,2026-08-15,tata_steel,steel,0,5,0.0,0.0,183.5,186.0,0.013623978201634968,-0.0026881720430107503,0.001612919633106502,-0.008870934927335372,0.16109786267301804,0.18509022464926383,0.7,-0.7,0.018603500158378198,-0.018603500158378198,0.0,1.0,0.00391958393464477,-0.011733283668360224,-0.055535374973533905,0.013623978201634968,0.001612919633106502,0.00391958393464477,tata_steel,2026-08-15
digest,2026-08-16,tata_steel,steel,0,3,0.0,0.0,183.5,186.0,0.013623978201634968,-0.0026881720430107503,0.001612919633106502,-0.008870934927335372,0.16109786267301804,0.18509022464926383,0.7,-0.7,0.018603500158378198,-0.018603500158378198,0.0,1.0,0.00391958393464477,-0.011733283668360224,-0.055535374973533905,0.013623978201634968,0.001612919633106502,0.00391958393464477,tata_steel,2026-08-16
digest,2026-08-17,tata_steel,steel,0,31,0.0,0.0,183.5,186.0,0.013623978201634968,-0.0026881720430107503,0.001612919633106502,-0.008870934927335372,0.16109786267301804,0.18509022464926383,0.5,-0.5,0.013725451377890396,-0.013725451377890396,0.0,1.0,0.00391958393464477,-0.011733283668360224,-0.055535374973533905,0.013623978201634968,0.001612919633106502,0.00391958393464477,tata_steel,2026-08-17
digest,2026-08-18,tata_steel,steel,5,59,0.0847457627118644,0.3846153846153846,186.33999633789062,185.5,-0.004507869241166307,-0.008086253369272267,0.007762816395721073,-0.007708855395047176,0.15964971321100946,0.18463659797727464,0.5,4.5,0.013725451377890396,0.071020311333974,1.0,0.0,0.002682642562443295,-0.016029896832910007,-0.05945878574688506,0.004507869241166307,0.007762816395721073,0.002682642562443295,tata_steel,2026-08-18
digest,2026-07-07,tcs,it,1,52,0.0192307692307692,0.25,2050.0,2096.10009765625,0.022487852515243878,-0.018415197680402118,0.04985448935231984,0.059634556641530834,0.43264422820145615,0.3673555061517475,2.8,-1.7999999999999998,0.04821239424994837,-0.028981625019179173,0.0,0.0,0.003644342263506791,0.027648902207226805,0.03351012389615267,0.022487852515243878,0.04985448935231984,0.003644342263506791,tcs,2026-07-07
digest,2026-07-08,tcs,it,2,82,0.024390243902439,0.1818181818181818,2094.0,2057.5,-0.017430754536771675,-0.003888213851761857,0.0640096968028554,0.07329285483748471,0.3853710928419278,0.35783758940374877,2.5,-0.5,0.043382123413418516,-0.018991879510979515,0.0,0.0,0.0008942411073097761,0.023588486834192915,0.04420749450232761,0.017430754536771675,0.0640096968028554,0.0008942411073097761,tcs,2026-07-08
digest,2026-07-09,tcs,it,3,23,0.1304347826086956,0.5,2057.5,2049.5,-0.003888213851761857,0.009514515735545181,0.07392046840692856,0.09436443149243723,0.3652934057797479,0.35710426146717994,2.4285714285714284,0.5714285714285716,0.04066899776899287,0.08976578483970273,0.0,0.0,-0.00838089235293786,0.03386811765285628,0.07350200038605029,0.003888213851761857,0.07392046840692856,0.00838089235293786,tcs,2026-07-09
digest,2026-07-10,tcs,it,7,22,0.3181818181818182,0.7777777777777778,2105.199951171875,2069.0,-0.01719549307025403,0.054374093765103826,0.0966650555824069,0.0895601975969671,0.3779646223718828,0.36172525111395437,2.5,4.5,0.051889720873955714,0.26629209730786246,1.0,0.0,-0.02553722209232336,0.07366950037586165,0.07367056792309654,0.01719549307025403,0.0966650555824069,0.02553722209232336,tcs,2026-07-10
digest,2026-07-12,tcs,it,0,2,0.0,0.0,2075.0,2181.5,0.051325301204819374,0.008755488267820244,0.03190469752750391,0.05230350568702735,0.24397925917830146,0.4568440997596666,3.0,-3.0,0.08147773168594043,-0.08147773168594043,0.0,1.0,0.02046833156653604,0.03650561925258103,0.04514481375545956,0.051325301204819374,0.03190469752750391,0.02046833156653604,tcs,2026-07-12
digest,2026-07-13,tcs,it,0,33,0.0,0.0,2075.0,2181.5,0.051325301204819374,0.008755488267820244,0.03190469752750391,0.05230350568702735,0.24397925917830146,0.4568440997596666,2.7,-2.7,0.07332995851734639,-0.07332995851734639,0.0,1.0,0.02046833156653604,0.03650561925258103,0.04514481375545956,0.051325301204819374,0.03190469752750391,0.02046833156653604,tcs,2026-07-13
digest,2026-07-14,tcs,it,0,35,0.0,0.0,2182.89990234375,2200.60009765625,0.0081085693821763,-0.005180471679755327,0.009315640775365619,0.08970275996715205,0.27844662548663196,0.4105362597390861,2.7,-2.7,0.07332995851734639,-0.07332995851734639,0.0,1.0,0.022065053879651034,0.005525711060966016,0.035078391409109885,0.0081085693821763,0.009315640775365619,0.022065053879651034,tcs,2026-07-14
digest,2026-07-15,tcs,it,0,17,0.0,0.0,2174.10009765625,2189.199951171875,0.006945335006379505,0.0053901192633447614,0.008724693076128442,0.11757726668438351,0.2794189815715273,0.37850131429269146,1.9,-1.9,0.061389660009883704,-0.061389660009883704,0.0,1.0,0.0008712642408487898,0.019319559795305623,0.040886943103816284,0.006945335006379505,0.008724693076128442,0.0008712642408487898,tcs,2026-07-15
digest,2026-07-16,tcs,it,2,38,0.0526315789473684,0.0909090909090909,2206.0,2201.0,-0.002266545784224805,0.030895047705588263,0.019036757084847755,0.10486144880878001,0.2965956226120624,0.3310550659397858,1.9,0.10000000000000009,0.061389660009883704,-0.008758081062515306,0.0,0.0,-0.0018177266786403472,0.03760680924740382,0.03815145053592664,0.002266545784224805,0.019036757084847755,0.0018177266786403472,tcs,2026-07-16
digest,2026-07-17,tcs,it,0,45,0.0,0.0,2224.800048828125,2269.0,0.019866931949752864,-0.007888894818752767,-0.006478603425242424,0.04257386410588371,0.1838664152945417,0.35272902044023946,1.9,-1.9,0.06093853219033483,-0.06093853219033483,0.0,1.0,0.018844146864988236,0.0003024558700820924,-0.00858855787449056,0.019866931949752864,0.006478603425242424,0.018844146864988236,tcs,2026-07-17
digest,2026-07-18,tcs,it,0,9,0.0,0.0,2280.10009765625,2251.10009765625,-0.012718739861381279,-0.013326817421950632,0.01976811250922661,0.09888492019852269,0.21561426560833738,0.3367229115643961,1.5,-1.5,0.054486919287109026,-0.054486919287109026,0.0,1.0,-0.01159817145831005,0.007974763275919573,0.019168020510236083,0.012718739861381279,0.01976811250922661,0.01159817145831005,tcs,2026-07-18
digest,2026-07-19,tcs,it,0,2,0.0,0.0,2280.10009765625,2251.10009765625,-0.012718739861381279,-0.013326817421950632,0.01976811250922661,0.09888492019852269,0.21561426560833738,0.3367229115643961,1.4,-1.4,0.05256384236403211,-0.05256384236403211,0.0,1.0,-0.01159817145831005,0.007974763275919573,0.019168020510236083,0.012718739861381279,0.01976811250922661,0.01159817145831005,tcs,2026-07-19
digest,2026-07-20,tcs,it,0,12,0.0,0.0,2280.10009765625,2251.10009765625,-0.012718739861381279,-0.013326817421950632,0.01976811250922661,0.09888492019852269,0.21561426560833738,0.3367229115643961,1.2,-1.2,0.05012481797378822,-0.05012481797378822,0.0,1.0,-0.01159817145831005,0.007974763275919573,0.019168020510236083,0.012718739861381279,0.01976811250922661,0.01159817145831005,tcs,2026-07-20
digest,2026-07-21,tcs,it,1,16,0.0625,0.3333333333333333,2245.10009765625,2221.10009765625,-0.01068994653069344,-0.005762932000062393,0.07964517336720589,0.10755926875868504,0.29865593003082797,0.3496172480317697,0.9,0.09999999999999998,0.03708133971291865,0.025418660287081347,0.0,0.0,-0.006226379195513618,0.028997774325934457,0.030131245397576473,0.01068994653069344,0.07964517336720589,0.006226379195513618,tcs,2026-07-21
digest,2026-07-22,tcs,it,1,27,0.037037037037037,0.2,2216.0,2208.300048828125,-0.003474707207524852,0.015668094348857187,0.10791108253363646,0.09269571464280979,0.23094184576231638,0.3300774686055151,0.3,0.7,0.01151315789473684,0.02552387914230016,0.0,0.0,0.012642653662283804,0.01968830504363786,-0.008252436256572099,0.003474707207524852,0.10791108253363646,0.012642653662283804,tcs,2026-07-22
digest,2026-07-23,tcs,it,1,30,0.0333333333333333,0.1428571428571428,2204.0,2242.89990234375,0.017649683459051824,0.00508277095757248,0.08422138958897851,0.05800530711169949,0.3018573766501964,0.32611190709027477,0.4,0.6,0.01521686159844054,0.01811647173489276,0.0,0.0,0.023167292399665827,-0.0028030897827864,-0.039625147443187445,0.017649683459051824,0.08422138958897851,0.023167292399665827,tcs,2026-07-23
digest,2026-07-24,tcs,it,1,11,0.0909090909090909,0.2,2205.10009765625,2254.300048828125,0.022311890160527703,0.01832056422550954,0.04937233128570573,0.08800953646205456,0.43585481968125667,0.3267670936416646,0.5,0.5,0.01855019493177387,0.07235889597731703,0.0,0.0,-0.00522488317152929,-0.009160359007761118,-0.0020193651460930634,0.022311890160527703,0.04937233128570573,0.00522488317152929,tcs,2026-07-24
digest,2026-07-25,tcs,it,0,21,0.0,0.0,2286.0,2295.60009765625,0.004199517784886364,0.04460702996497412,0.07758313553717855,0.0566735703001815,0.5064540034636063,0.2179918652385344,0.6,-0.6,0.02764110402268296,-0.02764110402268296,0.0,1.0,-0.004561472275353426,0.010641611172493723,-0.017482924538022956,0.004199517784886364,0.07758313553717855,0.004561472275353426,tcs,2026-07-25
digest,2026-07-26,tcs,it,0,12,0.0,0.0,2286.0,2295.60009765625,0.004199517784886364,0.04460702996497412,0.07758313553717855,0.0566735703001815,0.5064540034636063,0.2179918652385344,0.6,-0.6,0.02764110402268296,-0.02764110402268296,0.0,1.0,-0.004561472275353426,0.010641611172493723,-0.017482924538022956,0.004199517784886364,0.07758313553717855,0.004561472275353426,tcs,2026-07-26
digest,2026-07-27,tcs,it,0,40,0.0,0.0,2286.0,2295.60009765625,0.004199517784886364,0.04460702996497412,0.07758313553717855,0.0566735703001815,0.5064540034636063,0.2179918652385344,0.4,-0.4,0.022377946127946118,-0.022377946127946118,0.0,1.0,-0.004561472275353426,0.010641611172493723,-0.017482924538022956,0.004199517784886364,0.07758313553717855,0.004561472275353426,tcs,2026-07-27
digest,2026-07-28,tcs,it,0,13,0.0,0.0,2325.0,2398.0,0.03139784946236568,0.020266929798269384,0.025854879065888348,0.019891555951574214,0.44616975697657824,0.2950569327433973,0.4,-0.4,0.022377946127946118,-0.022377946127946118,0.0,1.0,0.009445499366544246,0.0004261905654149821,-0.025755570459269433,0.03139784946236568,0.025854879065888348,0.009445499366544246,tcs,2026-07-28
digest,2026-07-29,tcs,it,0,28,0.0,0.0,2440.0,2446.60009765625,0.0027049580558402564,-0.006049230866255084,-0.013733383599729976,-0.0396060421060237,0.45121594759838146,0.2889330166869803,0.4,-0.4,0.022377946127946118,-0.022377946127946118,0.0,1.0,0.0013574362199567818,-0.025609770910909598,-0.052584866193264135,0.0027049580558402564,0.013733383599729976,0.0013574362199567818,tcs,2026-07-29
digest,2026-07-30,tcs,it,2,29,0.0689655172413793,0.1428571428571428,2440.0,2431.800048828125,-0.003360635726178285,-0.027222612814641778,-0.02417963962804448,-0.02335720358896154,0.4625626680826603,0.3009683648762046,0.4,1.6,0.022377946127946118,0.046587571113433174,0.0,0.0,-0.0024149866481318126,-0.034111839766089586,-0.04633304351468574,0.003360635726178285,0.02417963962804448,0.0024149866481318126,tcs,2026-07-30
digest,2026-07-31,tcs,it,1,16,0.0625,0.1666666666666666,2385.0,2365.60009765625,-0.008134130961740094,0.04569658820302136,0.03681934812309162,-0.0019445795850311365,0.4760340034632356,0.3290656058689226,0.6,0.4,0.029274497852084046,0.033225502147915954,0.0,0.0,-0.016656032459275487,0.006987203452622024,-0.02867636356990859,0.008134130961740094,0.03681934812309162,0.016656032459275487,tcs,2026-07-31
digest,2026-08-01,tcs,it,0,19,0.0,0.0,2383.89990234375,2473.699951171875,0.037669387351304984,-0.005538242892144218,-0.019404131846006978,-0.06488256586008567,0.3414119816395526,0.37928716127798595,0.6,-0.6,0.029274497852084046,-0.029274497852084046,0.0,1.0,0.01651582593109402,-0.02615675399342776,-0.0551173653537097,0.037669387351304984,0.019404131846006978,0.01651582593109402,tcs,2026-08-01
digest,2026-08-02,tcs,it,0,4,0.0,0.0,2383.89990234375,2473.699951171875,0.037669387351304984,-0.005538242892144218,-0.019404131846006978,-0.06488256586008567,0.3414119816395526,0.37928716127798595,0.5,-0.5,0.02557079414838035,-0.02557079414838035,0.0,1.0,0.01651582593109402,-0.02615675399342776,-0.0551173653537097,0.037669387351304984,0.019404131846006978,0.01651582593109402,tcs,2026-08-02
digest,2026-08-03,tcs,it,0,18,0.0,0.0,2383.89990234375,2473.699951171875,0.037669387351304984,-0.005538242892144218,-0.019404131846006978,-0.06488256586008567,0.3414119816395526,0.37928716127798595,0.4,-0.4,0.02223746081504702,-0.02223746081504702,0.0,1.0,0.01651582593109402,-0.02615675399342776,-0.0551173653537097,0.037669387351304984,0.019404131846006978,0.01651582593109402,tcs,2026-08-03
digest,2026-08-04,tcs,it,1,23,0.0434782608695652,0.1111111111111111,2463.10009765625,2460.0,-0.0012586161882742752,-0.019105691056910623,-0.005813027978912588,-0.07317073170731703,0.350705375443093,0.3678747347707537,0.3,0.7,0.013146551724137931,0.030331709145427273,0.0,0.0,0.007226775228074996,-0.025635467516112717,-0.051189407623394,0.0012586161882742752,0.005813027978912588,0.007226775228074996,tcs,2026-08-04
digest,2026-08-05,tcs,it,0,23,0.0,0.0,2460.0,2413.0,-0.019105691056910623,-0.016576875259013635,-0.026232925332832613,-0.05138831330294236,0.43529773590267384,0.3898395603859117,0.4,-0.4,0.017494377811094454,-0.017494377811094454,0.0,1.0,-0.018305049374349625,-0.027100632118815415,-0.03121524198383189,0.019105691056910623,0.026232925332832613,0.018305049374349625,tcs,2026-08-05
digest,2026-08-06,tcs,it,1,41,0.024390243902439,0.0714285714285714,2417.0,2373.0,-0.018204385601985895,0.03358615725742742,0.0008428150021071446,-0.031605562579013924,0.4327659686536406,0.40797951562574863,0.4,0.6,0.017494377811094454,0.006895866091344547,0.0,0.0,-0.008489567137962109,-0.012111217887420712,-0.0265973731320115,0.018204385601985895,0.0008428150021071446,0.008489567137962109,tcs,2026-08-06
digest,2026-08-07,tcs,it,0,18,0.0,0.0,2375.0,2452.699951171875,0.0327157689144737,-0.011008276812293993,-0.03738734985829051,-0.06144247326293295,0.3179548859320126,0.43074305976986005,0.5,-0.5,0.01993340220133835,-0.01993340220133835,0.0,1.0,0.01890262830989245,-0.03434988763994614,-0.04160299464054057,0.0327157689144737,0.03738734985829051,0.01890262830989245,tcs,2026-08-07
digest,2026-08-08,tcs,it,0,9,0.0,0.0,2452.699951171875,2425.699951171875,-0.011008276812293993,0.008245042834064353,-0.046378365941612154,-0.05837484287667849,0.33100197886125327,0.4376949823939062,0.5,-0.5,0.01993340220133835,-0.01993340220133835,0.0,1.0,-0.012538908220371719,-0.029882668559769236,-0.03245716715826585,0.011008276812293993,0.046378365941612154,0.012538908220371719,tcs,2026-08-08
digest,2026-08-09,tcs,it,0,12,0.0,0.0,2452.699951171875,2425.699951171875,-0.011008276812293993,0.008245042834064353,-0.046378365941612154,-0.05837484287667849,0.33100197886125327,0.4376949823939062,0.5,-0.5,0.01993340220133835,-0.01993340220133835,0.0,1.0,-0.012538908220371719,-0.029882668559769236,-0.03245716715826585,0.011008276812293993,0.046378365941612154,0.012538908220371719,tcs,2026-08-09
digest,2026-08-10,tcs,it,1,16,0.0625,0.3333333333333333,2452.699951171875,2425.699951171875,-0.011008276812293993,0.008245042834064353,-0.046378365941612154,-0.05837484287667849,0.33100197886125327,0.4376949823939062,0.3,0.7,0.013036850477200424,0.04946314952279958,0.0,0.0,-0.012538908220371719,-0.029882668559769236,-0.03245716715826585,0.011008276812293993,0.046378365941612154,0.012538908220371719,tcs,2026-08-10
digest,2026-08-11,tcs,it,2,77,0.0259740259740259,0.1428571428571428,2438.0,2445.699951171875,0.003158306469185801,-0.03925256651127662,-0.06775154535718031,-0.06112769472329016,0.2922519082942884,0.38211003947753625,0.3,1.7,0.013036850477200424,0.012937175496825475,0.0,0.0,0.000308476674732524,-0.026758696289758126,-0.03363160518687171,0.003158306469185801,0.06775154535718031,0.000308476674732524,tcs,2026-08-11
digest,2026-08-12,tcs,it,2,25,0.08,0.1666666666666666,2445.699951171875,2349.699951171875,-0.03925256651127662,0.010767353004159874,-0.025833064830938057,-0.033919203654971364,0.20224307679661235,0.41852125908677207,0.5,1.5,0.015634253074603012,0.06436574692539698,0.0,0.0,-0.024271725972848462,-0.00494261039766164,-0.010820228621741888,0.03925256651127662,0.025833064830938057,0.024271725972848462,tcs,2026-08-12
digest,2026-08-13,tcs,it,3,45,0.0666666666666666,0.2,2349.699951171875,2375.0,0.010767353004159874,-0.005894736842105286,-0.032421052631578906,-0.053305304276315746,0.17188113268246386,0.4243765528080924,0.7,2.3,0.023634253074603012,0.043032413592063584,1.0,0.0,0.005016235614219411,-0.01491428159153443,-0.025409520265915468,0.010767353004159874,0.032421052631578906,0.005016235614219411,tcs,2026-08-13
digest,2026-08-14,tcs,it,2,41,0.048780487804878,0.2,2375.10009765625,2361.0,-0.005936633016083825,-0.020245679300349373,-0.02498941126641252,-0.008047437526471857,0.1818943373726067,0.4018486646920509,1.0,1.0,0.030300919741269673,0.01847956806360833,0.0,0.0,-0.0030447596330622174,-0.008147360400739052,-0.013711674016928325,0.005936633016083825,0.02498941126641252,0.0030447596330622174,tcs,2026-08-14
digest,2026-08-15,tcs,it,0,5,0.0,0.0,2351.0,2313.199951171875,-0.016078285337356446,-0.014352391437262413,-0.012579912731228826,0.03722120848767596,0.13023714957381388,0.32039665039505294,1.1,-1.1,0.03083114243480095,-0.03083114243480095,0.0,1.0,-0.008525274377520913,-0.002861739522304379,0.03082850921230546,0.016078285337356446,0.012579912731228826,0.008525274377520913,tcs,2026-08-15
digest,2026-08-16,tcs,it,0,3,0.0,0.0,2351.0,2313.199951171875,-0.016078285337356446,-0.014352391437262413,-0.012579912731228826,0.03722120848767596,0.13023714957381388,0.32039665039505294,1.1,-1.1,0.03083114243480095,-0.03083114243480095,0.0,1.0,-0.008525274377520913,-0.002861739522304379,0.03082850921230546,0.016078285337356446,0.012579912731228826,0.008525274377520913,tcs,2026-08-16
digest,2026-08-17,tcs,it,2,31,0.064516129032258,0.1052631578947368,2351.0,2313.199951171875,-0.016078285337356446,-0.014352391437262413,-0.012579912731228826,0.03722120848767596,0.13023714957381388,0.32039665039505294,1.0,1.0,0.028392118044557053,0.03612401098770094,0.0,0.0,-0.008525274377520913,-0.002861739522304379,0.03082850921230546,0.016078285337356446,0.012579912731228826,0.008525274377520913,tcs,2026-08-17
digest,2026-08-18,tcs,it,1,59,0.0169491525423728,0.0714285714285714,2300.0,2280.0,-0.008695652173912993,0.003947368421052699,0.0071052417420505165,0.0390350877192982,0.08414863226368573,0.3227009531440148,1.2,-0.19999999999999996,0.034843730947782856,-0.017894578405410054,0.0,0.0,0.006828019917411802,-0.006838462121133447,0.004362152520234926,0.008695652173912993,0.0071052417420505165,0.006828019917411802,tcs,2026-08-18
digest,2026-07-07,tech_mahindra,it,0,52,0.0,0.0,1398.5,1447.5,0.03503754022166605,-0.012918791828583798,0.025423177083333304,0.08898103545984459,0.33495500236084624,0.3891231554493578,1.8,-1.8,0.03328702111562002,-0.03328702111562002,0.0,1.0,0.016194029969928966,0.0032175899382402666,0.06285660271446643,0.03503754022166605,0.025423177083333304,0.016194029969928966,tech_mahindra,2026-07-07
digest,2026-07-08,tech_mahindra,it,0,82,0.0,0.0,1441.0,1428.800048828125,-0.00846630893259892,-0.001749719984997511,0.048922102432093606,0.09224518634774137,0.2937919521519084,0.3565164940082769,1.5,-1.5,0.02773918426301668,-0.02773918426301668,0.0,1.0,0.009858686711482531,0.008500892463431123,0.06315982601258427,0.00846630893259892,0.048922102432093606,0.009858686711482531,tech_mahindra,2026-07-08
digest,2026-07-09,tech_mahindra,it,0,23,0.0,0.0,1426.0,1426.300048828125,0.00021041292294876612,0.019981770331856996,0.0588936388728416,0.09079435992896423,0.27770722642831497,0.3469992163263492,1.2857142857142858,-1.2857142857142858,0.0237764436540143,-0.0237764436540143,0.0,1.0,-0.004282265578227238,0.01884128811876932,0.06993192882257729,0.00021041292294876612,0.0588936388728416,0.004282265578227238,tech_mahindra,2026-07-09
digest,2026-07-10,tech_mahindra,it,0,22,0.0,0.0,1448.0,1454.800048828125,0.004696166317765815,0.03416273680490289,0.0811795240734765,0.07196861950631162,0.350616558936138,0.3620439275548949,1.125,-1.125,0.020804388197262512,-0.020804388197262512,0.0,1.0,-0.003645562704303513,0.05818396886693126,0.05607898983244105,0.004696166317765815,0.0811795240734765,0.003645562704303513,tech_mahindra,2026-07-10
digest,2026-07-12,tech_mahindra,it,0,2,0.0,0.0,1444.199951171875,1504.5,0.041753254997132005,-0.013426355049435013,0.0477899796703638,0.046859421734795514,0.31772727435844866,0.39611911869524624,1.0,-1.0,0.01849278950867779,-0.01849278950867779,0.0,1.0,0.010896285358848672,0.05239090139544092,0.039700729803227724,0.041753254997132005,0.0477899796703638,0.010896285358848672,tech_mahindra,2026-07-12
digest,2026-07-13,tech_mahindra,it,0,33,0.0,0.0,1444.199951171875,1504.5,0.041753254997132005,-0.013426355049435013,0.0477899796703638,0.046859421734795514,0.31772727435844866,0.39611911869524624,0.9,-0.9,0.01664351055781001,-0.01664351055781001,0.0,1.0,0.010896285358848672,0.05239090139544092,0.039700729803227724,0.041753254997132005,0.0477899796703638,0.010896285358848672,tech_mahindra,2026-07-13
digest,2026-07-14,tech_mahindra,it,0,35,0.0,0.0,1509.0,1484.300048828125,-0.016368423573144497,0.009701476702853151,0.06198207705553549,0.10166401494285981,0.2669924670356453,0.38513504379072006,0.9,-0.9,0.01664351055781001,-0.01664351055781001,0.0,1.0,-0.0024119390756697657,0.05819214734113588,0.047039646384817654,0.016368423573144497,0.06198207705553549,0.0024119390756697657,tech_mahindra,2026-07-14
digest,2026-07-15,tech_mahindra,it,0,17,0.0,0.0,1465.199951171875,1498.699951171875,0.022863773625713346,0.007740106782001099,0.04130247976965706,0.097084142750675,0.3114224943117222,0.3284931282650228,0.6,-0.6,0.012165898617511509,-0.012165898617511509,0.0,1.0,0.01678970286018263,0.05189734648883425,0.020393819170107783,0.022863773625713346,0.04130247976965706,0.01678970286018263,tech_mahindra,2026-07-15
digest,2026-07-16,tech_mahindra,it,2,38,0.0526315789473684,0.0909090909090909,1510.0,1510.300048828125,0.0001987078331953107,0.04144870129250822,0.030126463966749117,0.10507842550558988,0.3218897492564353,0.2699177429481705,0.6,1.4,0.012165898617511509,0.04046568032985689,0.0,0.0,0.0006475269387797684,0.04869651612930518,0.03836842723273651,0.0001987078331953107,0.030126463966749117,0.0006475269387797684,tech_mahindra,2026-07-16
digest,2026-07-17,tech_mahindra,it,6,45,0.1333333333333333,0.4,1540.0,1572.9000244140625,0.0213636522169236,0.00222518910653835,-0.008519310958148285,0.04984425150814542,0.08127003055149408,0.30858195825911966,0.6,5.4,0.01171477079796264,0.12161856253537066,1.0,0.0,0.020340867132158973,-0.0017382516628237686,-0.0013181704722288468,0.0213636522169236,0.008519310958148285,0.020340867132158973,tech_mahindra,2026-07-17
digest,2026-07-18,tech_mahindra,it,1,9,0.1111111111111111,0.3333333333333333,1577.5999755859375,1576.4000244140625,-0.0007606181481013552,-6.342018801641647e-05,-0.000888114940611473,0.04605428473836937,0.11583655876961216,0.30353014063204464,0.8,0.19999999999999996,0.018596491228070174,0.09251461988304094,0.0,0.0,0.000359950254969872,-0.01268146417391851,-0.033662614949917236,0.0007606181481013552,0.000888114940611473,0.000359950254969872,tech_mahindra,2026-07-18
digest,2026-07-19,tech_mahindra,it,0,2,0.0,0.0,1577.5999755859375,1576.4000244140625,-0.0007606181481013552,-6.342018801641647e-05,-0.000888114940611473,0.04605428473836937,0.11583655876961216,0.30353014063204464,0.9,-0.9,0.029707602339181283,-0.029707602339181283,0.0,1.0,0.000359950254969872,-0.01268146417391851,-0.033662614949917236,0.0007606181481013552,0.000888114940611473,0.000359950254969872,tech_mahindra,2026-07-19
digest,2026-07-20,tech_mahindra,it,0,12,0.0,0.0,1577.5999755859375,1576.4000244140625,-0.0007606181481013552,-6.342018801641647e-05,-0.000888114940611473,0.04605428473836937,0.11583655876961216,0.30353014063204464,0.9,-0.9,0.029707602339181283,-0.029707602339181283,0.0,1.0,0.000359950254969872,-0.01268146417391851,-0.033662614949917236,0.0007606181481013552,0.000888114940611473,0.000359950254969872,tech_mahindra,2026-07-20
digest,2026-07-21,tech_mahindra,it,0,16,0.0,0.0,1577.0,1576.300048828125,-0.00044384982363665504,-0.009960079144741174,0.037365920522262286,0.04580343141240828,0.2962132749745686,0.2915082582525227,0.9,-0.9,0.029707602339181283,-0.029707602339181283,0.0,1.0,0.004019717511543166,-0.013281478519009147,-0.03162459194870029,0.00044384982363665504,0.037365920522262286,0.004019717511543166,tech_mahindra,2026-07-21
digest,2026-07-22,tech_mahindra,it,0,27,0.0,0.0,1574.0999755859375,1560.5999755859375,-0.008576329464063948,-0.003075693216008424,0.0535691252683439,0.05728567590198552,0.2564623996714611,0.2856816542182757,0.9,-0.9,0.029707602339181283,-0.029707602339181283,0.0,1.0,0.007541031405744709,-0.0346536522216547,-0.04366247499739637,0.008576329464063948,0.0535691252683439,0.007541031405744709,tech_mahindra,2026-07-22
digest,2026-07-23,tech_mahindra,it,0,30,0.0,0.0,1550.0,1555.800048828125,0.003741966985887135,0.002378166252573255,0.0727599611898333,0.049106504657392636,0.2260899789309006,0.28715323080615196,0.9,-0.9,0.029707602339181283,-0.029707602339181283,0.0,1.0,0.009259575926501139,-0.014264518181931612,-0.0485239498974943,0.003741966985887135,0.0727599611898333,0.009259575926501139,tech_mahindra,2026-07-23
digest,2026-07-24,tech_mahindra,it,0,11,0.0,0.0,1549.0,1559.5,0.00677856681730149,0.009939083039435692,0.05886505215012816,0.04841295286950942,0.28105715555736654,0.28163010882177514,0.9,-0.9,0.029707602339181283,-0.029707602339181283,0.0,1.0,-0.020758206514755503,0.00033236185666131457,-0.041615948738638206,0.00677856681730149,0.05886505215012816,0.020758206514755503,tech_mahindra,2026-07-24
digest,2026-07-25,tech_mahindra,it,0,21,0.0,0.0,1576.0,1575.0,-0.0006345177664974777,0.038222191220238066,0.046984126984126906,0.041269841269841345,0.29644157232260404,0.23960173022786255,0.9,-0.9,0.029707602339181283,-0.029707602339181283,0.0,1.0,-0.009395507826737268,-0.01995739738055792,-0.03288665356836311,0.0006345177664974777,0.046984126984126906,0.009395507826737268,tech_mahindra,2026-07-25
digest,2026-07-26,tech_mahindra,it,0,12,0.0,0.0,1576.0,1575.0,-0.0006345177664974777,0.038222191220238066,0.046984126984126906,0.041269841269841345,0.29644157232260404,0.23960173022786255,0.9,-0.9,0.029707602339181283,-0.029707602339181283,0.0,1.0,-0.009395507826737268,-0.01995739738055792,-0.03288665356836311,0.0006345177664974777,0.046984126984126906,0.009395507826737268,tech_mahindra,2026-07-26
digest,2026-07-27,tech_mahindra,it,0,40,0.0,0.0,1576.0,1575.0,-0.0006345177664974777,0.038222191220238066,0.046984126984126906,0.041269841269841345,0.29644157232260404,0.23960173022786255,0.7,-0.7,0.024444444444444442,-0.024444444444444442,0.0,1.0,-0.009395507826737268,-0.01995739738055792,-0.03288665356836311,0.0006345177664974777,0.046984126984126906,0.009395507826737268,tech_mahindra,2026-07-27
digest,2026-07-28,tech_mahindra,it,0,13,0.0,0.0,1599.0,1635.199951171875,0.0226391189317543,0.00550391405867523,0.008133591747353952,0.004770088711496756,0.15029930492203733,0.2687591225812489,0.1,-0.1,0.011111111111111113,-0.011111111111111113,0.0,1.0,0.0006867688359328654,-0.017295096753119413,-0.04087703769934689,0.0226391189317543,0.008133591747353952,0.0006867688359328654,tech_mahindra,2026-07-28
digest,2026-07-29,tech_mahindra,it,0,28,0.0,0.0,1661.0,1644.199951171875,-0.010114418319160157,0.015083353341817762,0.0035275811947270697,-0.011677382156708216,0.14637938473418421,0.26965107158218066,0.0,0.0,0.0,0.0,0.0,1.0,-0.011461940155043631,-0.008348806116452553,-0.024656206243948656,0.010114418319160157,0.0035275811947270697,0.011461940155043631,tech_mahindra,2026-07-29
digest,2026-07-30,tech_mahindra,it,0,29,0.0,0.0,1649.0,1669.0,0.012128562765312267,-0.010605123530182725,-0.022049160472213947,-0.017974835230677,0.09164838025120023,0.2708749789732956,0.0,0.0,0.0,0.0,0.0,1.0,0.01307421184335874,-0.03198136061025905,-0.0409506751564012,0.012128562765312267,0.022049160472213947,0.01307421184335874,tech_mahindra,2026-07-30
digest,2026-07-31,tech_mahindra,it,0,16,0.0,0.0,1620.0,1651.300048828125,0.01932101779513884,-0.0013928715315895124,-0.00987103999645167,-0.011203294042853584,0.08045401560345726,0.22467252391775414,0.0,0.0,0.0,0.0,0.0,1.0,0.010799116297603448,-0.03970318466692127,-0.03793507802773104,0.01932101779513884,0.00987103999645167,0.010799116297603448,tech_mahindra,2026-07-31
digest,2026-08-01,tech_mahindra,it,0,19,0.0,0.0,1663.4000244140625,1649.0,-0.008656982206751485,-0.0003032140691328067,-0.00545785324439052,-0.023650697392359032,0.08829473570132519,0.22663337804023562,0.0,0.0,0.0,0.0,0.0,1.0,-0.02981054362696245,-0.012210475391811304,-0.013885496885983062,0.008656982206751485,0.00545785324439052,0.02981054362696245,tech_mahindra,2026-08-01
digest,2026-08-02,tech_mahindra,it,0,4,0.0,0.0,1663.4000244140625,1649.0,-0.008656982206751485,-0.0003032140691328067,-0.00545785324439052,-0.023650697392359032,0.08829473570132519,0.22663337804023562,0.0,0.0,0.0,0.0,0.0,1.0,-0.02981054362696245,-0.012210475391811304,-0.013885496885983062,0.008656982206751485,0.00545785324439052,0.02981054362696245,tech_mahindra,2026-08-02
digest,2026-08-03,tech_mahindra,it,0,18,0.0,0.0,1663.4000244140625,1649.0,-0.008656982206751485,-0.0003032140691328067,-0.00545785324439052,-0.023650697392359032,0.08829473570132519,0.22663337804023562,0.0,0.0,0.0,0.0,0.0,1.0,-0.02981054362696245,-0.012210475391811304,-0.013885496885983062,0.008656982206751485,0.00545785324439052,0.02981054362696245,tech_mahindra,2026-08-03
digest,2026-08-04,tech_mahindra,it,1,23,0.0434782608695652,0.1111111111111111,1652.9000244140625,1648.5,-0.002662002752176318,0.0009099181073703999,-0.0033363663936912813,-0.03427358204428266,0.09074292410539782,0.22677477648552946,0.0,1.0,0.0,0.0434782608695652,0.0,0.0,0.005823388664172953,-0.02315880593089141,-0.012292257960359633,0.002662002752176318,0.0033363663936912813,0.005823388664172953,tech_mahindra,2026-08-04
digest,2026-08-05,tech_mahindra,it,0,23,0.0,0.0,1663.0,1650.0,-0.007817197835237488,-0.010787908380681777,-0.015151515151515138,-0.03648481889204547,0.11397551065149088,0.21343416375604088,0.1,-0.1,0.004347826086956523,-0.004347826086956523,0.0,1.0,-0.00701655615267649,-0.01601922193749794,-0.016311747572935,0.007817197835237488,0.015151515151515138,0.00701655615267649,tech_mahindra,2026-08-05
digest,2026-08-06,tech_mahindra,it,2,41,0.048780487804878,0.1428571428571428,1655.0,1632.199951171875,-0.01377646454871606,0.0017155060114508736,0.004166186148481854,-0.024568053415972013,0.1139919045577656,0.2254515034514406,0.1,1.9,0.004347826086956523,0.04443266171792148,0.0,0.0,-0.004061646084692274,-0.008787846741046003,-0.01955986396896959,0.01377646454871606,0.004166186148481854,0.004061646084692274,tech_mahindra,2026-08-06
digest,2026-08-07,tech_mahindra,it,1,18,0.0555555555555555,0.5,1639.800048828125,1635.0,-0.002927215931939564,0.003058103975535076,-0.0013455358849387977,-0.031192660550458662,0.11798282680203975,0.22568303894685643,0.3,0.7,0.009225874867444323,0.04632968068811118,0.0,0.0,-0.016740356536520812,0.00169192633340557,-0.011353181928066284,0.002927215931939564,0.0013455358849387977,0.016740356536520812,tech_mahindra,2026-08-07
digest,2026-08-08,tech_mahindra,it,0,9,0.0,0.0,1644.0,1640.0,-0.0024330900243308973,0.0018292682926828174,-0.018292682926829285,-0.034146341463414664,0.14640412888690882,0.22395693555614246,0.4,-0.4,0.014781430422999873,-0.014781430422999873,0.0,1.0,-0.003963721432408623,-0.001796985544986366,-0.008228665745002021,0.0024330900243308973,0.018292682926829285,0.003963721432408623,tech_mahindra,2026-08-08
digest,2026-08-09,tech_mahindra,it,0,12,0.0,0.0,1644.0,1640.0,-0.0024330900243308973,0.0018292682926828174,-0.018292682926829285,-0.034146341463414664,0.14640412888690882,0.22395693555614246,0.4,-0.4,0.014781430422999873,-0.014781430422999873,0.0,1.0,-0.003963721432408623,-0.001796985544986366,-0.008228665745002021,0.0024330900243308973,0.018292682926829285,0.003963721432408623,tech_mahindra,2026-08-09
digest,2026-08-10,tech_mahindra,it,0,16,0.0,0.0,1644.0,1640.0,-0.0024330900243308973,0.0018292682926828174,-0.018292682926829285,-0.034146341463414664,0.14640412888690882,0.22395693555614246,0.4,-0.4,0.014781430422999873,-0.014781430422999873,0.0,1.0,-0.003963721432408623,-0.001796985544986366,-0.008228665745002021,0.0024330900243308973,0.018292682926829285,0.003963721432408623,tech_mahindra,2026-08-10
digest,2026-08-11,tech_mahindra,it,1,77,0.0129870129870129,0.0714285714285714,1645.9000244140625,1643.0,-0.0017619687532934858,-0.010955569080949523,-0.031040779062690205,-0.026232486662165266,0.1448451306596802,0.11863336888588893,0.4,0.6,0.014781430422999873,-0.0017944174359869735,0.0,0.0,-0.004611798547746763,0.009952070004731979,0.0012636028742531828,0.0017619687532934858,0.031040779062690205,0.004611798547746763,tech_mahindra,2026-08-11
digest,2026-08-12,tech_mahindra,it,2,25,0.08,0.1666666666666666,1654.0,1625.0,-0.017533252720677184,0.008615384615384691,-0.021661508413461483,-0.033230769230769286,0.14116429536487793,0.12763099045517182,0.5,1.5,0.01608013172170116,0.06391986827829885,0.0,0.0,-0.0025524121822490236,-0.0007710539801850658,-0.01013179419753981,0.017533252720677184,0.021661508413461483,0.0025524121822490236,tech_mahindra,2026-08-12
digest,2026-08-13,tech_mahindra,it,0,45,0.0,0.0,1634.699951171875,1639.0,0.002630482019065683,-0.0037827645954088274,-0.028615024047628168,-0.032946918852959084,0.10400300545969328,0.10707914896993084,0.7,-0.7,0.024080131721701165,-0.024080131721701165,0.0,1.0,-0.0031206353708747797,-0.011108253007583693,-0.005051134842558806,0.002630482019065683,0.028615024047628168,0.0031206353708747797,tech_mahindra,2026-08-13
digest,2026-08-14,tech_mahindra,it,1,41,0.024390243902439,0.1,1635.0,1632.800048828125,-0.0013455358849387977,-0.013963772750061332,-0.029887339152855352,0.004960788427064822,0.10283640099519946,0.09628946845991668,0.7,0.30000000000000004,0.024080131721701165,0.0003101121807378357,0.0,0.0,0.0015463374980828103,-0.013045288287181885,-0.0007034480633916467,0.0013455358849387977,0.029887339152855352,0.0015463374980828103,tech_mahindra,2026-08-14
digest,2026-08-15,tech_mahindra,it,0,5,0.0,0.0,1621.0,1610.0,-0.006785934608266486,-0.011180124223602483,-0.016149068322981353,0.011180124223602483,0.0803093093397538,0.11598922987337262,0.7,-0.7,0.022171330024988545,-0.022171330024988545,0.0,1.0,0.0007670763515690467,-0.006430895114056905,0.004787424948231982,0.006785934608266486,0.016149068322981353,0.0007670763515690467,tech_mahindra,2026-08-15
digest,2026-08-16,tech_mahindra,it,0,3,0.0,0.0,1621.0,1610.0,-0.006785934608266486,-0.011180124223602483,-0.016149068322981353,0.011180124223602483,0.0803093093397538,0.11598922987337262,0.7,-0.7,0.022171330024988545,-0.022171330024988545,0.0,1.0,0.0007670763515690467,-0.006430895114056905,0.004787424948231982,0.006785934608266486,0.016149068322981353,0.0007670763515690467,tech_mahindra,2026-08-16
digest,2026-08-17,tech_mahindra,it,2,31,0.064516129032258,0.1052631578947368,1621.0,1610.0,-0.006785934608266486,-0.011180124223602483,-0.016149068322981353,0.011180124223602483,0.0803093093397538,0.11598922987337262,0.5,1.5,0.017293281244500743,0.04722284778775725,0.0,0.0,0.0007670763515690467,-0.006430895114056905,0.004787424948231982,0.006785934608266486,0.016149068322981353,0.0007670763515690467,tech_mahindra,2026-08-17
digest,2026-08-18,tech_mahindra,it,1,59,0.0169491525423728,0.0714285714285714,1605.0,1592.0,-0.008099688473520272,-0.0013818788768058532,0.0049623268932552644,0.028894472361808976,0.08895933357232473,0.12319934045843513,0.6,0.4,0.018189338592170996,-0.001240186049798194,0.0,0.0,0.007423983617804523,-0.008981376969928699,-0.005778462837254299,0.008099688473520272,0.0049623268932552644,0.007423983617804523,tech_mahindra,2026-08-18
digest,2026-07-07,ultratech,cement,3,52,0.0576923076923076,0.1428571428571428,11655.0,11649.0,-0.000514800514800462,-0.025409906429736506,-0.013134174607262405,0.03820070392308361,0.2849943061557627,0.1630965967609715,0.8,2.2,0.015150973244377159,0.04254133444793044,1.0,0.0,0.003691856364061913,0.0014600600950519516,0.010266302418993511,0.000514800514800462,0.013134174607262405,0.003691856364061913,ultratech,2026-07-07
digest,2026-07-08,ultratech,cement,3,82,0.0365853658536585,0.1875,11556.0,11353.0,-0.01756663205261333,0.015062098123843848,0.040429842332423194,0.04756452039108616,0.26387210062568744,0.2093782497081452,1.1666666666666667,1.8333333333333333,0.022241195652365566,0.014344170201292934,1.0,0.0,0.008445017260875376,-0.0033367044891376985,0.0008875776373417077,0.01756663205261333,0.040429842332423194,0.008445017260875376,ultratech,2026-07-08
digest,2026-07-09,ultratech,cement,0,23,0.0,0.0,11358.0,11524.0,0.014615249163585142,0.016227004512322063,0.021433530024297154,0.03332176327664005,0.2657208903890101,0.222490697118703,1.4285714285714286,-1.4285714285714286,0.024290362823978843,-0.024290362823978843,0.0,1.0,0.0020360269668094344,-0.006436937749204674,0.006510227745146258,0.014615249163585142,0.021433530024297154,0.0020360269668094344,ultratech,2026-07-09
digest,2026-07-10,ultratech,cement,0,22,0.0,0.0,11584.0,11711.0,0.010963397790055174,-0.011954572624028659,0.0013662368713176498,0.011527623601741865,0.24667457127091608,0.23617933799974375,1.25,-1.25,0.021254067470981488,-0.021254067470981488,0.0,1.0,-0.0021593490541935156,-0.004345975594082507,0.010543744764505397,0.010963397790055174,0.0013662368713176498,0.0021593490541935156,ultratech,2026-07-10
digest,2026-07-12,ultratech,cement,0,2,0.0,0.0,11600.0,11571.0,-0.0024999999999999467,-0.006481721545242403,0.02869242070693967,0.026791115720335323,0.23584593173903795,0.23378958628138977,1.1111111111111112,-1.1111111111111112,0.018892504418650213,-0.018892504418650213,0.0,1.0,-0.00023836402809906954,0.0012770938966324974,0.006749788933000905,0.0024999999999999467,0.02869242070693967,0.00023836402809906954,ultratech,2026-07-12
digest,2026-07-13,ultratech,cement,0,33,0.0,0.0,11600.0,11571.0,-0.0024999999999999467,-0.006481721545242403,0.02869242070693967,0.026791115720335323,0.23584593173903795,0.23378958628138977,1.0,-1.0,0.01700325397678519,-0.01700325397678519,0.0,1.0,-0.00023836402809906954,0.0012770938966324974,0.006749788933000905,0.0024999999999999467,0.02869242070693967,0.00023836402809906954,ultratech,2026-07-13
digest,2026-07-14,ultratech,cement,1,35,0.0285714285714285,0.1,11462.0,11496.0,0.002966323503751589,0.027487821851078564,0.05201809324982598,0.04001391788448161,0.21552383049291704,0.2328726514590727,1.0,0.0,0.01700325397678519,0.01156817459464331,0.0,0.0,0.0013363472432371126,0.008860556470356773,0.019536098692762516,0.002966323503751589,0.05201809324982598,0.0013363472432371126,ultratech,2026-07-14
digest,2026-07-15,ultratech,cement,0,17,0.0,0.0,11504.0,11812.0,0.026773296244784417,-0.003471046393498156,0.006857433118862222,0.01574669827294284,0.22089625426158302,0.2546389851885308,1.0,-1.0,0.01836785952049521,-0.01836785952049521,0.0,1.0,0.00350542997824016,0.004190670949214076,0.012942725012126843,0.026773296244784417,0.006857433118862222,0.00350542997824016,ultratech,2026-07-15
digest,2026-07-16,ultratech,cement,1,38,0.0263157894736842,0.125,11860.0,11771.0,-0.007504215851601992,-0.003738000169909106,0.01163877325630791,0.006456545748024789,0.21677749784223424,0.2556735648900713,1.0,0.0,0.01836785952049521,0.007947929953188989,0.0,0.0,-0.001269156198375837,0.012811198311355243,0.01447365998812944,0.007504215851601992,0.01163877325630791,0.001269156198375837,ultratech,2026-07-16
digest,2026-07-17,ultratech,cement,0,45,0.0,0.0,11770.0,11727.0,-0.003653355989804541,0.015008100963588289,0.010147522810608045,0.015008100963588289,0.21962561436992684,0.24428204904597964,1.0,-1.0,0.018142295610720775,-0.018142295610720775,0.0,1.0,-0.000902516498052397,0.014800673159179961,0.02240738298087394,0.003653355989804541,0.010147522810608045,0.000902516498052397,ultratech,2026-07-17
digest,2026-07-18,ultratech,cement,0,9,0.0,0.0,11768.0,11903.0,0.011471787899388186,0.016046374863479818,-0.00184827354448458,0.01268587750987149,0.1896063213964335,0.2527534022812994,0.8,-0.8,0.014916489159107881,-0.014916489159107881,0.0,1.0,0.0023722171894269284,0.005314086531921058,0.005010280785104848,0.011471787899388186,0.00184827354448458,0.0023722171894269284,ultratech,2026-07-18
digest,2026-07-19,ultratech,cement,0,2,0.0,0.0,11768.0,11903.0,0.011471787899388186,0.016046374863479818,-0.00184827354448458,0.01268587750987149,0.1896063213964335,0.2527534022812994,0.5,-0.5,0.00914725838987712,-0.00914725838987712,0.0,1.0,0.0023722171894269284,0.005314086531921058,0.005010280785104848,0.011471787899388186,0.00184827354448458,0.0023722171894269284,ultratech,2026-07-19
digest,2026-07-20,ultratech,cement,0,12,0.0,0.0,11768.0,11903.0,0.011471787899388186,0.016046374863479818,-0.00184827354448458,0.01268587750987149,0.1896063213964335,0.2527534022812994,0.2,-0.2,0.00548872180451127,-0.00548872180451127,0.0,1.0,0.0023722171894269284,0.005314086531921058,0.005010280785104848,0.011471787899388186,0.00184827354448458,0.0023722171894269284,ultratech,2026-07-20
digest,2026-07-21,ultratech,cement,2,16,0.125,0.5,12070.0,12094.0,0.00198840099420039,-0.01661981147676539,-0.011410616834794163,-0.003638167686456084,0.1437425663439871,0.26109915468151335,0.2,1.8,0.00548872180451127,0.11951127819548873,0.0,0.0,-0.0046331067540744675,0.010365997466500854,0.008147846048954105,0.00198840099420039,0.011410616834794163,0.0046331067540744675,ultratech,2026-07-21
digest,2026-07-22,ultratech,cement,3,27,0.1111111111111111,0.5,12081.0,11893.0,-0.015561625693237269,0.0012612461111578543,0.008828722778104758,0.024972673000924983,0.06828234217051467,0.2360152972269116,0.4,2.6,0.01798872180451127,0.09312238930659983,1.0,0.0,-0.0004519491765173633,0.00855286305853531,0.012305040618629443,0.015561625693237269,0.008828722778104758,0.0004519491765173633,ultratech,2026-07-22
digest,2026-07-23,ultratech,cement,1,30,0.0333333333333333,0.25,11793.0,11908.0,0.009751547528194626,-0.005206583809203913,-0.005122606650990957,0.01402418542156525,0.12332062936344111,0.2292124334686885,0.7,0.30000000000000004,0.029099832915622383,0.004233500417710916,0.0,0.0,0.009588213688184244,0.0014751114156011658,0.012620129507253636,0.009751547528194626,0.005122606650990957,0.009588213688184244,ultratech,2026-07-23
digest,2026-07-24,ultratech,cement,1,11,0.0909090909090909,0.5,11750.0,11846.0,0.00817021276595753,0.002954583825764079,0.004811750801958503,0.02186392031065343,0.12214385066201078,0.2206604154265426,0.8,0.19999999999999996,0.03243316624895572,0.05847592466013518,0.0,0.0,0.007453689566365523,0.007399955155522081,0.01572707094493489,0.00817021276595753,0.004811750801958503,0.007453689566365523,ultratech,2026-07-24
digest,2026-07-25,ultratech,cement,0,21,0.0,0.0,11905.0,11881.0,-0.0020159596808063673,0.006312599949499287,0.014561063883511416,0.01321437589428509,0.14868670501913595,0.20804308585135398,0.8,-0.8,0.03866693248272195,-0.03866693248272195,0.0,1.0,-0.015574621323791199,-0.00043014395397006355,0.014510347048653116,0.0020159596808063673,0.014561063883511416,0.015574621323791199,ultratech,2026-07-25
digest,2026-07-26,ultratech,cement,0,12,0.0,0.0,11905.0,11881.0,-0.0020159596808063673,0.006312599949499287,0.014561063883511416,0.01321437589428509,0.14868670501913595,0.20804308585135398,0.8,-0.8,0.03866693248272195,-0.03866693248272195,0.0,1.0,-0.015574621323791199,-0.00043014395397006355,0.014510347048653116,0.0020159596808063673,0.014561063883511416,0.015574621323791199,ultratech,2026-07-26
digest,2026-07-27,ultratech,cement,1,40,0.025,0.0588235294117647,11905.0,11881.0,-0.0020159596808063673,0.006312599949499287,0.014561063883511416,0.01321437589428509,0.14868670501913595,0.20804308585135398,0.7,0.30000000000000004,0.03603535353535353,-0.01103535353535353,0.0,0.0,-0.015574621323791199,-0.00043014395397006355,0.014510347048653116,0.0020159596808063673,0.014561063883511416,0.015574621323791199,ultratech,2026-07-27
digest,2026-07-28,ultratech,cement,1,13,0.0769230769230769,0.1666666666666666,11894.0,11956.0,0.005212712291911892,0.003512880562060783,0.007862161257945699,-0.014720642355302793,0.14663353399819692,0.20201789069999662,0.8,0.19999999999999996,0.03853535353535353,0.03838772338772337,0.0,0.0,0.007040432902536142,-0.002414698713114616,-0.0005370347505455342,0.005212712291911892,0.007862161257945699,0.007040432902536142,ultratech,2026-07-28
digest,2026-07-29,ultratech,cement,0,28,0.0,0.0,12050.0,11998.0,-0.004315352697095487,-0.012585430905150852,0.016002667111185254,-0.00891815302550425,0.16359825868787573,0.1541628944493768,0.9,-0.9,0.04622766122766122,-0.04622766122766122,0.0,1.0,-0.011191339733106015,0.003661388534281551,0.010696967675051655,0.004315352697095487,0.016002667111185254,0.011191339733106015,ultratech,2026-07-29
digest,2026-07-30,ultratech,cement,0,29,0.0,0.0,11800.0,11847.0,0.003983050847457648,0.004726935089051976,0.019245378576854932,-0.011901747277791808,0.14487151033941215,0.16867419097226732,0.9,-0.9,0.04622766122766122,-0.04622766122766122,0.0,1.0,0.010792156914385787,0.01115099992326854,0.005400376620421282,0.003983050847457648,0.019245378576854932,0.010792156914385787,ultratech,2026-07-30
digest,2026-07-31,ultratech,cement,0,16,0.0,0.0,11850.0,11903.0,0.004472573839662486,0.01268587750987149,0.016970511635722163,-0.023859531210619123,0.1448940386907035,0.16779594791124813,0.9,-0.9,0.04622766122766122,-0.04622766122766122,0.0,1.0,0.011588034575597761,0.008270611298199365,-0.0031778099752639566,0.004472573839662486,0.016970511635722163,0.011588034575597761,ultratech,2026-07-31
digest,2026-08-01,ultratech,cement,1,19,0.0526315789473684,0.1666666666666666,11940.0,12054.0,0.009547738693467256,-0.0003318400530943899,-0.0013273602123776707,-0.030944084951053608,0.12813549988046272,0.1629112205264719,0.7,0.30000000000000004,0.03372766122766122,0.018903917719707175,0.0,0.0,-0.01284509905011405,0.014687873411743074,0.015885388559090136,0.009547738693467256,0.0013273602123776707,0.01284509905011405,ultratech,2026-08-01
digest,2026-08-02,ultratech,cement,0,4,0.0,0.0,11940.0,12054.0,0.009547738693467256,-0.0003318400530943899,-0.0013273602123776707,-0.030944084951053608,0.12813549988046272,0.1629112205264719,0.5,-0.5,0.027879708011286954,-0.027879708011286954,0.0,1.0,-0.01284509905011405,0.014687873411743074,0.015885388559090136,0.009547738693467256,0.0013273602123776707,0.01284509905011405,ultratech,2026-08-02
digest,2026-08-03,ultratech,cement,0,18,0.0,0.0,11940.0,12054.0,0.009547738693467256,-0.0003318400530943899,-0.0013273602123776707,-0.030944084951053608,0.12813549988046272,0.1629112205264719,0.4,-0.4,0.02454637467795362,-0.02454637467795362,0.0,1.0,-0.01284509905011405,0.014687873411743074,0.015885388559090136,0.009547738693467256,0.0013273602123776707,0.01284509905011405,ultratech,2026-08-03
digest,2026-08-04,ultratech,cement,0,23,0.0,0.0,11920.0,12050.0,0.01090604026845643,0.011618257261410747,-0.02240663900414941,-0.04572614107883821,0.197745179387732,0.14065175160441776,0.3,-0.3,0.015455465587044531,-0.015455465587044531,0.0,1.0,0.01616203842403946,0.0018450517374359598,-0.0019036731534616547,0.01090604026845643,0.02240663900414941,0.01616203842403946,ultratech,2026-08-04
digest,2026-08-05,ultratech,cement,3,23,0.1304347826086956,0.375,12049.0,12190.0,0.011702215951531203,-0.009433962264150941,-0.024528301886792447,-0.06070549630844957,0.18681114005425464,0.11881016290974804,0.3,2.7,0.015455465587044531,0.11497931702165107,1.0,0.0,0.007649582118308712,0.006998674766673735,-0.005688657708305678,0.011702215951531203,0.024528301886792447,0.007649582118308712,ultratech,2026-08-05
digest,2026-08-06,ultratech,cement,1,41,0.024390243902439,0.125,12190.0,12075.0,-0.009433962264150941,0.00248447204968949,-0.03055900621118013,-0.04140786749482406,0.20071889332916873,0.13318132499590482,0.6,0.4,0.028498943847914092,-0.004108699945475091,0.0,0.0,0.006996072533835801,-0.005259617408439193,-0.008143229821877318,0.009433962264150941,0.03055900621118013,0.006996072533835801,ultratech,2026-08-06
digest,2026-08-07,ultratech,cement,1,18,0.0555555555555555,0.1428571428571428,12051.0,12105.0,0.004480955937266717,-0.0055349029326724475,-0.04014869888475836,-0.044196612969847116,0.1857113298907212,0.12795133475950596,0.6,0.4,0.02843796823815799,0.027117587317397506,0.0,0.0,0.009053177333091966,-0.010926085127193091,-0.012482533679697205,0.004480955937266717,0.04014869888475836,0.009053177333091966,ultratech,2026-08-07
digest,2026-08-08,ultratech,cement,0,9,0.0,0.0,12040.0,12038.0,-0.00016611295681068228,-0.02143213158331947,-0.02965608905133743,-0.044359528160824,0.20968507559385435,0.13351539523258915,0.6,-0.6,0.02630121610140585,-0.02630121610140585,0.0,1.0,0.0011609030938760367,0.0019357336379316747,-0.001606793500264464,0.00016611295681068228,0.02965608905133743,0.0011609030938760367,ultratech,2026-08-08
digest,2026-08-09,ultratech,cement,0,12,0.0,0.0,12040.0,12038.0,-0.00016611295681068228,-0.02143213158331947,-0.02965608905133743,-0.044359528160824,0.20968507559385435,0.13351539523258915,0.6,-0.6,0.02630121610140585,-0.02630121610140585,0.0,1.0,0.0011609030938760367,0.0019357336379316747,-0.001606793500264464,0.00016611295681068228,0.02965608905133743,0.0011609030938760367,ultratech,2026-08-09
digest,2026-08-10,ultratech,cement,0,16,0.0,0.0,12040.0,12038.0,-0.00016611295681068228,-0.02143213158331947,-0.02965608905133743,-0.044359528160824,0.20968507559385435,0.13351539523258915,0.6,-0.6,0.02630121610140585,-0.02630121610140585,0.0,1.0,0.0011609030938760367,0.0019357336379316747,-0.001606793500264464,0.00016611295681068228,0.02965608905133743,0.0011609030938760367,ultratech,2026-08-10
digest,2026-08-11,ultratech,cement,3,77,0.0389610389610389,0.1363636363636363,12036.0,11780.0,-0.02126952475905619,0.009422750424448179,-0.023853989813242826,-0.02037351443123936,0.18511147339561693,0.17177643161157705,0.6,2.4,0.02630121610140585,0.012659822859633046,1.0,0.0,-0.0020796749663027914,-0.0035620974521410054,0.003212692849169224,0.02126952475905619,0.023853989813242826,0.0020796749663027914,ultratech,2026-08-11
digest,2026-08-12,ultratech,cement,2,25,0.08,0.3333333333333333,11790.0,11891.0,0.00856658184902459,-0.015557985030695498,-0.0370868724245228,-0.014632915650491962,0.13872964420742126,0.17894919801221687,0.8,1.2,0.0249341621027729,0.055065837897227105,0.0,0.0,0.007993040262554346,-0.012334458864301012,-0.010697334371759876,0.00856658184902459,0.0370868724245228,0.007993040262554346,ultratech,2026-08-12
digest,2026-08-13,ultratech,cement,3,45,0.0666666666666666,0.3,11875.0,11706.0,-0.014231578947368373,-0.007432086109687375,-0.011190842303092419,0.0009396890483512887,0.1664023673883513,0.18493511835311438,1.0,2.0,0.032934162102772904,0.03373250456389369,1.0,0.0,-0.005578798634173848,-0.002530912846748029,0.007589069277459476,0.014231578947368373,0.011190842303092419,0.005578798634173848,ultratech,2026-08-13
digest,2026-08-14,ultratech,cement,1,41,0.024390243902439,0.25,11657.0,11619.0,-0.0032598438706357147,0.005336087442981308,-0.0042172303984852055,-0.0025819777949909195,0.15983857364996726,0.18421459504242077,1.3,-0.30000000000000004,0.03960082876943956,-0.015210584867000557,0.0,0.0,0.0036389582045962543,-0.0013313740320742007,0.008894836631655884,0.0032598438706357147,0.0042172303984852055,0.0036389582045962543,ultratech,2026-08-14
digest,2026-08-15,ultratech,cement,0,5,0.0,0.0,11610.0,11681.0,0.0061154177433246915,-0.015580857803270232,-0.01515281225922438,-0.019775704134919914,0.15215124073341305,0.1706084418435189,1.4,-1.4,0.04203985315968346,-0.04203985315968346,0.0,1.0,0.009877227425739238,-0.003423872030815983,0.00560609740878984,0.0061154177433246915,0.01515281225922438,0.009877227425739238,ultratech,2026-08-15
digest,2026-08-16,ultratech,cement,0,3,0.0,0.0,11610.0,11681.0,0.0061154177433246915,-0.015580857803270232,-0.01515281225922438,-0.019775704134919914,0.15215124073341305,0.1706084418435189,1.1,-1.1,0.028996374898813904,-0.028996374898813904,0.0,1.0,0.009877227425739238,-0.003423872030815983,0.00560609740878984,0.0061154177433246915,0.01515281225922438,0.009877227425739238,ultratech,2026-08-16
digest,2026-08-17,ultratech,cement,0,31,0.0,0.0,11610.0,11681.0,0.0061154177433246915,-0.015580857803270232,-0.01515281225922438,-0.019775704134919914,0.15215124073341305,0.1706084418435189,1.0,-1.0,0.02655735050857,-0.02655735050857,0.0,1.0,0.009877227425739238,-0.003423872030815983,0.00560609740878984,0.0061154177433246915,0.01515281225922438,0.009877227425739238,ultratech,2026-08-17
digest,2026-08-18,ultratech,cement,1,59,0.0169491525423728,0.0833333333333333,11626.0,11499.0,-0.010923791501806335,-0.004261240107835462,0.0035655274371684254,-0.008609444299504276,0.10565695523139304,0.18059635904271112,0.9,0.09999999999999998,0.02100179495301445,-0.004052642410641648,0.0,0.0,-0.006498638249732763,0.006914189258774767,0.016364147348475466,0.010923791501806335,0.0035655274371684254,0.006498638249732763,ultratech,2026-08-18
digest,2026-07-07,vaml,aluminium,2,52,0.0384615384615384,0.2857142857142857,467.0,445.1499938964844,-0.046788021634937116,0.013478602902991854,0.021453484087360586,-0.008087175452939022,0.21020914610026945,0.3945623917440191,0.6,1.4,0.0121658986175115,0.0262956398440269,0.0,0.0,-0.02597184475278629,0.00967288783018121,0.003233882796410171,0.046788021634937116,0.021453484087360586,0.02597184475278629,vaml,2026-07-07
digest,2026-07-08,vaml,aluminium,3,82,0.0365853658536585,0.1304347826086956,443.8999938964844,451.1499938964844,0.016332507546036767,-0.016291712740667985,-0.0034356374020574343,-0.04422028584584359,0.2155002965657285,0.3936424050967522,0.8333333333333334,2.1666666666666665,0.01654850525818265,0.02003686059547585,1.0,0.0,0.0033817406316803307,0.003386806991360536,-0.021295493809582445,0.016332507546036767,0.0034356374020574343,0.0033817406316803307,vaml,2026-07-08
digest,2026-07-09,vaml,aluminium,2,23,0.0869565217391304,0.4,455.1000061035156,443.79998779296875,-0.024829747657653556,-0.0005633168248679876,0.027377252699994248,-0.01566016647277435,0.18161579919019089,0.3316857253791613,1.1428571428571428,0.8571428571428572,0.0194109139146792,0.06754560782445121,0.0,0.0,-0.016621711020008624,0.03232278304653802,-0.00493381662857364,0.024829747657653556,0.027377252699994248,0.016621711020008624,vaml,2026-07-09
digest,2026-07-10,vaml,aluminium,0,22,0.0,0.0,450.1499938964844,443.54998779296875,-0.014661793164509884,0.01668363119765548,-0.003494505322119923,-0.017923530398480936,0.31822501055137553,0.3317177877084259,1.25,-1.25,0.0278541148927356,-0.0278541148927356,0.0,1.0,-0.009334291137762518,0.03168460516478584,0.004588147823408016,0.014661793164509884,0.003494505322119923,0.009334291137762518,vaml,2026-07-10
digest,2026-07-12,vaml,aluminium,0,2,0.0,0.0,441.8999938964844,450.95001220703125,0.020479788267810717,0.008315777577312389,-0.03182172239730985,-0.03060210208889247,0.283993869791322,0.3249553486706059,1.1111111111111112,-1.1111111111111112,0.0247592132379872,-0.0247592132379872,0.0,1.0,0.014614400280847307,-0.005069424990148418,-0.006272749793563646,0.020479788267810717,0.03182172239730985,0.014614400280847307,vaml,2026-07-12
digest,2026-07-13,vaml,aluminium,0,33,0.0,0.0,441.8999938964844,450.95001220703125,0.020479788267810717,0.008315777577312389,-0.03182172239730985,-0.03060210208889247,0.283993869791322,0.3249553486706059,1.0,-1.0,0.02228329191418848,-0.02228329191418848,0.0,1.0,0.014614400280847307,-0.005069424990148418,-0.006272749793563646,0.020479788267810717,0.03182172239730985,0.014614400280847307,vaml,2026-07-13
digest,2026-07-14,vaml,aluminium,0,35,0.0,0.0,447.04998779296875,454.70001220703125,0.01711223492439795,-0.011216199618647726,-0.028920220059451274,-0.049703113034502255,0.2944221969000775,0.3240901914476385,1.0,-1.0,0.02228329191418848,-0.02228329191418848,0.0,1.0,0.009518688288246757,-0.0067106082317897955,-0.008730664836211745,0.01711223492439795,0.028920220059451274,0.009518688288246757,vaml,2026-07-14
digest,2026-07-15,vaml,aluminium,0,17,0.0,0.0,454.5,449.6000061035156,-0.01078106467873352,0.01412367886412702,-0.04092525277290138,-0.022241992580617542,0.32045384855361614,0.3279101316403716,1.0,-1.0,0.02228329191418848,-0.02228329191418848,0.0,1.0,0.004702051437173015,-0.025201898246214438,-0.016314323825019073,0.01078106467873352,0.04092525277290138,0.004702051437173015,vaml,2026-07-15
digest,2026-07-16,vaml,aluminium,0,38,0.0,0.0,452.0,455.95001220703125,0.00873896505980376,-0.030595485982127912,-0.0418905704400836,0.0024124916251522244,0.31603396029601216,0.31566945309775263,1.0,-1.0,0.02228329191418848,-0.02228329191418848,0.0,1.0,0.019809495894242635,-0.036704603762565347,-0.00933735621671461,0.00873896505980376,0.0418905704400836,0.019809495894242635,vaml,2026-07-16
digest,2026-07-17,vaml,aluminium,0,45,0.0,0.0,455.8999938964844,442.0,-0.03048912937612469,-0.012217180761276869,-0.014479624200190888,0.027601837572468924,0.2468823192443271,0.3483637801656074,0.9,-0.9,0.01942614905704563,-0.01942614905704563,0.0,1.0,-0.010225125818267667,-0.02806692888003528,-0.007206115080414001,0.03048912937612469,0.014479624200190888,0.010225125818267667,vaml,2026-07-17
digest,2026-07-18,vaml,aluminium,0,9,0.0,0.0,442.0,436.6000061035156,-0.012217180761276869,0.011337566697787738,0.0012597063336694525,0.05348146078124305,0.23410712906439418,0.3372767447545336,0.7,-0.7,0.01620034260543273,-0.01620034260543273,0.0,1.0,-0.020216669161619148,-0.0012008582015696325,0.004180870779538638,0.012217180761276869,0.0012597063336694525,0.020216669161619148,vaml,2026-07-18
digest,2026-07-19,vaml,aluminium,0,2,0.0,0.0,442.0,436.6000061035156,-0.012217180761276869,0.011337566697787738,0.0012597063336694525,0.05348146078124305,0.23410712906439418,0.3372767447545336,0.5,-0.5,0.012354188759278888,-0.012354188759278888,0.0,1.0,-0.020216669161619148,-0.0012008582015696325,0.004180870779538638,0.012217180761276869,0.0012597063336694525,0.020216669161619148,vaml,2026-07-19
digest,2026-07-20,vaml,aluminium,0,12,0.0,0.0,442.0,436.6000061035156,-0.012217180761276869,0.011337566697787738,0.0012597063336694525,0.05348146078124305,0.23410712906439418,0.3372767447545336,0.2,-0.2,0.00869565217391304,-0.00869565217391304,0.0,1.0,-0.020216669161619148,-0.0012008582015696325,0.004180870779538638,0.012217180761276869,0.0012597063336694525,0.020216669161619148,vaml,2026-07-20
digest,2026-07-21,vaml,aluminium,0,16,0.0,0.0,436.6000061035156,441.54998779296875,0.011337566697787738,-0.023440099359237965,-0.021401838864694933,0.05899675921350278,0.2224700563095377,0.25537999907958414,0.0,0.0,0.0,0.0,0.0,1.0,0.0030548334485179796,-0.002137814804362658,-0.0009126368838670018,0.011337566697787738,0.021401838864694933,0.0030548334485179796,vaml,2026-07-21
digest,2026-07-22,vaml,aluminium,0,27,0.0,0.0,440.0,431.20001220703125,-0.01999997225674721,0.013102953934453154,0.01948050477431651,0.08522727031453625,0.18621028376857546,0.2650740225959629,0.0,0.0,0.0,0.0,0.0,1.0,-0.011385417109510309,0.009456788374217285,-0.007512984567060205,0.01999997225674721,0.01948050477431651,0.011385417109510309,vaml,2026-07-22
digest,2026-07-23,vaml,aluminium,1,30,0.0333333333333333,0.1428571428571428,432.0,436.8500061035156,0.011226865980360268,-0.0028613940312131048,0.04624008562945181,0.10026321891040557,0.31793020443812053,0.2691481892868911,0.0,1.0,0.0,0.0333333333333333,0.0,0.0,0.006787592712663759,0.028970855557106344,0.015026749226000863,0.011226865980360268,0.04624008562945181,0.006787592712663759,vaml,2026-07-23
digest,2026-07-24,vaml,aluminium,0,11,0.0,0.0,432.0,435.6000061035156,0.008333347461841667,0.003558282303146809,0.04269973793135251,0.07908627457931305,0.32679973449597205,0.26918418753580303,0.1,-0.1,0.0033333333333333296,-0.0033333333333333296,0.0,1.0,0.0029318558794140474,0.021445585578362115,-0.02052847633891161,0.008333347461841667,0.04269973793135251,0.0029318558794140474,vaml,2026-07-24
digest,2026-07-25,vaml,aluminium,0,21,0.0,0.0,437.0,437.1499938964844,0.0003432354610626298,-0.011552071059080404,0.05215605313709748,0.08109347524187704,0.3243946120650339,0.25160736769138803,0.1,-0.1,0.0033333333333333296,-0.0033333333333333296,0.0,1.0,0.009448974120328746,0.005228749470581738,-0.022786342092057904,0.0003432354610626298,0.05215605313709748,0.009448974120328746,vaml,2026-07-25
digest,2026-07-26,vaml,aluminium,0,12,0.0,0.0,437.0,437.1499938964844,0.0003432354610626298,-0.011552071059080404,0.05215605313709748,0.08109347524187704,0.3243946120650339,0.25160736769138803,0.1,-0.1,0.0033333333333333296,-0.0033333333333333296,0.0,1.0,0.009448974120328746,0.005228749470581738,-0.022786342092057904,0.0003432354610626298,0.05215605313709748,0.009448974120328746,vaml,2026-07-26
digest,2026-07-27,vaml,aluminium,0,40,0.0,0.0,437.0,437.1499938964844,0.0003432354610626298,-0.011552071059080404,0.05215605313709748,0.08109347524187704,0.3243946120650339,0.25160736769138803,0.1,-0.1,0.0033333333333333296,-0.0033333333333333296,0.0,1.0,0.009448974120328746,0.005228749470581738,-0.022786342092057904,0.0003432354610626298,0.05215605313709748,0.009448974120328746,vaml,2026-07-27
digest,2026-07-28,vaml,aluminium,1,13,0.0769230769230769,0.5,438.0,432.1000061035156,-0.013470305699736063,0.01735709302027466,0.08215690696263378,0.07266834865297844,0.25954674922712045,0.2463241262227341,0.1,0.9,0.0033333333333333296,0.07358974358974357,0.0,0.0,-0.0009043213810818081,0.0013860255316592573,-0.03263805102437903,0.013470305699736063,0.08215690696263378,0.0009043213810818081,vaml,2026-07-28
digest,2026-07-29,vaml,aluminium,1,28,0.0357142857142857,0.3333333333333333,432.1499938964844,439.6000061035156,0.01723941296367526,0.03969513523014845,0.06449045884871962,0.04970428980924635,0.28012950390723806,0.26695450759737405,0.2,0.8,0.01102564102564102,0.02468864468864468,0.0,0.0,-0.0027251150797586096,-0.017488355022400356,-0.05443648366066878,0.01723941296367526,0.06449045884871962,0.0027251150797586096,vaml,2026-07-29
digest,2026-07-30,vaml,aluminium,0,29,0.0,0.0,440.6000061035156,457.04998779296875,0.037335409581425116,-0.006235588364633005,0.05163550319184296,-0.014002831347592948,0.2090727903815285,0.33316968068373815,0.3,-0.3,0.014597069597069589,-0.014597069597069589,0.0,1.0,0.02793515332718104,-0.01534065214777769,-0.07577321690110779,0.037335409581425116,0.05163550319184296,0.02793515332718104,vaml,2026-07-30
digest,2026-07-31,vaml,aluminium,1,16,0.0625,0.25,465.0,454.20001220703125,-0.02322578019993282,0.012659620971958718,0.03489646666656809,-0.02289745516193864,0.2984236263778187,0.2891724662640348,0.3,0.7,0.014597069597069589,0.04790293040293041,0.0,0.0,-0.014170472943932677,-0.04195736975228788,-0.055322781151897926,0.02322578019993282,0.03489646666656809,0.014170472943932677,vaml,2026-07-31
digest,2026-08-01,vaml,aluminium,1,19,0.0526315789473684,0.25,457.0,459.95001220703125,0.006455168943175549,0.016632228923696646,0.027502975455494516,-0.04011308124224289,0.29420834242102195,0.2796277454567371,0.4,0.6,0.02084706959706959,0.031784509350298806,0.0,0.0,-0.0027654860765742965,-0.02719202306610513,-0.06252997421850873,0.006455168943175549,0.027502975455494516,0.0027654860765742965,vaml,2026-08-01
digest,2026-08-02,vaml,aluminium,0,4,0.0,0.0,457.0,459.95001220703125,0.006455168943175549,0.016632228923696646,0.027502975455494516,-0.04011308124224289,0.29420834242102195,0.2796277454567371,0.5,-0.5,0.026110227491806432,-0.026110227491806432,0.0,1.0,-0.0027654860765742965,-0.02719202306610513,-0.06252997421850873,0.006455168943175549,0.027502975455494516,0.0027654860765742965,vaml,2026-08-02
digest,2026-08-03,vaml,aluminium,0,18,0.0,0.0,457.0,459.95001220703125,0.006455168943175549,0.016632228923696646,0.027502975455494516,-0.04011308124224289,0.29420834242102195,0.2796277454567371,0.4,-0.4,0.022776894158473098,-0.022776894158473098,0.0,1.0,-0.0027654860765742965,-0.02719202306610513,-0.06252997421850873,0.006455168943175549,0.027502975455494516,0.0027654860765742965,vaml,2026-08-03
digest,2026-08-04,vaml,aluminium,0,23,0.0,0.0,460.1000061035156,467.6000061035156,0.016300803956765364,0.0007485160370981347,-0.008768190868260972,-0.046300242972391215,0.3185680183813391,0.2840243589423168,0.4,-0.4,0.022776894158473098,-0.022776894158473098,0.0,1.0,0.00043355879384270393,-0.03145538397713317,-0.04165256256821008,0.016300803956765364,0.008768190868260972,0.00043355879384270393,vaml,2026-08-04
digest,2026-08-05,vaml,aluminium,0,23,0.0,0.0,463.54998779296875,467.95001220703125,0.009492017106961237,0.027139611834937627,-0.013890372540741103,-0.06784912741054294,0.31828247479546307,0.2359712723518301,0.4,-0.4,0.022776894158473098,-0.022776894158473098,0.0,1.0,-0.009283982541051651,-0.033984438165139276,-0.03320893197105272,0.009492017106961237,0.013890372540741103,0.009283982541051651,vaml,2026-08-05
digest,2026-08-06,vaml,aluminium,1,41,0.024390243902439,0.125,471.54998779296875,480.6499938964844,0.019298073033798824,-0.022053482238883593,-0.06241547983138218,-0.09341515544917345,0.2011217622544315,0.2538004740396798,0.4,0.6,0.022776894158473098,0.0016133497439659028,0.0,0.0,0.029725313922154984,-0.05713186718448413,-0.06715330764361882,0.019298073033798824,0.06241547983138218,0.029725313922154984,vaml,2026-08-06
digest,2026-08-07,vaml,aluminium,1,18,0.0555555555555555,0.25,481.0,470.04998779296875,-0.022765098143516127,0.005424993887394924,-0.055845124309548244,-0.06329114088415477,0.1864852632550056,0.2953174568728927,0.5,0.5,0.025215918548717,0.030339637006838498,0.0,0.0,-0.03275531290220557,-0.014597628536132577,-0.050282300262419734,0.022765098143516127,0.055845124309548244,0.03275531290220557,vaml,2026-08-07
digest,2026-08-08,vaml,aluminium,0,9,0.0,0.0,470.04998779296875,472.6000061035156,0.005424993887394924,-0.019255196754107584,-0.06580619065143145,-0.04919593673239908,0.1341580032175173,0.2947156774067341,0.5,-0.5,0.023079166411964856,-0.023079166411964856,0.0,1.0,0.006846063810586478,-0.03526428269843791,-0.04925186085005826,0.005424993887394924,0.06580619065143145,0.006846063810586478,vaml,2026-08-08
digest,2026-08-09,vaml,aluminium,1,12,0.0833333333333333,0.25,470.04998779296875,472.6000061035156,0.005424993887394924,-0.019255196754107584,-0.06580619065143145,-0.04919593673239908,0.1341580032175173,0.2947156774067341,0.4,0.6,0.019507737840536287,0.06382559549279701,0.0,0.0,0.006846063810586478,-0.03526428269843791,-0.04925186085005826,0.005424993887394924,0.06580619065143145,0.006846063810586478,vaml,2026-08-09
digest,2026-08-10,vaml,aluminium,0,16,0.0,0.0,470.04998779296875,472.6000061035156,0.005424993887394924,-0.019255196754107584,-0.06580619065143145,-0.04919593673239908,0.1341580032175173,0.2947156774067341,0.5,-0.5,0.02784107117386962,-0.02784107117386962,0.0,1.0,0.006846063810586478,-0.03526428269843791,-0.04925186085005826,0.005424993887394924,0.06580619065143145,0.006846063810586478,vaml,2026-08-10
digest,2026-08-11,vaml,aluminium,1,77,0.0129870129870129,0.0909090909090909,475.6000061035156,463.5,-0.02544156002572051,-0.004422843134776144,-0.03786405133326587,-0.033764819625640485,0.20017626701669278,0.3110932214000884,0.4,0.6,0.02159107117386962,-0.00860405818685672,0.0,0.0,-0.008902610298914659,-0.011094113212463695,-0.03446360697035296,0.02544156002572051,0.03786405133326587,0.008902610298914659,vaml,2026-08-11
digest,2026-08-12,vaml,aluminium,0,25,0.0,0.0,464.6499938964844,461.45001220703125,-0.006886864804664161,-0.023404524921112002,-0.054718819659867024,0.002492131034917966,0.21991264795124266,0.31041651569190715,0.4,-0.4,0.01762661457783407,-0.01762661457783407,0.0,1.0,-0.017038543142556505,-0.0014977222163657516,-0.00551420824513793,0.006886864804664161,0.054718819659867024,0.017038543142556505,vaml,2026-08-12
digest,2026-08-13,vaml,aluminium,0,45,0.0,0.0,461.6000061035156,450.6499938964844,-0.023721863219767103,-0.015200280031711477,-0.03306333983864862,0.008432305252443317,0.1973400359903174,0.27242155171814514,0.4,-0.4,0.01762661457783407,-0.01762661457783407,0.0,1.0,-0.0034154649781364954,-0.012049137995047608,-0.0016909399081549877,0.023721863219767103,0.03306333983864862,0.0034154649781364954,vaml,2026-08-13
digest,2026-08-14,vaml,aluminium,1,41,0.024390243902439,0.2,450.0,443.79998779296875,-0.013777804904513857,-0.0051824872830814606,-0.00788643554815227,0.027827864901332156,0.21076874747838706,0.28058547533384104,0.4,0.6,0.01762661457783407,0.00676362932460493,0.0,0.0,-0.002023933952583889,-0.0373411880846346,-0.026033657986948858,0.013777804904513857,0.00788643554815227,0.002023933952583889,vaml,2026-08-14
digest,2026-08-15,vaml,aluminium,0,5,0.0,0.0,445.8999938964844,441.5,-0.009867669784058841,0.010079302847182836,0.01778030827523347,-0.014382799781462396,0.2567144556092236,0.2681979298036943,0.5,-0.5,0.02006563896807797,-0.02006563896807797,0.0,1.0,-0.018640500670074677,-0.013818832842141762,-0.01797506054937934,0.009867669784058841,0.01778030827523347,0.018640500670074677,vaml,2026-08-15
digest,2026-08-16,vaml,aluminium,0,3,0.0,0.0,445.8999938964844,441.5,-0.009867669784058841,0.010079302847182836,0.01778030827523347,-0.014382799781462396,0.2567144556092236,0.2681979298036943,0.5,-0.5,0.02006563896807797,-0.02006563896807797,0.0,1.0,-0.018640500670074677,-0.013818832842141762,-0.01797506054937934,0.009867669784058841,0.01778030827523347,0.018640500670074677,vaml,2026-08-16
digest,2026-08-17,vaml,aluminium,0,31,0.0,0.0,445.8999938964844,441.5,-0.009867669784058841,0.010079302847182836,0.01778030827523347,-0.014382799781462396,0.2567144556092236,0.2681979298036943,0.4,-0.4,0.017626614577834068,-0.017626614577834068,0.0,1.0,-0.018640500670074677,-0.013818832842141762,-0.01797506054937934,0.009867669784058841,0.01778030827523347,0.018640500670074677,vaml,2026-08-17
digest,2026-08-18,vaml,aluminium,0,59,0.0,0.0,441.5,445.95001220703125,0.010079302847182836,-0.021863437006642727,0.004260553525004207,-0.025339203949389932,0.2531456826746649,0.2558448918631005,0.3,-0.3,0.01207105902227852,-0.01207105902227852,0.0,1.0,0.016389717843321727,-0.02419238578895775,-0.028355467676705316,0.010079302847182836,0.004260553525004207,0.016389717843321727,vaml,2026-08-18
digest,2026-07-07,vedanta,aluminium,1,52,0.0192307692307692,0.1428571428571428,282.0,275.04998779296875,-0.024645433358266855,-0.009998182592430904,-0.026722326530222773,-0.03708410158931075,0.0978849740545698,0.3369274418995297,0.6,0.4,0.01751152073732718,0.0017192484934420195,0.0,0.0,-0.003829256476116028,-0.03850292278740215,-0.025763043339961555,0.024645433358266855,0.026722326530222773,0.003829256476116028,vedanta,2026-07-07
digest,2026-07-08,vedanta,aluminium,6,82,0.073170731707317,0.2608695652173913,273.6000061035156,272.29998779296875,-0.004751528806819616,-0.003488732030995867,-0.04315093840156026,-0.036724202894944935,0.18265949972129283,0.3376356311852163,0.6666666666666666,5.333333333333333,0.017798062152900848,0.05537266955441615,1.0,0.0,-0.017702295721176053,-0.03632849400814229,-0.013799410858683792,0.004751528806819616,0.04315093840156026,0.017702295721176053,vedanta,2026-07-08
digest,2026-07-09,vedanta,aluminium,0,23,0.0,0.0,273.25,271.3500061035156,-0.00695331709600866,0.004422265201627917,-0.049567023786615594,-0.024875621331016284,0.17664220885070742,0.297643787480643,1.4285714285714286,-1.4285714285714286,0.025708443517817443,-0.025708443517817443,0.0,1.0,0.0012547195416362737,-0.044621493440071824,-0.014149271486815574,0.00695331709600866,0.049567023786615594,0.0012547195416362737,vedanta,2026-07-09
digest,2026-07-10,vedanta,aluminium,0,22,0.0,0.0,273.79998779296875,272.54998779296875,-0.004565376390539444,-0.010640227577948913,-0.07154645244755353,-0.028985486150471917,0.1264612040320653,0.2987251265540753,1.25,-1.25,0.02249488807809026,-0.02249488807809026,0.0,1.0,0.0007621256362079221,-0.03636734196064777,-0.0064738079285829656,0.004565376390539444,0.07154645244755353,0.0007621256362079221,vedanta,2026-07-10
digest,2026-07-12,vedanta,aluminium,0,2,0.0,0.0,271.0,269.6499938964844,-0.0049815723376960275,-0.007231528772819851,-0.028926341440834835,-0.01854255558381157,0.37847763342238666,0.1960302261964164,1.1111111111111112,-1.1111111111111112,0.019995456069413567,-0.019995456069413567,0.0,1.0,-0.010846960324659437,-0.0021740440336734043,0.005786796711517252,0.0049815723376960275,0.028926341440834835,0.010846960324659437,vedanta,2026-07-12
digest,2026-07-13,vedanta,aluminium,0,33,0.0,0.0,271.0,269.6499938964844,-0.0049815723376960275,-0.007231528772819851,-0.028926341440834835,-0.01854255558381157,0.37847763342238666,0.1960302261964164,1.0,-1.0,0.01799591046247221,-0.01799591046247221,0.0,1.0,-0.010846960324659437,-0.0021740440336734043,0.005786796711517252,0.0049815723376960275,0.028926341440834835,0.010846960324659437,vedanta,2026-07-13
digest,2026-07-14,vedanta,aluminium,1,35,0.0285714285714285,0.5,269.6499938964844,267.70001220703125,-0.007231528772819851,-0.026709092596278516,-0.010646268111902502,-0.03119165380186073,0.3963239794483679,0.19133529248235664,0.8,0.19999999999999996,0.010853053319615068,0.017718375251813433,0.0,0.0,-0.014825075408971045,0.011563343715758977,0.00978079439642978,0.007231528772819851,0.010646268111902502,0.014825075408971045,vedanta,2026-07-14
digest,2026-07-15,vedanta,aluminium,0,17,0.0,0.0,268.0,260.54998779296875,-0.027798553011310623,-0.0101707696052169,0.006716561435383905,0.015160285519452366,0.3440391876621623,0.2112898409660396,0.9,-0.9,0.013710196176757918,-0.013710196176757918,0.0,1.0,-0.012315436895404087,0.022439915962070844,0.021087954275050835,0.027798553011310623,0.006716561435383905,0.012315436895404087,vedanta,2026-07-15
digest,2026-07-16,vedanta,aluminium,0,38,0.0,0.0,261.0,257.8999938964844,-0.011877418021132624,-0.018805703604139024,0.025979109599050698,0.037223754675111964,0.32943841828364107,0.20800337900027596,0.9,-0.9,0.013710196176757918,-0.013710196176757918,0.0,1.0,-0.0008068871866937499,0.031165076276568948,0.02547390683324513,0.011877418021132624,0.025979109599050698,0.0008068871866937499,vedanta,2026-07-16
digest,2026-07-17,vedanta,aluminium,1,45,0.0222222222222222,0.2,258.0,253.0500030517578,-0.0191860346831092,0.03477574766105773,0.04584070620364278,0.04426001506884547,0.26265710130653236,0.17358744547975036,0.9,0.09999999999999998,0.013710196176757918,0.00851202604546428,0.0,0.0,0.0010779688747478249,0.03225340152379839,0.009452062415962546,0.0191860346831092,0.04584070620364278,0.0010779688747478249,vedanta,2026-07-17
digest,2026-07-18,vedanta,aluminium,0,9,0.0,0.0,253.0500030517578,261.8500061035156,0.03477574766105773,0.011456940729701603,0.010693098062643625,0.02062247000425743,0.13224972547004393,0.27793848248548525,0.9,-0.9,0.014319515173173689,-0.014319515173173689,0.0,1.0,0.026776259260715453,0.00823253352740454,-0.02867811999744698,0.03477574766105773,0.010693098062643625,0.026776259260715453,vedanta,2026-07-18
digest,2026-07-19,vedanta,aluminium,0,2,0.0,0.0,253.0500030517578,261.8500061035156,0.03477574766105773,0.011456940729701603,0.010693098062643625,0.02062247000425743,0.13224972547004393,0.27793848248548525,0.8,-0.8,0.012396438250096769,-0.012396438250096769,0.0,1.0,0.026776259260715453,0.00823253352740454,-0.02867811999744698,0.03477574766105773,0.010693098062643625,0.026776259260715453,vedanta,2026-07-19
digest,2026-07-20,vedanta,aluminium,1,12,0.0833333333333333,0.3333333333333333,253.0500030517578,261.8500061035156,0.03477574766105773,0.011456940729701603,0.010693098062643625,0.02062247000425743,0.13224972547004393,0.27793848248548525,0.2,0.8,0.00507936507936507,0.07825396825396823,0.0,0.0,0.026776259260715453,0.00823253352740454,-0.02867811999744698,0.03477574766105773,0.010693098062643625,0.026776259260715453,vedanta,2026-07-20
digest,2026-07-21,vedanta,aluminium,0,16,0.0,0.0,261.8500061035156,264.8500061035156,0.011456940729701603,-0.009628160286128895,-0.020766471109124107,0.015669223337160698,0.1748017369769945,0.27372322561595896,0.3,-0.3,0.013412698412698399,-0.013412698412698399,0.0,1.0,0.0031742074804318454,-0.0015024470487918322,-0.044240172760209084,0.011456940729701603,0.020766471109124107,0.0031742074804318454,vedanta,2026-07-21
digest,2026-07-22,vedanta,aluminium,2,27,0.074074074074074,0.3333333333333333,264.8500061035156,262.29998779296875,-0.009628160286128895,0.008768655804750836,0.008387389666093759,0.05604274834596579,0.23233892391432626,0.2734887252618539,0.3,1.7,0.013412698412698399,0.060661375661375604,0.0,0.0,-0.0010136051388919924,-0.0016363267340054662,-0.03669750653563067,0.009628160286128895,0.008387389666093759,0.0010136051388919924,vedanta,2026-07-22
digest,2026-07-23,vedanta,aluminium,2,30,0.0666666666666666,0.2857142857142857,261.0,264.6000061035156,0.013793126833393288,0.00018891833641609956,0.01095991621160386,0.0393045867595927,0.23788347919780467,0.28046375599042306,0.5,1.5,0.0208201058201058,0.045846560846560795,0.0,0.0,0.00935385356569678,-0.006309313860741607,-0.04593188292481201,0.013793126833393288,0.01095991621160386,0.00935385356569678,vedanta,2026-07-23
digest,2026-07-24,vedanta,aluminium,0,11,0.0,0.0,262.0,264.6499938964844,0.010114480520932778,0.0,-0.0015114071630805137,0.0536558191366725,0.259808354972178,0.27838793380016735,0.7,-0.7,0.02748677248677246,-0.02748677248677246,0.0,1.0,0.0047129889385051586,-0.02276555951607091,-0.045958931781552165,0.010114480520932778,0.0015114071630805137,0.0047129889385051586,vedanta,2026-07-24
digest,2026-07-25,vedanta,aluminium,1,21,0.0476190476190476,0.25,267.04998779296875,264.6499938964844,-0.008987058626435784,-0.02002640436501124,0.009824319529486258,0.07179293571958922,0.2725356822113152,0.27510168975338123,0.6,0.4,0.02462962962962961,0.022989417989417994,0.0,0.0,0.00011868003283033168,-0.037102984137029484,-0.032086881614345725,0.008987058626435784,0.009824319529486258,0.00011868003283033168,vedanta,2026-07-25
digest,2026-07-26,vedanta,aluminium,1,12,0.0833333333333333,0.5,267.04998779296875,264.6499938964844,-0.008987058626435784,-0.02002640436501124,0.009824319529486258,0.07179293571958922,0.2725356822113152,0.27510168975338123,0.7,0.30000000000000004,0.029391534391534368,0.05394179894179893,0.0,0.0,0.00011868003283033168,-0.037102984137029484,-0.032086881614345725,0.008987058626435784,0.009824319529486258,0.00011868003283033168,vedanta,2026-07-26
digest,2026-07-27,vedanta,aluminium,0,40,0.0,0.0,267.04998779296875,264.6499938964844,-0.008987058626435784,-0.02002640436501124,0.009824319529486258,0.07179293571958922,0.2725356822113152,0.27510168975338123,0.8,-0.8,0.0377248677248677,-0.0377248677248677,0.0,1.0,0.00011868003283033168,-0.037102984137029484,-0.032086881614345725,0.008987058626435784,0.009824319529486258,0.00011868003283033168,vedanta,2026-07-27
digest,2026-07-28,vedanta,aluminium,0,13,0.0,0.0,264.6499938964844,259.3500061035156,-0.02002640436501124,0.019857311645594677,0.03720838121990533,0.060343140652319605,0.1893762682528278,0.2893862113243801,0.7,-0.7,0.03550264550264548,-0.03550264550264548,0.0,1.0,-0.0074604200463569866,-0.043562500211069194,-0.044963259025037866,0.02002640436501124,0.03720838121990533,0.0074604200463569866,vedanta,2026-07-28
digest,2026-07-29,vedanta,aluminium,1,28,0.0357142857142857,0.3333333333333333,260.1499938964844,264.5,0.016721146283195765,0.011342155009451904,0.047258979206049156,0.04272207105092152,0.2372962789425452,0.27676931567897356,0.7,0.30000000000000004,0.03550264550264548,0.0002116402116402183,0.0,0.0,-0.003243381760238105,-0.03471983466507082,-0.06141870241899361,0.016721146283195765,0.047258979206049156,0.003243381760238105,vedanta,2026-07-29
digest,2026-07-30,vedanta,aluminium,0,29,0.0,0.0,265.3999938964844,267.5,0.007912607957085038,-0.012149532710280408,0.028037383177569986,0.013457966742114413,0.26278337440938304,0.2720905295469107,0.8,-0.8,0.03907407407407405,-0.03907407407407405,0.0,1.0,-0.001487648297159038,-0.03893877216205066,-0.04831241881140043,0.007912607957085038,0.028037383177569986,0.001487648297159038,vedanta,2026-07-30
digest,2026-07-31,vedanta,aluminium,1,16,0.0625,0.25,268.79998779296875,264.25,-0.016927038688979268,0.011352885525070855,0.055250732652849965,0.012298959318826963,0.211797081041127,0.25831412253610375,0.7,0.30000000000000004,0.030740740740740718,0.03175925925925928,0.0,0.0,-0.007871731432979123,-0.021603103766006007,-0.020126366671132323,0.016927038688979268,0.055250732652849965,0.007871731432979123,vedanta,2026-07-31
digest,2026-08-01,vedanta,aluminium,1,19,0.0526315789473684,0.25,267.8999938964844,267.25,-0.0024262557345765545,0.00654817586529477,0.06136573955653657,0.009167491887862589,0.21664541851945898,0.20195351135311318,0.8,0.19999999999999996,0.03699074074074072,0.015640838206627677,0.0,0.0,-0.0116469107543264,0.006670741034936922,-0.013249401088403244,0.0024262557345765545,0.06136573955653657,0.0116469107543264,vedanta,2026-08-01
digest,2026-08-02,vedanta,aluminium,0,4,0.0,0.0,267.8999938964844,267.25,-0.0024262557345765545,0.00654817586529477,0.06136573955653657,0.009167491887862589,0.21664541851945898,0.20195351135311318,0.7,-0.7,0.03484649122807016,-0.03484649122807016,0.0,1.0,-0.0116469107543264,0.006670741034936922,-0.013249401088403244,0.0024262557345765545,0.06136573955653657,0.0116469107543264,vedanta,2026-08-02
digest,2026-08-03,vedanta,aluminium,0,18,0.0,0.0,267.8999938964844,267.25,-0.0024262557345765545,0.00654817586529477,0.06136573955653657,0.009167491887862589,0.21664541851945898,0.20195351135311318,0.5,-0.5,0.0281798245614035,-0.0281798245614035,0.0,1.0,-0.0116469107543264,0.006670741034936922,-0.013249401088403244,0.0024262557345765545,0.06136573955653657,0.0116469107543264,vedanta,2026-08-03
digest,2026-08-04,vedanta,aluminium,0,23,0.0,0.0,268.0,269.0,0.003731343283582156,0.029739776951672958,0.02230483271375472,-0.018587360594795488,0.3765686502743287,0.19704003760220565,0.5,-0.5,0.0281798245614035,-0.0281798245614035,0.0,1.0,-0.012135901879340504,-0.0003823603951174752,-0.013939680190614357,0.003731343283582156,0.02230483271375472,0.012135901879340504,vedanta,2026-08-04
digest,2026-08-05,vedanta,aluminium,0,23,0.0,0.0,270.0,277.0,0.025925925925925908,-0.0072202166064981865,-0.004332174032603775,-0.05198553753243451,0.3053813073916222,0.2303713411590026,0.4,-0.4,0.02341791979949874,-0.02341791979949874,0.0,1.0,0.00714992627791302,-0.02442623965700195,-0.01734534209294429,0.025925925925925908,0.004332174032603775,0.00714992627791302,vedanta,2026-08-05
digest,2026-08-06,vedanta,aluminium,1,41,0.024390243902439,0.125,280.95001220703125,275.0,-0.021178188106454665,0.014000022194602169,-0.014181795987215917,-0.025454545454545507,0.3258288403586549,0.23799620408396321,0.3,0.7,0.015084586466165409,0.009305657436273592,0.0,0.0,-0.010750947218098505,-0.008898183340317866,0.0008073023510091204,0.021178188106454665,0.014181795987215917,0.010750947218098505,vedanta,2026-08-06
digest,2026-08-07,vedanta,aluminium,1,18,0.0555555555555555,0.25,273.95001220703125,278.8500061035156,0.017886452557561272,0.017213511521986025,-0.04070290785398889,0.0005379017149051979,0.2938163300620429,0.2419293547982755,0.4,0.6,0.01752361085640931,0.038031944699146183,0.0,0.0,0.00789623779887183,0.0005445879194267769,0.013546742336640239,0.017886452557561272,0.04070290785398889,0.00789623779887183,vedanta,2026-08-07
digest,2026-08-08,vedanta,aluminium,0,9,0.0,0.0,280.0,283.6499938964844,0.013035692487444184,-0.030495307888640855,-0.04918026437379042,-0.023444364673285478,0.24836638779094972,0.2466676135236574,0.5,-0.5,0.023079166411964856,-0.023079166411964856,0.0,1.0,0.014456762410635737,-0.018638356420796875,-0.023500288790944658,0.013035692487444184,0.04918026437379042,0.014456762410635737,vedanta,2026-08-08
digest,2026-08-09,vedanta,aluminium,1,12,0.0833333333333333,0.25,280.0,283.6499938964844,0.013035692487444184,-0.030495307888640855,-0.04918026437379042,-0.023444364673285478,0.24836638779094972,0.2466676135236574,0.4,0.6,0.019507737840536287,0.06382559549279701,0.0,0.0,0.014456762410635737,-0.018638356420796875,-0.023500288790944658,0.013035692487444184,0.04918026437379042,0.014456762410635737,vedanta,2026-08-09
digest,2026-08-10,vedanta,aluminium,0,16,0.0,0.0,280.0,283.6499938964844,0.013035692487444184,-0.030495307888640855,-0.04918026437379042,-0.023444364673285478,0.24836638779094972,0.2466676135236574,0.5,-0.5,0.02784107117386962,-0.02784107117386962,0.0,1.0,0.014456762410635737,-0.018638356420796875,-0.023500288790944658,0.013035692487444184,0.04918026437379042,0.014456762410635737,vedanta,2026-08-10
digest,2026-08-11,vedanta,aluminium,2,77,0.0259740259740259,0.1818181818181818,284.8999938964844,275.0,-0.034749014070114215,0.002909046519886438,-0.040000000000000036,0.0,0.20458258462218695,0.2819393532986844,0.4,1.6,0.02159107117386962,0.0043829548001562794,0.0,0.0,-0.018210064343308362,-0.013230061879197862,-0.0006987873447124703,0.034749014070114215,0.040000000000000036,0.018210064343308362,vedanta,2026-08-11
digest,2026-08-12,vedanta,aluminium,0,25,0.0,0.0,276.25,275.79998779296875,-0.001629003464366563,-0.0170412686638014,-0.04786070440061729,0.03879627512914641,0.18411549843270622,0.2712825894108624,0.5,-0.5,0.01892531587653537,-0.01892531587653537,0.0,1.0,-0.011780681802258908,0.005360393042883979,0.03078993584909051,0.001629003464366563,0.04786070440061729,0.011780681802258908,vedanta,2026-08-12
digest,2026-08-13,vedanta,aluminium,2,45,0.0444444444444444,0.25,276.20001220703125,271.1000061035156,-0.018464901803453948,-0.013279254970363308,-0.011434917129186428,0.036517866741412774,0.2653638017350155,0.28764693406006825,0.5,1.5,0.01892531587653537,0.025519128567909027,0.0,0.0,0.0018414964381766596,0.009579284714414583,0.02639462158081447,0.018464901803453948,0.011434917129186428,0.0018414964381766596,vedanta,2026-08-13
digest,2026-08-14,vedanta,aluminium,1,41,0.024390243902439,0.2,270.0,267.5,-0.0092592592592593,0.008224344699182318,0.04299065420560755,0.07644864376460281,0.37844496801296834,0.28919810991079037,0.7,0.30000000000000004,0.02336976032097981,0.0010204835814591924,0.0,0.0,0.002494611692670668,0.013535901669125217,0.022587120876321795,0.0092592592592593,0.04299065420560755,0.002494611692670668,vedanta,2026-08-14
digest,2026-08-15,vedanta,aluminium,0,5,0.0,0.0,268.0,269.70001220703125,0.00634332913071356,-0.02113463829825757,0.0270670651188738,0.0315164983881242,0.3950241866242675,0.2865897653646311,0.8,-0.8,0.02580878471122371,-0.02580878471122371,0.0,1.0,-0.002429501755302276,-0.004532075998501431,0.027924237620207258,0.00634332913071356,0.0270670651188738,0.002429501755302276,vedanta,2026-08-15
digest,2026-08-16,vedanta,aluminium,0,3,0.0,0.0,268.0,269.70001220703125,0.00634332913071356,-0.02113463829825757,0.0270670651188738,0.0315164983881242,0.3950241866242675,0.2865897653646311,0.8,-0.8,0.02580878471122371,-0.02580878471122371,0.0,1.0,-0.002429501755302276,-0.004532075998501431,0.027924237620207258,0.00634332913071356,0.0270670651188738,0.002429501755302276,vedanta,2026-08-16
digest,2026-08-17,vedanta,aluminium,0,31,0.0,0.0,268.0,269.70001220703125,0.00634332913071356,-0.02113463829825757,0.0270670651188738,0.0315164983881242,0.3950241866242675,0.2865897653646311,0.7,-0.7,0.02336976032097981,-0.02336976032097981,0.0,1.0,-0.002429501755302276,-0.004532075998501431,0.027924237620207258,0.00634332913071356,0.0270670651188738,0.002429501755302276,vedanta,2026-08-17
digest,2026-08-18,vedanta,aluminium,1,59,0.0169491525423728,0.5,268.8999938964844,264.0,-0.018222365220174286,-0.005303007183652952,0.04166666666666674,0.037878787878787845,0.3448618515145073,0.30485612716765487,0.6,0.4,0.01781420476542426,-0.0008650522230514573,0.0,0.0,-0.011911950224035395,0.013213727352704784,0.034862524151472465,0.018222365220174286,0.04166666666666674,0.011911950224035395,vedanta,2026-08-18
digest,2026-07-07,wipro,it,0,52,0.0,0.0,173.89999389648438,173.0,-0.005175353237908187,-0.0016184900537391522,0.023930632310106503,0.011387290293081609,0.17227708836216973,0.2163506227056211,2.2,-2.2,0.036527959281931324,-0.036527959281931324,0.0,1.0,-0.024018863489645274,0.0017250451650134661,-0.014737142452296556,0.005175353237908187,0.023930632310106503,0.024018863489645274,wipro,2026-07-07
digest,2026-07-08,wipro,it,0,82,0.0,0.0,173.0,172.72000122070312,-0.0016184900537391522,0.0002315498254410464,0.011174112217120058,0.009958321031420692,0.21798338238605292,0.21634791630143493,1.8333333333333333,-1.8333333333333333,0.030439966068276102,-0.030439966068276102,0.0,1.0,0.0167065055903423,-0.029247097751542425,-0.019127039303736406,0.0016184900537391522,0.011174112217120058,0.0167065055903423,wipro,2026-07-08
digest,2026-07-09,wipro,it,0,23,0.0,0.0,173.0,172.75999450683594,-0.0013873149893876002,0.01562868889142277,0.02882618166632933,0.011924131065547794,0.24152024597764735,0.2153949944493237,1.5714285714285714,-1.5714285714285714,0.0260913994870938,-0.0260913994870938,0.0,1.0,-0.0058799934905636045,-0.011226169087742953,-0.008938300040839151,0.0013873149893876002,0.02882618166632933,0.0058799934905636045,wipro,2026-07-09
digest,2026-07-10,wipro,it,0,22,0.0,0.0,175.22999572753906,175.4600067138672,0.0013126233632154705,0.016926854258916046,0.003077586147670841,0.009460779321793567,0.24370485774045283,0.23152586236473746,1.375,-1.375,0.022829974551207076,-0.022829974551207076,0.0,1.0,-0.007029105658853858,-0.019917969058874406,-0.006428850352076999,0.0013126233632154705,0.003077586147670841,0.007029105658853858,wipro,2026-07-10
digest,2026-07-12,wipro,it,0,2,0.0,0.0,174.60000610351562,178.42999267578125,0.0219357757066454,-0.007229688612254814,-0.011489031424743223,0.0005604781013321958,0.20051406045865397,0.2461055091424191,1.2222222222222223,-1.2222222222222223,0.020293310712184067,-0.020293310712184067,0.0,1.0,-0.008921193931637934,-0.006888109699666108,-0.006598213830235596,0.0219357757066454,0.011489031424743223,0.008921193931637934,wipro,2026-07-12
digest,2026-07-13,wipro,it,0,33,0.0,0.0,174.60000610351562,178.42999267578125,0.0219357757066454,-0.007229688612254814,-0.011489031424743223,0.0005604781013321958,0.20051406045865397,0.2461055091424191,1.1,-1.1,0.018263979640965662,-0.018263979640965662,0.0,1.0,-0.008921193931637934,-0.006888109699666108,-0.006598213830235596,0.0219357757066454,0.011489031424743223,0.008921193931637934,wipro,2026-07-13
digest,2026-07-14,wipro,it,0,35,0.0,0.0,178.5,177.13999938964844,-0.007619051038384117,-0.014056709392252453,-0.012250187289275294,0.022468080282558978,0.20178075597272618,0.18702576993083112,1.1,-1.1,0.018263979640965662,-0.018263979640965662,0.0,1.0,0.0063374334590906144,-0.016040117003674897,-0.03215628827548318,0.007619051038384117,0.012250187289275294,0.0063374334590906144,wipro,2026-07-14
digest,2026-07-15,wipro,it,0,17,0.0,0.0,175.1199951171875,174.64999389648438,-0.0026838809605299607,0.01769259493081421,-0.0012023559256612026,0.05130264544513996,0.1750560977025295,0.2068367118782448,0.5,-0.5,0.009308755760368648,-0.009308755760368648,0.0,1.0,-0.008757951726060677,0.009392510793515978,-0.025387678135427263,0.0026838809605299607,0.0012023559256612026,0.008757951726060677,wipro,2026-07-15
digest,2026-07-16,wipro,it,2,38,0.0526315789473684,0.0909090909090909,175.60000610351562,177.74000549316406,0.012186784255502348,-0.009789610888872091,-0.01642848024474497,0.048328997819351294,0.08839915658755944,0.19429641170900722,0.5,1.5,0.009308755760368648,0.043322823186999745,0.0,0.0,0.012635603361086805,0.002141571917811093,-0.018381000453502078,0.012186784255502348,0.01642848024474497,0.012635603361086805,wipro,2026-07-16
digest,2026-07-17,wipro,it,6,45,0.1333333333333333,0.4,173.5500030517578,176.0,0.014116951340597428,0.00215911865234375,0.006363608620383543,0.04346587441184302,0.1247951289380909,0.19438010439871925,0.6,5.4,0.01171477079796264,0.12161856253537066,1.0,0.0,0.0130941662558328,0.01314466791570806,-0.007696547568531248,0.014116951340597428,0.006363608620383543,0.0130941662558328,wipro,2026-07-17
digest,2026-07-18,wipro,it,1,9,0.1111111111111111,0.3333333333333333,177.0,176.3800048828125,-0.0035027972722457834,-0.007994124181174511,0.012189555714735567,0.069622397320239,0.1338003271446536,0.18624785632814905,0.8,0.19999999999999996,0.018596491228070174,0.09251461988304094,0.0,0.0,-0.0023822288691745562,0.00039620648142853036,-0.010094502368047598,0.0035027972722457834,0.012189555714735567,0.0023822288691745562,wipro,2026-07-18
digest,2026-07-19,wipro,it,0,2,0.0,0.0,177.0,176.3800048828125,-0.0035027972722457834,-0.007994124181174511,0.012189555714735567,0.069622397320239,0.1338003271446536,0.18624785632814905,0.9,-0.9,0.029707602339181283,-0.029707602339181283,0.0,1.0,-0.0023822288691745562,0.00039620648142853036,-0.010094502368047598,0.0035027972722457834,0.012189555714735567,0.0023822288691745562,wipro,2026-07-19
digest,2026-07-20,wipro,it,0,12,0.0,0.0,177.0,176.3800048828125,-0.0035027972722457834,-0.007994124181174511,0.012189555714735567,0.069622397320239,0.1338003271446536,0.18624785632814905,0.9,-0.9,0.029707602339181283,-0.029707602339181283,0.0,1.0,-0.0023822288691745562,0.00039620648142853036,-0.010094502368047598,0.0035027972722457834,0.012189555714735567,0.0023822288691745562,wipro,2026-07-20
digest,2026-07-21,wipro,it,1,16,0.0625,0.3333333333333333,176.11000061035156,174.97000122070312,-0.006473223472247436,-0.003029083703487867,0.03514884753716685,0.06475396783453924,0.1174615257968447,0.18681765500086092,0.9,0.09999999999999998,0.029707602339181283,0.03279239766081872,0.0,0.0,-0.0020096561370676145,-0.015498551504104584,-0.012674055526569333,0.006473223472247436,0.03514884753716685,0.0020096561370676145,wipro,2026-07-21
digest,2026-07-22,wipro,it,1,27,0.037037037037037,0.2,174.77000427246094,174.44000244140625,-0.0018882063454105369,0.002178427410536976,0.05256820706606846,0.07194452462802103,0.08293553974336566,0.18754526571576793,1.0,0.0,0.035957602339181285,0.0010794346978557148,0.0,0.0,0.01422915452439812,-0.03565457042393014,-0.029003626271360855,0.0018882063454105369,0.05256820706606846,0.01422915452439812,wipro,2026-07-22
digest,2026-07-23,wipro,it,0,30,0.0,0.0,173.80999755859375,174.82000732421875,0.0058109992509751685,0.01315631905164727,0.0658391146585966,0.06463784074789536,0.04448280596305961,0.18756086956032195,1.1,-1.1,0.03966130604288498,-0.03966130604288498,0.0,1.0,0.011328608191589172,-0.021185364713168314,-0.032992613806991575,0.0058109992509751685,0.0658391146585966,0.011328608191589172,wipro,2026-07-23
digest,2026-07-24,wipro,it,0,11,0.0,0.0,174.0,177.1199951171875,0.017931006420617734,0.007960725502371924,0.03686765446767559,0.05877373503325711,0.19772699470901617,0.1825983620061823,1.1,-1.1,0.03966130604288498,-0.03966130604288498,0.0,1.0,-0.009605766911439259,-0.021665035825791254,-0.03125516657489051,0.017931006420617734,0.03686765446767559,0.009605766911439259,wipro,2026-07-24
digest,2026-07-25,wipro,it,0,21,0.0,0.0,177.5,178.52999877929688,0.005802810024207794,0.014507345295467378,0.05674119168810088,0.039041064629813826,0.24381200181871485,0.1654442803761021,1.1,-1.1,0.03966130604288498,-0.03966130604288498,0.0,1.0,-0.0029581800360319963,-0.010200332676583948,-0.03511543020839063,0.005802810024207794,0.05674119168810088,0.0029581800360319963,wipro,2026-07-25
digest,2026-07-26,wipro,it,0,12,0.0,0.0,177.5,178.52999877929688,0.005802810024207794,0.014507345295467378,0.05674119168810088,0.039041064629813826,0.24381200181871485,0.1654442803761021,1.1,-1.1,0.03966130604288498,-0.03966130604288498,0.0,1.0,-0.0029581800360319963,-0.010200332676583948,-0.03511543020839063,0.005802810024207794,0.05674119168810088,0.0029581800360319963,wipro,2026-07-26
digest,2026-07-27,wipro,it,0,40,0.0,0.0,177.5,178.52999877929688,0.005802810024207794,0.014507345295467378,0.05674119168810088,0.039041064629813826,0.24381200181871485,0.1654442803761021,0.9,-0.9,0.034398148148148136,-0.034398148148148136,0.0,1.0,-0.0029581800360319963,-0.010200332676583948,-0.03511543020839063,0.005802810024207794,0.05674119168810088,0.0029581800360319963,wipro,2026-07-27
digest,2026-07-28,wipro,it,0,13,0.0,0.0,178.5500030517578,181.1199951171875,0.01439368256232787,0.013747822218927341,0.028599867900939158,0.0192138420944441,0.2914612582070547,0.1742145170989739,0.3,-0.3,0.021064814814814814,-0.021064814814814814,0.0,1.0,-0.007558667533493563,0.003171179400465792,-0.026433284316399547,0.01439368256232787,0.028599867900939158,0.007558667533493563,wipro,2026-07-28
digest,2026-07-29,wipro,it,0,28,0.0,0.0,183.0,183.61000061035156,0.0033333366685877053,0.014814014550740051,0.018408609942687004,0.0017972976959734766,0.28277738574804895,0.1561980026378564,0.2,-0.2,0.009953703703703704,-0.009953703703703704,0.0,1.0,0.001985814832704231,0.006532222631507382,-0.011181526391266964,0.0033333366685877053,0.018408609942687004,0.001985814832704231,wipro,2026-07-29
digest,2026-07-30,wipro,it,0,29,0.0,0.0,183.39999389648438,186.3300018310547,0.015976052519522277,-0.01438312621818294,-0.0011270687050043415,-0.017334812943691658,0.26832946643981703,0.15023341690519687,0.2,-0.2,0.009953703703703704,-0.009953703703703704,0.0,1.0,0.01692170159756875,-0.011059268843049445,-0.04031065286941586,0.015976052519522277,0.0011270687050043415,0.01692170159756875,wipro,2026-07-30
digest,2026-07-31,wipro,it,0,16,0.0,0.0,184.85000610351562,183.64999389648438,-0.006491815890767416,0.02728020654576735,0.021127171313708226,0.001905832372163907,0.23836578674365483,0.16385163883442228,0.2,-0.2,0.009953703703703704,-0.009953703703703704,0.0,1.0,-0.015013717388302808,-0.008704973356761372,-0.024825951612713545,0.006491815890767416,0.021127171313708226,0.015013717388302808,wipro,2026-07-31
digest,2026-08-01,wipro,it,0,19,0.0,0.0,184.02000427246094,188.66000366210938,0.02521464667927309,-0.012509278938520163,-0.016749727556292004,-0.035831705896349875,0.13988296387785265,0.19930385774579434,0.1,-0.1,0.003703703703703703,-0.003703703703703703,0.0,1.0,0.004061085259062125,-0.023502349703712788,-0.026066505389973904,0.02521464667927309,0.016749727556292004,0.004061085259062125,wipro,2026-08-01
digest,2026-08-02,wipro,it,0,4,0.0,0.0,184.02000427246094,188.66000366210938,0.02521464667927309,-0.012509278938520163,-0.016749727556292004,-0.035831705896349875,0.13988296387785265,0.19930385774579434,0.0,0.0,0.0,0.0,0.0,1.0,0.004061085259062125,-0.023502349703712788,-0.026066505389973904,0.02521464667927309,0.016749727556292004,0.004061085259062125,wipro,2026-08-02
digest,2026-08-03,wipro,it,0,18,0.0,0.0,184.02000427246094,188.66000366210938,0.02521464667927309,-0.012509278938520163,-0.016749727556292004,-0.035831705896349875,0.13988296387785265,0.19930385774579434,0.0,0.0,0.0,0.0,0.0,1.0,0.004061085259062125,-0.023502349703712788,-0.026066505389973904,0.02521464667927309,0.016749727556292004,0.004061085259062125,wipro,2026-08-03
digest,2026-08-04,wipro,it,2,23,0.0869565217391304,0.2222222222222222,189.0,186.3000030517578,-0.014285698138847502,0.0037037167477369515,-0.00912505056572599,-0.0442297657444205,0.11694887972826577,0.2097199949430342,0.0,2.0,0.0,0.0869565217391304,0.0,0.0,-0.005800306722498231,-0.02894749010292612,-0.022248441660497477,0.014285698138847502,0.00912505056572599,0.005800306722498231,wipro,2026-08-04
digest,2026-08-05,wipro,it,0,23,0.0,0.0,187.0,186.99000549316406,-5.344656062000741e-05,-0.004652710574995722,-0.01631104851681131,-0.039788235856692555,0.10625688224058402,0.20391205351195027,0.2,-0.2,0.008695652173913044,-0.008695652173913044,0.0,1.0,0.0007471951219409911,-0.017178755302794113,-0.019615164537582087,5.344656062000741e-05,0.01631104851681131,0.0007471951219409911,wipro,2026-08-05
digest,2026-08-06,wipro,it,1,41,0.024390243902439,0.0714285714285714,186.0,186.1199951171875,0.000645135038642497,0.00757577745057203,-0.01622603209166429,-0.02750910837905285,0.10618787600508749,0.21122969142736817,0.2,0.8,0.008695652173913044,0.015694591728525956,0.0,0.0,0.010359953502666283,-0.029180064981192147,-0.022500918932050425,0.000645135038642497,0.01622603209166429,0.010359953502666283,wipro,2026-08-06
digest,2026-08-07,wipro,it,0,18,0.0,0.0,185.8699951171875,187.52999877929688,0.00893099319802948,-0.010824928238206688,-0.01882364849504059,-0.03594094564622885,0.08946550604076045,0.20803757973057388,0.3,-0.3,0.011134676564156943,-0.011134676564156943,0.0,1.0,-0.0048821474065517696,-0.015786186276696222,-0.016101467023836472,0.00893099319802948,0.01882364849504059,0.0048821474065517696,wipro,2026-08-07
digest,2026-08-08,wipro,it,0,9,0.0,0.0,187.52999877929688,185.5,-0.010824928238206688,-0.0048517191185141195,-0.01940704098930257,-0.022587614239386822,0.09243126078753562,0.22339279106719764,0.3,-0.3,0.011134676564156943,-0.011134676564156943,0.0,1.0,-0.012355559646284413,-0.0029113436074596523,0.0033300614790258212,0.010824928238206688,0.01940704098930257,0.012355559646284413,wipro,2026-08-08
digest,2026-08-09,wipro,it,0,12,0.0,0.0,187.52999877929688,185.5,-0.010824928238206688,-0.0048517191185141195,-0.01940704098930257,-0.022587614239386822,0.09243126078753562,0.22339279106719764,0.3,-0.3,0.011134676564156943,-0.011134676564156943,0.0,1.0,-0.012355559646284413,-0.0029113436074596523,0.0033300614790258212,0.010824928238206688,0.01940704098930257,0.012355559646284413,wipro,2026-08-09
digest,2026-08-10,wipro,it,0,16,0.0,0.0,187.52999877929688,185.5,-0.010824928238206688,-0.0048517191185141195,-0.01940704098930257,-0.022587614239386822,0.09243126078753562,0.22339279106719764,0.3,-0.3,0.011134676564156943,-0.011134676564156943,0.0,1.0,-0.012355559646284413,-0.0029113436074596523,0.0033300614790258212,0.010824928238206688,0.01940704098930257,0.012355559646284413,wipro,2026-08-10
digest,2026-08-11,wipro,it,2,77,0.0259740259740259,0.1428571428571428,185.5,184.60000610351562,-0.0048517191185141195,-0.0035753176613616544,-0.03542799744683933,-0.024431254693978666,0.15433673318666297,0.21880855865127086,0.3,1.7,0.011134676564156943,0.014839349409868956,0.0,0.0,-0.007701548912967397,0.005564851620582852,0.0030648348424397835,0.0048517191185141195,0.03542799744683933,0.007701548912967397,wipro,2026-08-11
digest,2026-08-12,wipro,it,1,25,0.04,0.0833333333333333,184.50999450683594,183.94000244140625,-0.0030892205430561592,-0.00456668656486614,-0.02386647456442681,-0.03582687969132681,0.19075766064221505,0.20984100345448817,0.5,0.5,0.013732079161559533,0.02626792083844047,0.0,0.0,0.011891619995372001,-0.002976020131150392,-0.012727904658097332,0.0030892205430561592,0.02386647456442681,0.011891619995372001,wipro,2026-08-12
digest,2026-08-13,wipro,it,0,45,0.0,0.0,183.49000549316406,183.10000610351562,-0.00212545303816547,0.0049153133068469135,-0.01146917549706905,-0.03659209166406796,0.2115516390167548,0.19416583170878754,0.6,-0.6,0.017732079161559534,-0.017732079161559534,0.0,1.0,-0.007876570428105932,0.006037595542975425,-0.008696307653667683,0.00212545303816547,0.01146917549706905,0.007876570428105932,wipro,2026-08-13
digest,2026-08-14,wipro,it,2,41,0.048780487804878,0.2,183.5500030517578,184.0,0.0024516313852378513,-0.011413076649541387,-0.017445688662321657,-0.01657610354216199,0.20283582491877278,0.18264066114943706,0.6,1.4,0.017732079161559534,0.031048408643318468,0.0,0.0,0.005343504768259459,-0.000603637796648189,-0.02224034003261846,0.0024516313852378513,0.017445688662321657,0.005343504768259459,wipro,2026-08-14
digest,2026-08-15,wipro,it,0,5,0.0,0.0,183.5,181.89999389648438,-0.008719379310711872,-0.021110480850680458,-0.003243520383108822,0.014293601928294875,0.19259432776363897,0.11187217487728575,0.6,-0.6,0.013914475768134293,-0.013914475768134293,0.0,1.0,-0.0011663683508763394,0.006474652825815625,0.007900902652924372,0.008719379310711872,0.003243520383108822,0.0011663683508763394,wipro,2026-08-15
digest,2026-08-16,wipro,it,0,3,0.0,0.0,183.5,181.89999389648438,-0.008719379310711872,-0.021110480850680458,-0.003243520383108822,0.014293601928294875,0.19259432776363897,0.11187217487728575,0.6,-0.6,0.013914475768134293,-0.013914475768134293,0.0,1.0,-0.0011663683508763394,0.006474652825815625,0.007900902652924372,0.008719379310711872,0.003243520383108822,0.0011663683508763394,wipro,2026-08-16
digest,2026-08-17,wipro,it,1,31,0.032258064516129,0.0526315789473684,183.5,181.89999389648438,-0.008719379310711872,-0.021110480850680458,-0.003243520383108822,0.014293601928294875,0.19259432776363897,0.11187217487728575,0.5,0.5,0.011475451377890392,0.020782613138238606,0.0,0.0,-0.0011663683508763394,0.006474652825815625,0.007900902652924372,0.008719379310711872,0.003243520383108822,0.0011663683508763394,wipro,2026-08-17
digest,2026-08-18,wipro,it,1,59,0.0169491525423728,0.0714285714285714,181.89999389648438,178.05999755859375,-0.021110480850680458,0.008367996819014678,0.011400644766542012,0.02044254430841841,0.10164757329954789,0.1366068228286152,0.6,0.4,0.014701257829503291,0.0022478947128695102,0.0,0.0,-0.005586808759355662,-0.0025430590966419517,-0.014230390890644866,0.021110480850680458,0.011400644766542012,0.005586808759355662,wipro,2026-08-18
