corpus,date,entity_id,sector,mentions,day_total,sov,sov_sector
digest,2026-06-17,tata_steel,steel,2,28,0.07142857142857142,0.2857142857142857
digest,2026-06-17,jsw_steel,steel,2,28,0.07142857142857142,0.2857142857142857
digest,2026-06-17,jindal_steel,steel,2,28,0.07142857142857142,0.2857142857142857
digest,2026-06-17,lloyds_metals,mining,1,28,0.03571428571428571,0.3333333333333333
digest,2026-06-17,vedanta,aluminium,2,28,0.07142857142857142,0.2857142857142857
digest,2026-06-17,apl_apollo,steel,1,28,0.03571428571428571,0.14285714285714285
digest,2026-06-17,coal_india,mining,2,28,0.07142857142857142,0.6666666666666666
digest,2026-06-17,hindalco,aluminium,3,28,0.10714285714285714,0.42857142857142855
digest,2026-06-17,nalco,aluminium,2,28,0.07142857142857142,0.2857142857142857
digest,2026-06-17,dixon,ems,3,28,0.10714285714285714,0.75
digest,2026-06-17,kaynes,ems,1,28,0.03571428571428571,0.25
digest,2026-06-17,coforge,it,6,28,0.21428571428571427,0.8571428571428571
digest,2026-06-17,hcl_tech,it,1,28,0.03571428571428571,0.14285714285714285
digest,2026-06-17,acc,cement,0,28,0.0,0.0
digest,2026-06-17,amber,ems,0,28,0.0,0.0
digest,2026-06-17,ambuja,cement,0,28,0.0,0.0
digest,2026-06-17,avalon,ems,0,28,0.0,0.0
digest,2026-06-17,dalmia,cement,0,28,0.0,0.0
digest,2026-06-17,hindustan_copper,mining,0,28,0.0,0.0
digest,2026-06-17,hindustan_zinc,aluminium,0,28,0.0,0.0
digest,2026-06-17,infosys,it,0,28,0.0,0.0
digest,2026-06-17,jindal_stainless,steel,0,28,0.0,0.0
digest,2026-06-17,jk_cement,cement,0,28,0.0,0.0
digest,2026-06-17,jsw_cement,cement,0,28,0.0,0.0
digest,2026-06-17,kpit,it,0,28,0.0,0.0
digest,2026-06-17,ltimindtree,it,0,28,0.0,0.0
digest,2026-06-17,ltts,it,0,28,0.0,0.0
digest,2026-06-17,mphasis,it,0,28,0.0,0.0
digest,2026-06-17,nmdc,mining,0,28,0.0,0.0
digest,2026-06-17,nuvoco,cement,0,28,0.0,0.0
digest,2026-06-17,ofss,it,0,28,0.0,0.0
digest,2026-06-17,persistent,it,0,28,0.0,0.0
digest,2026-06-17,pg_electroplast,ems,0,28,0.0,0.0
digest,2026-06-17,ramco,cement,0,28,0.0,0.0
digest,2026-06-17,sail,steel,0,28,0.0,0.0
digest,2026-06-17,shree,cement,0,28,0.0,0.0
digest,2026-06-17,shyam_metalics,steel,0,28,0.0,0.0
digest,2026-06-17,star_cement,cement,0,28,0.0,0.0
digest,2026-06-17,syrma_sgs,ems,0,28,0.0,0.0
digest,2026-06-17,tata_elxsi,it,0,28,0.0,0.0
digest,2026-06-17,tcs,it,0,28,0.0,0.0
digest,2026-06-17,tech_mahindra,it,0,28,0.0,0.0
digest,2026-06-17,ultratech,cement,0,28,0.0,0.0
digest,2026-06-17,vaml,aluminium,0,28,0.0,0.0
digest,2026-06-17,wipro,it,0,28,0.0,0.0
digest,2026-06-19,jsw_steel,steel,2,67,0.029850746268656716,0.3333333333333333
digest,2026-06-19,tata_steel,steel,1,67,0.014925373134328358,0.16666666666666666
digest,2026-06-19,jindal_steel,steel,1,67,0.014925373134328358,0.16666666666666666
digest,2026-06-19,sail,steel,1,67,0.014925373134328358,0.16666666666666666
digest,2026-06-19,coal_india,mining,1,67,0.014925373134328358,1.0
digest,2026-06-19,nalco,aluminium,2,67,0.029850746268656716,0.5
digest,2026-06-19,hindustan_zinc,aluminium,1,67,0.014925373134328358,0.25
digest,2026-06-19,hindalco,aluminium,1,67,0.014925373134328358,0.25
digest,2026-06-19,ultratech,cement,1,67,0.014925373134328358,0.1111111111111111
digest,2026-06-19,shree,cement,1,67,0.014925373134328358,0.1111111111111111
digest,2026-06-19,dalmia,cement,1,67,0.014925373134328358,0.1111111111111111
digest,2026-06-19,ambuja,cement,1,67,0.014925373134328358,0.1111111111111111
digest,2026-06-19,jk_cement,cement,1,67,0.014925373134328358,0.1111111111111111
digest,2026-06-19,nuvoco,cement,1,67,0.014925373134328358,0.1111111111111111
digest,2026-06-19,ramco,cement,1,67,0.014925373134328358,0.1111111111111111
digest,2026-06-19,jsw_cement,cement,1,67,0.014925373134328358,0.1111111111111111
digest,2026-06-19,star_cement,cement,1,67,0.014925373134328358,0.1111111111111111
digest,2026-06-19,amber,ems,5,67,0.07462686567164178,0.7142857142857143
digest,2026-06-19,dixon,ems,2,67,0.029850746268656716,0.2857142857142857
digest,2026-06-19,shyam_metalics,steel,1,67,0.014925373134328358,0.16666666666666666
digest,2026-06-19,tcs,it,8,67,0.11940298507462686,0.2
digest,2026-06-19,infosys,it,11,67,0.16417910447761194,0.275
digest,2026-06-19,hcl_tech,it,4,67,0.05970149253731343,0.1
digest,2026-06-19,wipro,it,6,67,0.08955223880597014,0.15
digest,2026-06-19,tech_mahindra,it,3,67,0.04477611940298507,0.075
digest,2026-06-19,ltimindtree,it,1,67,0.014925373134328358,0.025
digest,2026-06-19,mphasis,it,1,67,0.014925373134328358,0.025
digest,2026-06-19,persistent,it,1,67,0.014925373134328358,0.025
digest,2026-06-19,coforge,it,1,67,0.014925373134328358,0.025
digest,2026-06-19,ltts,it,1,67,0.014925373134328358,0.025
digest,2026-06-19,tata_elxsi,it,1,67,0.014925373134328358,0.025
digest,2026-06-19,kpit,it,1,67,0.014925373134328358,0.025
digest,2026-06-19,ofss,it,1,67,0.014925373134328358,0.025
digest,2026-06-19,acc,cement,0,67,0.0,0.0
digest,2026-06-19,apl_apollo,steel,0,67,0.0,0.0
digest,2026-06-19,avalon,ems,0,67,0.0,0.0
digest,2026-06-19,hindustan_copper,mining,0,67,0.0,0.0
digest,2026-06-19,jindal_stainless,steel,0,67,0.0,0.0
digest,2026-06-19,kaynes,ems,0,67,0.0,0.0
digest,2026-06-19,lloyds_metals,mining,0,67,0.0,0.0
digest,2026-06-19,nmdc,mining,0,67,0.0,0.0
digest,2026-06-19,pg_electroplast,ems,0,67,0.0,0.0
digest,2026-06-19,syrma_sgs,ems,0,67,0.0,0.0
digest,2026-06-19,vaml,aluminium,0,67,0.0,0.0
digest,2026-06-19,vedanta,aluminium,0,67,0.0,0.0
digest,2026-06-30,jsw_steel,steel,1,16,0.0625,0.16666666666666666
digest,2026-06-30,tata_steel,steel,2,16,0.125,0.3333333333333333
digest,2026-06-30,jindal_steel,steel,1,16,0.0625,0.16666666666666666
digest,2026-06-30,lloyds_metals,mining,1,16,0.0625,0.5
digest,2026-06-30,apl_apollo,steel,1,16,0.0625,0.16666666666666666
digest,2026-06-30,jindal_stainless,steel,1,16,0.0625,0.16666666666666666
digest,2026-06-30,nmdc,mining,1,16,0.0625,0.5
digest,2026-06-30,hindustan_zinc,aluminium,1,16,0.0625,1.0
digest,2026-06-30,jk_cement,cement,1,16,0.0625,0.5
digest,2026-06-30,shree,cement,1,16,0.0625,0.5
digest,2026-06-30,persistent,it,5,16,0.3125,1.0
digest,2026-06-30,acc,cement,0,16,0.0,0.0
digest,2026-06-30,amber,ems,0,16,0.0,0.0
digest,2026-06-30,ambuja,cement,0,16,0.0,0.0
digest,2026-06-30,avalon,ems,0,16,0.0,0.0
digest,2026-06-30,coal_india,mining,0,16,0.0,0.0
digest,2026-06-30,coforge,it,0,16,0.0,0.0
digest,2026-06-30,dalmia,cement,0,16,0.0,0.0
digest,2026-06-30,dixon,ems,0,16,0.0,0.0
digest,2026-06-30,hcl_tech,it,0,16,0.0,0.0
digest,2026-06-30,hindalco,aluminium,0,16,0.0,0.0
digest,2026-06-30,hindustan_copper,mining,0,16,0.0,0.0
digest,2026-06-30,infosys,it,0,16,0.0,0.0
digest,2026-06-30,jsw_cement,cement,0,16,0.0,0.0
digest,2026-06-30,kaynes,ems,0,16,0.0,0.0
digest,2026-06-30,kpit,it,0,16,0.0,0.0
digest,2026-06-30,ltimindtree,it,0,16,0.0,0.0
digest,2026-06-30,ltts,it,0,16,0.0,0.0
digest,2026-06-30,mphasis,it,0,16,0.0,0.0
digest,2026-06-30,nalco,aluminium,0,16,0.0,0.0
digest,2026-06-30,nuvoco,cement,0,16,0.0,0.0
digest,2026-06-30,ofss,it,0,16,0.0,0.0
digest,2026-06-30,pg_electroplast,ems,0,16,0.0,0.0
digest,2026-06-30,ramco,cement,0,16,0.0,0.0
digest,2026-06-30,sail,steel,0,16,0.0,0.0
digest,2026-06-30,shyam_metalics,steel,0,16,0.0,0.0
digest,2026-06-30,star_cement,cement,0,16,0.0,0.0
digest,2026-06-30,syrma_sgs,ems,0,16,0.0,0.0
digest,2026-06-30,tata_elxsi,it,0,16,0.0,0.0
digest,2026-06-30,tcs,it,0,16,0.0,0.0
digest,2026-06-30,tech_mahindra,it,0,16,0.0,0.0
digest,2026-06-30,ultratech,cement,0,16,0.0,0.0
digest,2026-06-30,vaml,aluminium,0,16,0.0,0.0
digest,2026-06-30,vedanta,aluminium,0,16,0.0,0.0
digest,2026-06-30,wipro,it,0,16,0.0,0.0
digest,2026-07-02,apl_apollo,steel,1,35,0.02857142857142857,0.3333333333333333
digest,2026-07-02,tata_steel,steel,1,35,0.02857142857142857,0.3333333333333333
digest,2026-07-02,jindal_steel,steel,1,35,0.02857142857142857,0.3333333333333333
digest,2026-07-02,nmdc,mining,3,35,0.08571428571428572,0.42857142857142855
digest,2026-07-02,lloyds_metals,mining,1,35,0.02857142857142857,0.14285714285714285
digest,2026-07-02,coal_india,mining,3,35,0.08571428571428572,0.42857142857142855
digest,2026-07-02,vaml,aluminium,1,35,0.02857142857142857,0.5
digest,2026-07-02,nalco,aluminium,1,35,0.02857142857142857,0.5
digest,2026-07-02,ultratech,cement,1,35,0.02857142857142857,0.14285714285714285
digest,2026-07-02,dalmia,cement,2,35,0.05714285714285714,0.2857142857142857
digest,2026-07-02,ambuja,cement,1,35,0.02857142857142857,0.14285714285714285
digest,2026-07-02,shree,cement,1,35,0.02857142857142857,0.14285714285714285
digest,2026-07-02,ramco,cement,1,35,0.02857142857142857,0.14285714285714285
digest,2026-07-02,nuvoco,cement,1,35,0.02857142857142857,0.14285714285714285
digest,2026-07-02,kpit,it,2,35,0.05714285714285714,0.13333333333333333
digest,2026-07-02,tata_elxsi,it,1,35,0.02857142857142857,0.06666666666666667
digest,2026-07-02,ltts,it,3,35,0.08571428571428572,0.2
digest,2026-07-02,tcs,it,2,35,0.05714285714285714,0.13333333333333333
digest,2026-07-02,infosys,it,2,35,0.05714285714285714,0.13333333333333333
digest,2026-07-02,hcl_tech,it,1,35,0.02857142857142857,0.06666666666666667
digest,2026-07-02,wipro,it,1,35,0.02857142857142857,0.06666666666666667
digest,2026-07-02,tech_mahindra,it,2,35,0.05714285714285714,0.13333333333333333
digest,2026-07-02,coforge,it,1,35,0.02857142857142857,0.06666666666666667
digest,2026-07-02,kaynes,ems,1,35,0.02857142857142857,1.0
digest,2026-07-02,acc,cement,0,35,0.0,0.0
digest,2026-07-02,amber,ems,0,35,0.0,0.0
digest,2026-07-02,avalon,ems,0,35,0.0,0.0
digest,2026-07-02,dixon,ems,0,35,0.0,0.0
digest,2026-07-02,hindalco,aluminium,0,35,0.0,0.0
digest,2026-07-02,hindustan_copper,mining,0,35,0.0,0.0
digest,2026-07-02,hindustan_zinc,aluminium,0,35,0.0,0.0
digest,2026-07-02,jindal_stainless,steel,0,35,0.0,0.0
digest,2026-07-02,jk_cement,cement,0,35,0.0,0.0
digest,2026-07-02,jsw_cement,cement,0,35,0.0,0.0
digest,2026-07-02,jsw_steel,steel,0,35,0.0,0.0
digest,2026-07-02,ltimindtree,it,0,35,0.0,0.0
digest,2026-07-02,mphasis,it,0,35,0.0,0.0
digest,2026-07-02,ofss,it,0,35,0.0,0.0
digest,2026-07-02,persistent,it,0,35,0.0,0.0
digest,2026-07-02,pg_electroplast,ems,0,35,0.0,0.0
digest,2026-07-02,sail,steel,0,35,0.0,0.0
digest,2026-07-02,shyam_metalics,steel,0,35,0.0,0.0
digest,2026-07-02,star_cement,cement,0,35,0.0,0.0
digest,2026-07-02,syrma_sgs,ems,0,35,0.0,0.0
digest,2026-07-02,vedanta,aluminium,0,35,0.0,0.0
digest,2026-07-03,tata_steel,steel,1,62,0.016129032258064516,0.3333333333333333
digest,2026-07-03,jsw_steel,steel,1,62,0.016129032258064516,0.3333333333333333
digest,2026-07-03,coal_india,mining,1,62,0.016129032258064516,0.5
digest,2026-07-03,nmdc,mining,1,62,0.016129032258064516,0.5
digest,2026-07-03,hindalco,aluminium,1,62,0.016129032258064516,0.16666666666666666
digest,2026-07-03,vaml,aluminium,2,62,0.03225806451612903,0.3333333333333333
digest,2026-07-03,nalco,aluminium,1,62,0.016129032258064516,0.16666666666666666
digest,2026-07-03,hindustan_zinc,aluminium,1,62,0.016129032258064516,0.16666666666666666
digest,2026-07-03,vedanta,aluminium,1,62,0.016129032258064516,0.16666666666666666
digest,2026-07-03,ultratech,cement,2,62,0.03225806451612903,0.2
digest,2026-07-03,shree,cement,1,62,0.016129032258064516,0.1
digest,2026-07-03,dalmia,cement,1,62,0.016129032258064516,0.1
digest,2026-07-03,ambuja,cement,2,62,0.03225806451612903,0.2
digest,2026-07-03,jk_cement,cement,1,62,0.016129032258064516,0.1
digest,2026-07-03,nuvoco,cement,1,62,0.016129032258064516,0.1
digest,2026-07-03,ramco,cement,1,62,0.016129032258064516,0.1
digest,2026-07-03,star_cement,cement,1,62,0.016129032258064516,0.1
digest,2026-07-03,hcl_tech,it,5,62,0.08064516129032258,0.12195121951219512
digest,2026-07-03,tcs,it,4,62,0.06451612903225806,0.0975609756097561
digest,2026-07-03,infosys,it,4,62,0.06451612903225806,0.0975609756097561
digest,2026-07-03,wipro,it,4,62,0.06451612903225806,0.0975609756097561
digest,2026-07-03,tech_mahindra,it,4,62,0.06451612903225806,0.0975609756097561
digest,2026-07-03,ltimindtree,it,2,62,0.03225806451612903,0.04878048780487805
digest,2026-07-03,mphasis,it,2,62,0.03225806451612903,0.04878048780487805
digest,2026-07-03,persistent,it,5,62,0.08064516129032258,0.12195121951219512
digest,2026-07-03,coforge,it,3,62,0.04838709677419355,0.07317073170731707
digest,2026-07-03,ltts,it,2,62,0.03225806451612903,0.04878048780487805
digest,2026-07-03,tata_elxsi,it,3,62,0.04838709677419355,0.07317073170731707
digest,2026-07-03,kpit,it,3,62,0.04838709677419355,0.07317073170731707
digest,2026-07-03,apl_apollo,steel,1,62,0.016129032258064516,0.3333333333333333
digest,2026-07-03,acc,cement,0,62,0.0,0.0
digest,2026-07-03,amber,ems,0,62,0.0,0.0
digest,2026-07-03,avalon,ems,0,62,0.0,0.0
digest,2026-07-03,dixon,ems,0,62,0.0,0.0
digest,2026-07-03,hindustan_copper,mining,0,62,0.0,0.0
digest,2026-07-03,jindal_stainless,steel,0,62,0.0,0.0
digest,2026-07-03,jindal_steel,steel,0,62,0.0,0.0
digest,2026-07-03,jsw_cement,cement,0,62,0.0,0.0
digest,2026-07-03,kaynes,ems,0,62,0.0,0.0
digest,2026-07-03,lloyds_metals,mining,0,62,0.0,0.0
digest,2026-07-03,ofss,it,0,62,0.0,0.0
digest,2026-07-03,pg_electroplast,ems,0,62,0.0,0.0
digest,2026-07-03,sail,steel,0,62,0.0,0.0
digest,2026-07-03,shyam_metalics,steel,0,62,0.0,0.0
digest,2026-07-03,syrma_sgs,ems,0,62,0.0,0.0
digest,2026-07-07,jsw_steel,steel,4,52,0.07692307692307693,0.23529411764705882
digest,2026-07-07,tata_steel,steel,4,52,0.07692307692307693,0.23529411764705882
digest,2026-07-07,jindal_steel,steel,4,52,0.07692307692307693,0.23529411764705882
digest,2026-07-07,sail,steel,1,52,0.019230769230769232,0.058823529411764705
digest,2026-07-07,jindal_stainless,steel,1,52,0.019230769230769232,0.058823529411764705
digest,2026-07-07,shyam_metalics,steel,1,52,0.019230769230769232,0.058823529411764705
digest,2026-07-07,nmdc,mining,1,52,0.019230769230769232,1.0
digest,2026-07-07,hindalco,aluminium,1,52,0.019230769230769232,0.14285714285714285
digest,2026-07-07,nalco,aluminium,1,52,0.019230769230769232,0.14285714285714285
digest,2026-07-07,hindustan_zinc,aluminium,2,52,0.038461538461538464,0.2857142857142857
digest,2026-07-07,vedanta,aluminium,1,52,0.019230769230769232,0.14285714285714285
digest,2026-07-07,vaml,aluminium,2,52,0.038461538461538464,0.2857142857142857
digest,2026-07-07,apl_apollo,steel,2,52,0.038461538461538464,0.11764705882352941
digest,2026-07-07,ultratech,cement,3,52,0.057692307692307696,0.14285714285714285
digest,2026-07-07,shree,cement,3,52,0.057692307692307696,0.14285714285714285
digest,2026-07-07,dalmia,cement,3,52,0.057692307692307696,0.14285714285714285
digest,2026-07-07,ambuja,cement,3,52,0.057692307692307696,0.14285714285714285
digest,2026-07-07,nuvoco,cement,1,52,0.019230769230769232,0.047619047619047616
digest,2026-07-07,ramco,cement,3,52,0.057692307692307696,0.14285714285714285
digest,2026-07-07,jk_cement,cement,2,52,0.038461538461538464,0.09523809523809523
digest,2026-07-07,star_cement,cement,2,52,0.038461538461538464,0.09523809523809523
digest,2026-07-07,jsw_cement,cement,1,52,0.019230769230769232,0.047619047619047616
digest,2026-07-07,dixon,ems,1,52,0.019230769230769232,0.5
digest,2026-07-07,kaynes,ems,1,52,0.019230769230769232,0.5
digest,2026-07-07,infosys,it,1,52,0.019230769230769232,0.25
digest,2026-07-07,persistent,it,1,52,0.019230769230769232,0.25
digest,2026-07-07,mphasis,it,1,52,0.019230769230769232,0.25
digest,2026-07-07,tcs,it,1,52,0.019230769230769232,0.25
digest,2026-07-07,acc,cement,0,52,0.0,0.0
digest,2026-07-07,amber,ems,0,52,0.0,0.0
digest,2026-07-07,avalon,ems,0,52,0.0,0.0
digest,2026-07-07,coal_india,mining,0,52,0.0,0.0
digest,2026-07-07,coforge,it,0,52,0.0,0.0
digest,2026-07-07,hcl_tech,it,0,52,0.0,0.0
digest,2026-07-07,hindustan_copper,mining,0,52,0.0,0.0
digest,2026-07-07,kpit,it,0,52,0.0,0.0
digest,2026-07-07,lloyds_metals,mining,0,52,0.0,0.0
digest,2026-07-07,ltimindtree,it,0,52,0.0,0.0
digest,2026-07-07,ltts,it,0,52,0.0,0.0
digest,2026-07-07,ofss,it,0,52,0.0,0.0
digest,2026-07-07,pg_electroplast,ems,0,52,0.0,0.0
digest,2026-07-07,syrma_sgs,ems,0,52,0.0,0.0
digest,2026-07-07,tata_elxsi,it,0,52,0.0,0.0
digest,2026-07-07,tech_mahindra,it,0,52,0.0,0.0
digest,2026-07-07,wipro,it,0,52,0.0,0.0
digest,2026-07-08,jsw_steel,steel,5,82,0.06097560975609756,0.2631578947368421
digest,2026-07-08,tata_steel,steel,6,82,0.07317073170731707,0.3157894736842105
digest,2026-07-08,jindal_steel,steel,4,82,0.04878048780487805,0.21052631578947367
digest,2026-07-08,sail,steel,4,82,0.04878048780487805,0.21052631578947367
digest,2026-07-08,nmdc,mining,2,82,0.024390243902439025,0.25
digest,2026-07-08,vedanta,aluminium,6,82,0.07317073170731707,0.2608695652173913
digest,2026-07-08,coal_india,mining,5,82,0.06097560975609756,0.625
digest,2026-07-08,hindustan_copper,mining,1,82,0.012195121951219513,0.125
digest,2026-07-08,hindalco,aluminium,6,82,0.07317073170731707,0.2608695652173913
digest,2026-07-08,nalco,aluminium,3,82,0.036585365853658534,0.13043478260869565
digest,2026-07-08,hindustan_zinc,aluminium,5,82,0.06097560975609756,0.21739130434782608
digest,2026-07-08,vaml,aluminium,3,82,0.036585365853658534,0.13043478260869565
digest,2026-07-08,shree,cement,3,82,0.036585365853658534,0.1875
digest,2026-07-08,jk_cement,cement,2,82,0.024390243902439025,0.125
digest,2026-07-08,ambuja,cement,3,82,0.036585365853658534,0.1875
digest,2026-07-08,ramco,cement,2,82,0.024390243902439025,0.125
digest,2026-07-08,ultratech,cement,3,82,0.036585365853658534,0.1875
digest,2026-07-08,dalmia,cement,2,82,0.024390243902439025,0.125
digest,2026-07-08,jsw_cement,cement,1,82,0.012195121951219513,0.0625
digest,2026-07-08,dixon,ems,3,82,0.036585365853658534,0.6
digest,2026-07-08,amber,ems,1,82,0.012195121951219513,0.2
digest,2026-07-08,kaynes,ems,1,82,0.012195121951219513,0.2
digest,2026-07-08,persistent,it,2,82,0.024390243902439025,0.18181818181818182
digest,2026-07-08,tcs,it,2,82,0.024390243902439025,0.18181818181818182
digest,2026-07-08,ltimindtree,it,1,82,0.012195121951219513,0.09090909090909091
digest,2026-07-08,mphasis,it,1,82,0.012195121951219513,0.09090909090909091
digest,2026-07-08,infosys,it,1,82,0.012195121951219513,0.09090909090909091
digest,2026-07-08,hcl_tech,it,1,82,0.012195121951219513,0.09090909090909091
digest,2026-07-08,ltts,it,1,82,0.012195121951219513,0.09090909090909091
digest,2026-07-08,tata_elxsi,it,1,82,0.012195121951219513,0.09090909090909091
digest,2026-07-08,kpit,it,1,82,0.012195121951219513,0.09090909090909091
digest,2026-07-08,acc,cement,0,82,0.0,0.0
digest,2026-07-08,apl_apollo,steel,0,82,0.0,0.0
digest,2026-07-08,avalon,ems,0,82,0.0,0.0
digest,2026-07-08,coforge,it,0,82,0.0,0.0
digest,2026-07-08,jindal_stainless,steel,0,82,0.0,0.0
digest,2026-07-08,lloyds_metals,mining,0,82,0.0,0.0
digest,2026-07-08,nuvoco,cement,0,82,0.0,0.0
digest,2026-07-08,ofss,it,0,82,0.0,0.0
digest,2026-07-08,pg_electroplast,ems,0,82,0.0,0.0
digest,2026-07-08,shyam_metalics,steel,0,82,0.0,0.0
digest,2026-07-08,star_cement,cement,0,82,0.0,0.0
digest,2026-07-08,syrma_sgs,ems,0,82,0.0,0.0
digest,2026-07-08,tech_mahindra,it,0,82,0.0,0.0
digest,2026-07-08,wipro,it,0,82,0.0,0.0
digest,2026-07-09,jsw_steel,steel,3,23,0.13043478260869565,0.6
digest,2026-07-09,tata_steel,steel,2,23,0.08695652173913043,0.4
digest,2026-07-09,nalco,aluminium,1,23,0.043478260869565216,0.2
digest,2026-07-09,hindalco,aluminium,2,23,0.08695652173913043,0.4
digest,2026-07-09,vaml,aluminium,2,23,0.08695652173913043,0.4
digest,2026-07-09,dixon,ems,2,23,0.08695652173913043,0.2857142857142857
digest,2026-07-09,amber,ems,2,23,0.08695652173913043,0.2857142857142857
digest,2026-07-09,kaynes,ems,1,23,0.043478260869565216,0.14285714285714285
digest,2026-07-09,avalon,ems,1,23,0.043478260869565216,0.14285714285714285
digest,2026-07-09,syrma_sgs,ems,1,23,0.043478260869565216,0.14285714285714285
digest,2026-07-09,tcs,it,3,23,0.13043478260869565,0.5
digest,2026-07-09,ltts,it,1,23,0.043478260869565216,0.16666666666666666
digest,2026-07-09,tata_elxsi,it,1,23,0.043478260869565216,0.16666666666666666
digest,2026-07-09,kpit,it,1,23,0.043478260869565216,0.16666666666666666
digest,2026-07-09,acc,cement,0,23,0.0,0.0
digest,2026-07-09,ambuja,cement,0,23,0.0,0.0
digest,2026-07-09,apl_apollo,steel,0,23,0.0,0.0
digest,2026-07-09,coal_india,mining,0,23,0.0,0.0
digest,2026-07-09,coforge,it,0,23,0.0,0.0
digest,2026-07-09,dalmia,cement,0,23,0.0,0.0
digest,2026-07-09,hcl_tech,it,0,23,0.0,0.0
digest,2026-07-09,hindustan_copper,mining,0,23,0.0,0.0
digest,2026-07-09,hindustan_zinc,aluminium,0,23,0.0,0.0
digest,2026-07-09,infosys,it,0,23,0.0,0.0
digest,2026-07-09,jindal_stainless,steel,0,23,0.0,0.0
digest,2026-07-09,jindal_steel,steel,0,23,0.0,0.0
digest,2026-07-09,jk_cement,cement,0,23,0.0,0.0
digest,2026-07-09,jsw_cement,cement,0,23,0.0,0.0
digest,2026-07-09,lloyds_metals,mining,0,23,0.0,0.0
digest,2026-07-09,ltimindtree,it,0,23,0.0,0.0
digest,2026-07-09,mphasis,it,0,23,0.0,0.0
digest,2026-07-09,nmdc,mining,0,23,0.0,0.0
digest,2026-07-09,nuvoco,cement,0,23,0.0,0.0
digest,2026-07-09,ofss,it,0,23,0.0,0.0
digest,2026-07-09,persistent,it,0,23,0.0,0.0
digest,2026-07-09,pg_electroplast,ems,0,23,0.0,0.0
digest,2026-07-09,ramco,cement,0,23,0.0,0.0
digest,2026-07-09,sail,steel,0,23,0.0,0.0
digest,2026-07-09,shree,cement,0,23,0.0,0.0
digest,2026-07-09,shyam_metalics,steel,0,23,0.0,0.0
digest,2026-07-09,star_cement,cement,0,23,0.0,0.0
digest,2026-07-09,tech_mahindra,it,0,23,0.0,0.0
digest,2026-07-09,ultratech,cement,0,23,0.0,0.0
digest,2026-07-09,vedanta,aluminium,0,23,0.0,0.0
digest,2026-07-09,wipro,it,0,23,0.0,0.0
digest,2026-07-10,jsw_steel,steel,2,22,0.09090909090909091,0.2857142857142857
digest,2026-07-10,tata_steel,steel,2,22,0.09090909090909091,0.2857142857142857
digest,2026-07-10,sail,steel,2,22,0.09090909090909091,0.2857142857142857
digest,2026-07-10,jindal_steel,steel,1,22,0.045454545454545456,0.14285714285714285
digest,2026-07-10,hindalco,aluminium,1,22,0.045454545454545456,0.3333333333333333
digest,2026-07-10,hindustan_zinc,aluminium,2,22,0.09090909090909091,0.6666666666666666
digest,2026-07-10,dixon,ems,3,22,0.13636363636363635,1.0
digest,2026-07-10,tcs,it,7,22,0.3181818181818182,0.7777777777777778
digest,2026-07-10,ltimindtree,it,1,22,0.045454545454545456,0.1111111111111111
digest,2026-07-10,hcl_tech,it,1,22,0.045454545454545456,0.1111111111111111
digest,2026-07-10,acc,cement,0,22,0.0,0.0
digest,2026-07-10,amber,ems,0,22,0.0,0.0
digest,2026-07-10,ambuja,cement,0,22,0.0,0.0
digest,2026-07-10,apl_apollo,steel,0,22,0.0,0.0
digest,2026-07-10,avalon,ems,0,22,0.0,0.0
digest,2026-07-10,coal_india,mining,0,22,0.0,0.0
digest,2026-07-10,coforge,it,0,22,0.0,0.0
digest,2026-07-10,dalmia,cement,0,22,0.0,0.0
digest,2026-07-10,hindustan_copper,mining,0,22,0.0,0.0
digest,2026-07-10,infosys,it,0,22,0.0,0.0
digest,2026-07-10,jindal_stainless,steel,0,22,0.0,0.0
digest,2026-07-10,jk_cement,cement,0,22,0.0,0.0
digest,2026-07-10,jsw_cement,cement,0,22,0.0,0.0
digest,2026-07-10,kaynes,ems,0,22,0.0,0.0
digest,2026-07-10,kpit,it,0,22,0.0,0.0
digest,2026-07-10,lloyds_metals,mining,0,22,0.0,0.0
digest,2026-07-10,ltts,it,0,22,0.0,0.0
digest,2026-07-10,mphasis,it,0,22,0.0,0.0
digest,2026-07-10,nalco,aluminium,0,22,0.0,0.0
digest,2026-07-10,nmdc,mining,0,22,0.0,0.0
digest,2026-07-10,nuvoco,cement,0,22,0.0,0.0
digest,2026-07-10,ofss,it,0,22,0.0,0.0
digest,2026-07-10,persistent,it,0,22,0.0,0.0
digest,2026-07-10,pg_electroplast,ems,0,22,0.0,0.0
digest,2026-07-10,ramco,cement,0,22,0.0,0.0
digest,2026-07-10,shree,cement,0,22,0.0,0.0
digest,2026-07-10,shyam_metalics,steel,0,22,0.0,0.0
digest,2026-07-10,star_cement,cement,0,22,0.0,0.0
digest,2026-07-10,syrma_sgs,ems,0,22,0.0,0.0
digest,2026-07-10,tata_elxsi,it,0,22,0.0,0.0
digest,2026-07-10,tech_mahindra,it,0,22,0.0,0.0
digest,2026-07-10,ultratech,cement,0,22,0.0,0.0
digest,2026-07-10,vaml,aluminium,0,22,0.0,0.0
digest,2026-07-10,vedanta,aluminium,0,22,0.0,0.0
digest,2026-07-10,wipro,it,0,22,0.0,0.0
digest,2026-07-12,ltimindtree,it,2,2,1.0,1.0
digest,2026-07-12,acc,cement,0,2,0.0,0.0
digest,2026-07-12,amber,ems,0,2,0.0,0.0
digest,2026-07-12,ambuja,cement,0,2,0.0,0.0
digest,2026-07-12,apl_apollo,steel,0,2,0.0,0.0
digest,2026-07-12,avalon,ems,0,2,0.0,0.0
digest,2026-07-12,coal_india,mining,0,2,0.0,0.0
digest,2026-07-12,coforge,it,0,2,0.0,0.0
digest,2026-07-12,dalmia,cement,0,2,0.0,0.0
digest,2026-07-12,dixon,ems,0,2,0.0,0.0
digest,2026-07-12,hcl_tech,it,0,2,0.0,0.0
digest,2026-07-12,hindalco,aluminium,0,2,0.0,0.0
digest,2026-07-12,hindustan_copper,mining,0,2,0.0,0.0
digest,2026-07-12,hindustan_zinc,aluminium,0,2,0.0,0.0
digest,2026-07-12,infosys,it,0,2,0.0,0.0
digest,2026-07-12,jindal_stainless,steel,0,2,0.0,0.0
digest,2026-07-12,jindal_steel,steel,0,2,0.0,0.0
digest,2026-07-12,jk_cement,cement,0,2,0.0,0.0
digest,2026-07-12,jsw_cement,cement,0,2,0.0,0.0
digest,2026-07-12,jsw_steel,steel,0,2,0.0,0.0
digest,2026-07-12,kaynes,ems,0,2,0.0,0.0
digest,2026-07-12,kpit,it,0,2,0.0,0.0
digest,2026-07-12,lloyds_metals,mining,0,2,0.0,0.0
digest,2026-07-12,ltts,it,0,2,0.0,0.0
digest,2026-07-12,mphasis,it,0,2,0.0,0.0
digest,2026-07-12,nalco,aluminium,0,2,0.0,0.0
digest,2026-07-12,nmdc,mining,0,2,0.0,0.0
digest,2026-07-12,nuvoco,cement,0,2,0.0,0.0
digest,2026-07-12,ofss,it,0,2,0.0,0.0
digest,2026-07-12,persistent,it,0,2,0.0,0.0
digest,2026-07-12,pg_electroplast,ems,0,2,0.0,0.0
digest,2026-07-12,ramco,cement,0,2,0.0,0.0
digest,2026-07-12,sail,steel,0,2,0.0,0.0
digest,2026-07-12,shree,cement,0,2,0.0,0.0
digest,2026-07-12,shyam_metalics,steel,0,2,0.0,0.0
digest,2026-07-12,star_cement,cement,0,2,0.0,0.0
digest,2026-07-12,syrma_sgs,ems,0,2,0.0,0.0
digest,2026-07-12,tata_elxsi,it,0,2,0.0,0.0
digest,2026-07-12,tata_steel,steel,0,2,0.0,0.0
digest,2026-07-12,tcs,it,0,2,0.0,0.0
digest,2026-07-12,tech_mahindra,it,0,2,0.0,0.0
digest,2026-07-12,ultratech,cement,0,2,0.0,0.0
digest,2026-07-12,vaml,aluminium,0,2,0.0,0.0
digest,2026-07-12,vedanta,aluminium,0,2,0.0,0.0
digest,2026-07-12,wipro,it,0,2,0.0,0.0
digest,2026-07-13,apl_apollo,steel,1,33,0.030303030303030304,0.08333333333333333
digest,2026-07-13,jsw_steel,steel,3,33,0.09090909090909091,0.25
digest,2026-07-13,tata_steel,steel,3,33,0.09090909090909091,0.25
digest,2026-07-13,jindal_steel,steel,4,33,0.12121212121212122,0.3333333333333333
digest,2026-07-13,sail,steel,1,33,0.030303030303030304,0.08333333333333333
digest,2026-07-13,nmdc,mining,3,33,0.09090909090909091,0.5
digest,2026-07-13,lloyds_metals,mining,1,33,0.030303030303030304,0.16666666666666666
digest,2026-07-13,hindalco,aluminium,3,33,0.09090909090909091,0.75
digest,2026-07-13,hindustan_zinc,aluminium,1,33,0.030303030303030304,0.25
digest,2026-07-13,coal_india,mining,2,33,0.06060606060606061,0.3333333333333333
digest,2026-07-13,nuvoco,cement,1,33,0.030303030303030304,1.0
digest,2026-07-13,dixon,ems,1,33,0.030303030303030304,1.0
digest,2026-07-13,ltimindtree,it,7,33,0.21212121212121213,0.7777777777777778
digest,2026-07-13,hcl_tech,it,1,33,0.030303030303030304,0.1111111111111111
digest,2026-07-13,tata_elxsi,it,1,33,0.030303030303030304,0.1111111111111111
digest,2026-07-13,acc,cement,0,33,0.0,0.0
digest,2026-07-13,amber,ems,0,33,0.0,0.0
digest,2026-07-13,ambuja,cement,0,33,0.0,0.0
digest,2026-07-13,avalon,ems,0,33,0.0,0.0
digest,2026-07-13,coforge,it,0,33,0.0,0.0
digest,2026-07-13,dalmia,cement,0,33,0.0,0.0
digest,2026-07-13,hindustan_copper,mining,0,33,0.0,0.0
digest,2026-07-13,infosys,it,0,33,0.0,0.0
digest,2026-07-13,jindal_stainless,steel,0,33,0.0,0.0
digest,2026-07-13,jk_cement,cement,0,33,0.0,0.0
digest,2026-07-13,jsw_cement,cement,0,33,0.0,0.0
digest,2026-07-13,kaynes,ems,0,33,0.0,0.0
digest,2026-07-13,kpit,it,0,33,0.0,0.0
digest,2026-07-13,ltts,it,0,33,0.0,0.0
digest,2026-07-13,mphasis,it,0,33,0.0,0.0
digest,2026-07-13,nalco,aluminium,0,33,0.0,0.0
digest,2026-07-13,ofss,it,0,33,0.0,0.0
digest,2026-07-13,persistent,it,0,33,0.0,0.0
digest,2026-07-13,pg_electroplast,ems,0,33,0.0,0.0
digest,2026-07-13,ramco,cement,0,33,0.0,0.0
digest,2026-07-13,shree,cement,0,33,0.0,0.0
digest,2026-07-13,shyam_metalics,steel,0,33,0.0,0.0
digest,2026-07-13,star_cement,cement,0,33,0.0,0.0
digest,2026-07-13,syrma_sgs,ems,0,33,0.0,0.0
digest,2026-07-13,tcs,it,0,33,0.0,0.0
digest,2026-07-13,tech_mahindra,it,0,33,0.0,0.0
digest,2026-07-13,ultratech,cement,0,33,0.0,0.0
digest,2026-07-13,vaml,aluminium,0,33,0.0,0.0
digest,2026-07-13,vedanta,aluminium,0,33,0.0,0.0
digest,2026-07-13,wipro,it,0,33,0.0,0.0
digest,2026-07-14,hcl_tech,it,10,35,0.2857142857142857,0.7692307692307693
digest,2026-07-14,ltimindtree,it,3,35,0.08571428571428572,0.23076923076923078
digest,2026-07-14,apl_apollo,steel,2,35,0.05714285714285714,0.25
digest,2026-07-14,jsw_steel,steel,2,35,0.05714285714285714,0.25
digest,2026-07-14,tata_steel,steel,2,35,0.05714285714285714,0.25
digest,2026-07-14,jindal_steel,steel,2,35,0.05714285714285714,0.25
digest,2026-07-14,nuvoco,cement,3,35,0.08571428571428572,0.3
digest,2026-07-14,ultratech,cement,1,35,0.02857142857142857,0.1
digest,2026-07-14,shree,cement,1,35,0.02857142857142857,0.1
digest,2026-07-14,dalmia,cement,1,35,0.02857142857142857,0.1
digest,2026-07-14,ambuja,cement,1,35,0.02857142857142857,0.1
digest,2026-07-14,jk_cement,cement,1,35,0.02857142857142857,0.1
digest,2026-07-14,ramco,cement,1,35,0.02857142857142857,0.1
digest,2026-07-14,star_cement,cement,1,35,0.02857142857142857,0.1
digest,2026-07-14,hindustan_zinc,aluminium,1,35,0.02857142857142857,0.5
digest,2026-07-14,vedanta,aluminium,1,35,0.02857142857142857,0.5
digest,2026-07-14,dixon,ems,2,35,0.05714285714285714,1.0
digest,2026-07-14,acc,cement,0,35,0.0,0.0
digest,2026-07-14,amber,ems,0,35,0.0,0.0
digest,2026-07-14,avalon,ems,0,35,0.0,0.0
digest,2026-07-14,coal_india,mining,0,35,0.0,0.0
digest,2026-07-14,coforge,it,0,35,0.0,0.0
digest,2026-07-14,hindalco,aluminium,0,35,0.0,0.0
digest,2026-07-14,hindustan_copper,mining,0,35,0.0,0.0
digest,2026-07-14,infosys,it,0,35,0.0,0.0
digest,2026-07-14,jindal_stainless,steel,0,35,0.0,0.0
digest,2026-07-14,jsw_cement,cement,0,35,0.0,0.0
digest,2026-07-14,kaynes,ems,0,35,0.0,0.0
digest,2026-07-14,kpit,it,0,35,0.0,0.0
digest,2026-07-14,lloyds_metals,mining,0,35,0.0,0.0
digest,2026-07-14,ltts,it,0,35,0.0,0.0
digest,2026-07-14,mphasis,it,0,35,0.0,0.0
digest,2026-07-14,nalco,aluminium,0,35,0.0,0.0
digest,2026-07-14,nmdc,mining,0,35,0.0,0.0
digest,2026-07-14,ofss,it,0,35,0.0,0.0
digest,2026-07-14,persistent,it,0,35,0.0,0.0
digest,2026-07-14,pg_electroplast,ems,0,35,0.0,0.0
digest,2026-07-14,sail,steel,0,35,0.0,0.0
digest,2026-07-14,shyam_metalics,steel,0,35,0.0,0.0
digest,2026-07-14,syrma_sgs,ems,0,35,0.0,0.0
digest,2026-07-14,tata_elxsi,it,0,35,0.0,0.0
digest,2026-07-14,tcs,it,0,35,0.0,0.0
digest,2026-07-14,tech_mahindra,it,0,35,0.0,0.0
digest,2026-07-14,vaml,aluminium,0,35,0.0,0.0
digest,2026-07-14,wipro,it,0,35,0.0,0.0
digest,2026-07-15,ltts,it,5,17,0.29411764705882354,0.45454545454545453
digest,2026-07-15,tata_elxsi,it,4,17,0.23529411764705882,0.36363636363636365
digest,2026-07-15,hcl_tech,it,1,17,0.058823529411764705,0.09090909090909091
digest,2026-07-15,kpit,it,1,17,0.058823529411764705,0.09090909090909091
digest,2026-07-15,nuvoco,cement,1,17,0.058823529411764705,1.0
digest,2026-07-15,jindal_steel,steel,1,17,0.058823529411764705,0.25
digest,2026-07-15,shyam_metalics,steel,1,17,0.058823529411764705,0.25
digest,2026-07-15,jsw_steel,steel,1,17,0.058823529411764705,0.25
digest,2026-07-15,tata_steel,steel,1,17,0.058823529411764705,0.25
digest,2026-07-15,nmdc,mining,1,17,0.058823529411764705,1.0
digest,2026-07-15,acc,cement,0,17,0.0,0.0
digest,2026-07-15,amber,ems,0,17,0.0,0.0
digest,2026-07-15,ambuja,cement,0,17,0.0,0.0
digest,2026-07-15,apl_apollo,steel,0,17,0.0,0.0
digest,2026-07-15,avalon,ems,0,17,0.0,0.0
digest,2026-07-15,coal_india,mining,0,17,0.0,0.0
digest,2026-07-15,coforge,it,0,17,0.0,0.0
digest,2026-07-15,dalmia,cement,0,17,0.0,0.0
digest,2026-07-15,dixon,ems,0,17,0.0,0.0
digest,2026-07-15,hindalco,aluminium,0,17,0.0,0.0
digest,2026-07-15,hindustan_copper,mining,0,17,0.0,0.0
digest,2026-07-15,hindustan_zinc,aluminium,0,17,0.0,0.0
digest,2026-07-15,infosys,it,0,17,0.0,0.0
digest,2026-07-15,jindal_stainless,steel,0,17,0.0,0.0
digest,2026-07-15,jk_cement,cement,0,17,0.0,0.0
digest,2026-07-15,jsw_cement,cement,0,17,0.0,0.0
digest,2026-07-15,kaynes,ems,0,17,0.0,0.0
digest,2026-07-15,lloyds_metals,mining,0,17,0.0,0.0
digest,2026-07-15,ltimindtree,it,0,17,0.0,0.0
digest,2026-07-15,mphasis,it,0,17,0.0,0.0
digest,2026-07-15,nalco,aluminium,0,17,0.0,0.0
digest,2026-07-15,ofss,it,0,17,0.0,0.0
digest,2026-07-15,persistent,it,0,17,0.0,0.0
digest,2026-07-15,pg_electroplast,ems,0,17,0.0,0.0
digest,2026-07-15,ramco,cement,0,17,0.0,0.0
digest,2026-07-15,sail,steel,0,17,0.0,0.0
digest,2026-07-15,shree,cement,0,17,0.0,0.0
digest,2026-07-15,star_cement,cement,0,17,0.0,0.0
digest,2026-07-15,syrma_sgs,ems,0,17,0.0,0.0
digest,2026-07-15,tcs,it,0,17,0.0,0.0
digest,2026-07-15,tech_mahindra,it,0,17,0.0,0.0
digest,2026-07-15,ultratech,cement,0,17,0.0,0.0
digest,2026-07-15,vaml,aluminium,0,17,0.0,0.0
digest,2026-07-15,vedanta,aluminium,0,17,0.0,0.0
digest,2026-07-15,wipro,it,0,17,0.0,0.0
digest,2026-07-16,dixon,ems,2,38,0.05263157894736842,0.2857142857142857
digest,2026-07-16,kaynes,ems,1,38,0.02631578947368421,0.14285714285714285
digest,2026-07-16,pg_electroplast,ems,1,38,0.02631578947368421,0.14285714285714285
digest,2026-07-16,amber,ems,1,38,0.02631578947368421,0.14285714285714285
digest,2026-07-16,syrma_sgs,ems,1,38,0.02631578947368421,0.14285714285714285
digest,2026-07-16,avalon,ems,1,38,0.02631578947368421,0.14285714285714285
digest,2026-07-16,hindalco,aluminium,1,38,0.02631578947368421,1.0
digest,2026-07-16,tcs,it,2,38,0.05263157894736842,0.09090909090909091
digest,2026-07-16,infosys,it,2,38,0.05263157894736842,0.09090909090909091
digest,2026-07-16,hcl_tech,it,2,38,0.05263157894736842,0.09090909090909091
digest,2026-07-16,wipro,it,2,38,0.05263157894736842,0.09090909090909091
digest,2026-07-16,tech_mahindra,it,2,38,0.05263157894736842,0.09090909090909091
digest,2026-07-16,ltimindtree,it,2,38,0.05263157894736842,0.09090909090909091
digest,2026-07-16,mphasis,it,2,38,0.05263157894736842,0.09090909090909091
digest,2026-07-16,persistent,it,2,38,0.05263157894736842,0.09090909090909091
digest,2026-07-16,coforge,it,2,38,0.05263157894736842,0.09090909090909091
digest,2026-07-16,ltts,it,1,38,0.02631578947368421,0.045454545454545456
digest,2026-07-16,tata_elxsi,it,1,38,0.02631578947368421,0.045454545454545456
digest,2026-07-16,kpit,it,1,38,0.02631578947368421,0.045454545454545456
digest,2026-07-16,ofss,it,1,38,0.02631578947368421,0.045454545454545456
digest,2026-07-16,ultratech,cement,1,38,0.02631578947368421,0.125
digest,2026-07-16,shree,cement,1,38,0.02631578947368421,0.125
digest,2026-07-16,dalmia,cement,1,38,0.02631578947368421,0.125
digest,2026-07-16,ambuja,cement,1,38,0.02631578947368421,0.125
digest,2026-07-16,jk_cement,cement,1,38,0.02631578947368421,0.125
digest,2026-07-16,nuvoco,cement,1,38,0.02631578947368421,0.125
digest,2026-07-16,ramco,cement,1,38,0.02631578947368421,0.125
digest,2026-07-16,star_cement,cement,1,38,0.02631578947368421,0.125
digest,2026-07-16,acc,cement,0,38,0.0,0.0
digest,2026-07-16,apl_apollo,steel,0,38,0.0,0.0
digest,2026-07-16,coal_india,mining,0,38,0.0,0.0
digest,2026-07-16,hindustan_copper,mining,0,38,0.0,0.0
digest,2026-07-16,hindustan_zinc,aluminium,0,38,0.0,0.0
digest,2026-07-16,jindal_stainless,steel,0,38,0.0,0.0
digest,2026-07-16,jindal_steel,steel,0,38,0.0,0.0
digest,2026-07-16,jsw_cement,cement,0,38,0.0,0.0
digest,2026-07-16,jsw_steel,steel,0,38,0.0,0.0
digest,2026-07-16,lloyds_metals,mining,0,38,0.0,0.0
digest,2026-07-16,nalco,aluminium,0,38,0.0,0.0
digest,2026-07-16,nmdc,mining,0,38,0.0,0.0
digest,2026-07-16,sail,steel,0,38,0.0,0.0
digest,2026-07-16,shyam_metalics,steel,0,38,0.0,0.0
digest,2026-07-16,tata_steel,steel,0,38,0.0,0.0
digest,2026-07-16,vaml,aluminium,0,38,0.0,0.0
digest,2026-07-16,vedanta,aluminium,0,38,0.0,0.0
digest,2026-07-17,jsw_steel,steel,3,45,0.06666666666666667,0.2
digest,2026-07-17,tata_steel,steel,3,45,0.06666666666666667,0.2
digest,2026-07-17,jindal_steel,steel,3,45,0.06666666666666667,0.2
digest,2026-07-17,sail,steel,2,45,0.044444444444444446,0.13333333333333333
digest,2026-07-17,shyam_metalics,steel,3,45,0.06666666666666667,0.2
digest,2026-07-17,apl_apollo,steel,1,45,0.022222222222222223,0.06666666666666667
digest,2026-07-17,nmdc,mining,1,45,0.022222222222222223,1.0
digest,2026-07-17,dalmia,cement,1,45,0.022222222222222223,1.0
digest,2026-07-17,hindustan_zinc,aluminium,1,45,0.022222222222222223,0.2
digest,2026-07-17,hindalco,aluminium,2,45,0.044444444444444446,0.4
digest,2026-07-17,vedanta,aluminium,1,45,0.022222222222222223,0.2
digest,2026-07-17,nalco,aluminium,1,45,0.022222222222222223,0.2
digest,2026-07-17,tech_mahindra,it,6,45,0.13333333333333333,0.4
digest,2026-07-17,wipro,it,6,45,0.13333333333333333,0.4
digest,2026-07-17,hcl_tech,it,3,45,0.06666666666666667,0.2
digest,2026-07-17,dixon,ems,2,45,0.044444444444444446,0.25
digest,2026-07-17,amber,ems,2,45,0.044444444444444446,0.25
digest,2026-07-17,kaynes,ems,1,45,0.022222222222222223,0.125
digest,2026-07-17,pg_electroplast,ems,1,45,0.022222222222222223,0.125
digest,2026-07-17,syrma_sgs,ems,1,45,0.022222222222222223,0.125
digest,2026-07-17,avalon,ems,1,45,0.022222222222222223,0.125
digest,2026-07-17,acc,cement,0,45,0.0,0.0
digest,2026-07-17,ambuja,cement,0,45,0.0,0.0
digest,2026-07-17,coal_india,mining,0,45,0.0,0.0
digest,2026-07-17,coforge,it,0,45,0.0,0.0
digest,2026-07-17,hindustan_copper,mining,0,45,0.0,0.0
digest,2026-07-17,infosys,it,0,45,0.0,0.0
digest,2026-07-17,jindal_stainless,steel,0,45,0.0,0.0
digest,2026-07-17,jk_cement,cement,0,45,0.0,0.0
digest,2026-07-17,jsw_cement,cement,0,45,0.0,0.0
digest,2026-07-17,kpit,it,0,45,0.0,0.0
digest,2026-07-17,lloyds_metals,mining,0,45,0.0,0.0
digest,2026-07-17,ltimindtree,it,0,45,0.0,0.0
digest,2026-07-17,ltts,it,0,45,0.0,0.0
digest,2026-07-17,mphasis,it,0,45,0.0,0.0
digest,2026-07-17,nuvoco,cement,0,45,0.0,0.0
digest,2026-07-17,ofss,it,0,45,0.0,0.0
digest,2026-07-17,persistent,it,0,45,0.0,0.0
digest,2026-07-17,ramco,cement,0,45,0.0,0.0
digest,2026-07-17,shree,cement,0,45,0.0,0.0
digest,2026-07-17,star_cement,cement,0,45,0.0,0.0
digest,2026-07-17,tata_elxsi,it,0,45,0.0,0.0
digest,2026-07-17,tcs,it,0,45,0.0,0.0
digest,2026-07-17,ultratech,cement,0,45,0.0,0.0
digest,2026-07-17,vaml,aluminium,0,45,0.0,0.0
digest,2026-07-18,jsw_steel,steel,3,9,0.3333333333333333,0.75
digest,2026-07-18,tata_steel,steel,1,9,0.1111111111111111,0.25
digest,2026-07-18,nmdc,mining,1,9,0.1111111111111111,1.0
digest,2026-07-18,hindustan_zinc,aluminium,1,9,0.1111111111111111,1.0
digest,2026-07-18,wipro,it,1,9,0.1111111111111111,0.3333333333333333
digest,2026-07-18,tech_mahindra,it,1,9,0.1111111111111111,0.3333333333333333
digest,2026-07-18,hcl_tech,it,1,9,0.1111111111111111,0.3333333333333333
digest,2026-07-18,acc,cement,0,9,0.0,0.0
digest,2026-07-18,amber,ems,0,9,0.0,0.0
digest,2026-07-18,ambuja,cement,0,9,0.0,0.0
digest,2026-07-18,apl_apollo,steel,0,9,0.0,0.0
digest,2026-07-18,avalon,ems,0,9,0.0,0.0
digest,2026-07-18,coal_india,mining,0,9,0.0,0.0
digest,2026-07-18,coforge,it,0,9,0.0,0.0
digest,2026-07-18,dalmia,cement,0,9,0.0,0.0
digest,2026-07-18,dixon,ems,0,9,0.0,0.0
digest,2026-07-18,hindalco,aluminium,0,9,0.0,0.0
digest,2026-07-18,hindustan_copper,mining,0,9,0.0,0.0
digest,2026-07-18,infosys,it,0,9,0.0,0.0
digest,2026-07-18,jindal_stainless,steel,0,9,0.0,0.0
digest,2026-07-18,jindal_steel,steel,0,9,0.0,0.0
digest,2026-07-18,jk_cement,cement,0,9,0.0,0.0
digest,2026-07-18,jsw_cement,cement,0,9,0.0,0.0
digest,2026-07-18,kaynes,ems,0,9,0.0,0.0
digest,2026-07-18,kpit,it,0,9,0.0,0.0
digest,2026-07-18,lloyds_metals,mining,0,9,0.0,0.0
digest,2026-07-18,ltimindtree,it,0,9,0.0,0.0
digest,2026-07-18,ltts,it,0,9,0.0,0.0
digest,2026-07-18,mphasis,it,0,9,0.0,0.0
digest,2026-07-18,nalco,aluminium,0,9,0.0,0.0
digest,2026-07-18,nuvoco,cement,0,9,0.0,0.0
digest,2026-07-18,ofss,it,0,9,0.0,0.0
digest,2026-07-18,persistent,it,0,9,0.0,0.0
digest,2026-07-18,pg_electroplast,ems,0,9,0.0,0.0
digest,2026-07-18,ramco,cement,0,9,0.0,0.0
digest,2026-07-18,sail,steel,0,9,0.0,0.0
digest,2026-07-18,shree,cement,0,9,0.0,0.0
digest,2026-07-18,shyam_metalics,steel,0,9,0.0,0.0
digest,2026-07-18,star_cement,cement,0,9,0.0,0.0
digest,2026-07-18,syrma_sgs,ems,0,9,0.0,0.0
digest,2026-07-18,tata_elxsi,it,0,9,0.0,0.0
digest,2026-07-18,tcs,it,0,9,0.0,0.0
digest,2026-07-18,ultratech,cement,0,9,0.0,0.0
digest,2026-07-18,vaml,aluminium,0,9,0.0,0.0
digest,2026-07-18,vedanta,aluminium,0,9,0.0,0.0
digest,2026-07-19,jsw_steel,steel,1,2,0.5,1.0
digest,2026-07-19,jk_cement,cement,1,2,0.5,1.0
digest,2026-07-19,acc,cement,0,2,0.0,0.0
digest,2026-07-19,amber,ems,0,2,0.0,0.0
digest,2026-07-19,ambuja,cement,0,2,0.0,0.0
digest,2026-07-19,apl_apollo,steel,0,2,0.0,0.0
digest,2026-07-19,avalon,ems,0,2,0.0,0.0
digest,2026-07-19,coal_india,mining,0,2,0.0,0.0
digest,2026-07-19,coforge,it,0,2,0.0,0.0
digest,2026-07-19,dalmia,cement,0,2,0.0,0.0
digest,2026-07-19,dixon,ems,0,2,0.0,0.0
digest,2026-07-19,hcl_tech,it,0,2,0.0,0.0
digest,2026-07-19,hindalco,aluminium,0,2,0.0,0.0
digest,2026-07-19,hindustan_copper,mining,0,2,0.0,0.0
digest,2026-07-19,hindustan_zinc,aluminium,0,2,0.0,0.0
digest,2026-07-19,infosys,it,0,2,0.0,0.0
digest,2026-07-19,jindal_stainless,steel,0,2,0.0,0.0
digest,2026-07-19,jindal_steel,steel,0,2,0.0,0.0
digest,2026-07-19,jsw_cement,cement,0,2,0.0,0.0
digest,2026-07-19,kaynes,ems,0,2,0.0,0.0
digest,2026-07-19,kpit,it,0,2,0.0,0.0
digest,2026-07-19,lloyds_metals,mining,0,2,0.0,0.0
digest,2026-07-19,ltimindtree,it,0,2,0.0,0.0
digest,2026-07-19,ltts,it,0,2,0.0,0.0
digest,2026-07-19,mphasis,it,0,2,0.0,0.0
digest,2026-07-19,nalco,aluminium,0,2,0.0,0.0
digest,2026-07-19,nmdc,mining,0,2,0.0,0.0
digest,2026-07-19,nuvoco,cement,0,2,0.0,0.0
digest,2026-07-19,ofss,it,0,2,0.0,0.0
digest,2026-07-19,persistent,it,0,2,0.0,0.0
digest,2026-07-19,pg_electroplast,ems,0,2,0.0,0.0
digest,2026-07-19,ramco,cement,0,2,0.0,0.0
digest,2026-07-19,sail,steel,0,2,0.0,0.0
digest,2026-07-19,shree,cement,0,2,0.0,0.0
digest,2026-07-19,shyam_metalics,steel,0,2,0.0,0.0
digest,2026-07-19,star_cement,cement,0,2,0.0,0.0
digest,2026-07-19,syrma_sgs,ems,0,2,0.0,0.0
digest,2026-07-19,tata_elxsi,it,0,2,0.0,0.0
digest,2026-07-19,tata_steel,steel,0,2,0.0,0.0
digest,2026-07-19,tcs,it,0,2,0.0,0.0
digest,2026-07-19,tech_mahindra,it,0,2,0.0,0.0
digest,2026-07-19,ultratech,cement,0,2,0.0,0.0
digest,2026-07-19,vaml,aluminium,0,2,0.0,0.0
digest,2026-07-19,vedanta,aluminium,0,2,0.0,0.0
digest,2026-07-19,wipro,it,0,2,0.0,0.0
digest,2026-07-20,jsw_steel,steel,4,12,0.3333333333333333,0.5714285714285714
digest,2026-07-20,tata_steel,steel,1,12,0.08333333333333333,0.14285714285714285
digest,2026-07-20,jindal_steel,steel,1,12,0.08333333333333333,0.14285714285714285
digest,2026-07-20,apl_apollo,steel,1,12,0.08333333333333333,0.14285714285714285
digest,2026-07-20,nmdc,mining,1,12,0.08333333333333333,1.0
digest,2026-07-20,vedanta,aluminium,1,12,0.08333333333333333,0.3333333333333333
digest,2026-07-20,nalco,aluminium,1,12,0.08333333333333333,0.3333333333333333
digest,2026-07-20,hindalco,aluminium,1,12,0.08333333333333333,0.3333333333333333
digest,2026-07-20,jk_cement,cement,1,12,0.08333333333333333,1.0
digest,2026-07-20,acc,cement,0,12,0.0,0.0
digest,2026-07-20,amber,ems,0,12,0.0,0.0
digest,2026-07-20,ambuja,cement,0,12,0.0,0.0
digest,2026-07-20,avalon,ems,0,12,0.0,0.0
digest,2026-07-20,coal_india,mining,0,12,0.0,0.0
digest,2026-07-20,coforge,it,0,12,0.0,0.0
digest,2026-07-20,dalmia,cement,0,12,0.0,0.0
digest,2026-07-20,dixon,ems,0,12,0.0,0.0
digest,2026-07-20,hcl_tech,it,0,12,0.0,0.0
digest,2026-07-20,hindustan_copper,mining,0,12,0.0,0.0
digest,2026-07-20,hindustan_zinc,aluminium,0,12,0.0,0.0
digest,2026-07-20,infosys,it,0,12,0.0,0.0
digest,2026-07-20,jindal_stainless,steel,0,12,0.0,0.0
digest,2026-07-20,jsw_cement,cement,0,12,0.0,0.0
digest,2026-07-20,kaynes,ems,0,12,0.0,0.0
digest,2026-07-20,kpit,it,0,12,0.0,0.0
digest,2026-07-20,lloyds_metals,mining,0,12,0.0,0.0
digest,2026-07-20,ltimindtree,it,0,12,0.0,0.0
digest,2026-07-20,ltts,it,0,12,0.0,0.0
digest,2026-07-20,mphasis,it,0,12,0.0,0.0
digest,2026-07-20,nuvoco,cement,0,12,0.0,0.0
digest,2026-07-20,ofss,it,0,12,0.0,0.0
digest,2026-07-20,persistent,it,0,12,0.0,0.0
digest,2026-07-20,pg_electroplast,ems,0,12,0.0,0.0
digest,2026-07-20,ramco,cement,0,12,0.0,0.0
digest,2026-07-20,sail,steel,0,12,0.0,0.0
digest,2026-07-20,shree,cement,0,12,0.0,0.0
digest,2026-07-20,shyam_metalics,steel,0,12,0.0,0.0
digest,2026-07-20,star_cement,cement,0,12,0.0,0.0
digest,2026-07-20,syrma_sgs,ems,0,12,0.0,0.0
digest,2026-07-20,tata_elxsi,it,0,12,0.0,0.0
digest,2026-07-20,tcs,it,0,12,0.0,0.0
digest,2026-07-20,tech_mahindra,it,0,12,0.0,0.0
digest,2026-07-20,ultratech,cement,0,12,0.0,0.0
digest,2026-07-20,vaml,aluminium,0,12,0.0,0.0
digest,2026-07-20,wipro,it,0,12,0.0,0.0
digest,2026-07-21,jsw_steel,steel,4,16,0.25,0.5
digest,2026-07-21,shyam_metalics,steel,1,16,0.0625,0.125
digest,2026-07-21,apl_apollo,steel,1,16,0.0625,0.125
digest,2026-07-21,tata_steel,steel,1,16,0.0625,0.125
digest,2026-07-21,jindal_steel,steel,1,16,0.0625,0.125
digest,2026-07-21,nalco,aluminium,1,16,0.0625,1.0
digest,2026-07-21,ultratech,cement,2,16,0.125,0.5
digest,2026-07-21,jk_cement,cement,2,16,0.125,0.5
digest,2026-07-21,tcs,it,1,16,0.0625,0.3333333333333333
digest,2026-07-21,infosys,it,1,16,0.0625,0.3333333333333333
digest,2026-07-21,wipro,it,1,16,0.0625,0.3333333333333333
digest,2026-07-21,acc,cement,0,16,0.0,0.0
digest,2026-07-21,amber,ems,0,16,0.0,0.0
digest,2026-07-21,ambuja,cement,0,16,0.0,0.0
digest,2026-07-21,avalon,ems,0,16,0.0,0.0
digest,2026-07-21,coal_india,mining,0,16,0.0,0.0
digest,2026-07-21,coforge,it,0,16,0.0,0.0
digest,2026-07-21,dalmia,cement,0,16,0.0,0.0
digest,2026-07-21,dixon,ems,0,16,0.0,0.0
digest,2026-07-21,hcl_tech,it,0,16,0.0,0.0
digest,2026-07-21,hindalco,aluminium,0,16,0.0,0.0
digest,2026-07-21,hindustan_copper,mining,0,16,0.0,0.0
digest,2026-07-21,hindustan_zinc,aluminium,0,16,0.0,0.0
digest,2026-07-21,jindal_stainless,steel,0,16,0.0,0.0
digest,2026-07-21,jsw_cement,cement,0,16,0.0,0.0
digest,2026-07-21,kaynes,ems,0,16,0.0,0.0
digest,2026-07-21,kpit,it,0,16,0.0,0.0
digest,2026-07-21,lloyds_metals,mining,0,16,0.0,0.0
digest,2026-07-21,ltimindtree,it,0,16,0.0,0.0
digest,2026-07-21,ltts,it,0,16,0.0,0.0
digest,2026-07-21,mphasis,it,0,16,0.0,0.0
digest,2026-07-21,nmdc,mining,0,16,0.0,0.0
digest,2026-07-21,nuvoco,cement,0,16,0.0,0.0
digest,2026-07-21,ofss,it,0,16,0.0,0.0
digest,2026-07-21,persistent,it,0,16,0.0,0.0
digest,2026-07-21,pg_electroplast,ems,0,16,0.0,0.0
digest,2026-07-21,ramco,cement,0,16,0.0,0.0
digest,2026-07-21,sail,steel,0,16,0.0,0.0
digest,2026-07-21,shree,cement,0,16,0.0,0.0
digest,2026-07-21,star_cement,cement,0,16,0.0,0.0
digest,2026-07-21,syrma_sgs,ems,0,16,0.0,0.0
digest,2026-07-21,tata_elxsi,it,0,16,0.0,0.0
digest,2026-07-21,tech_mahindra,it,0,16,0.0,0.0
digest,2026-07-21,vaml,aluminium,0,16,0.0,0.0
digest,2026-07-21,vedanta,aluminium,0,16,0.0,0.0
digest,2026-07-22,shyam_metalics,steel,3,27,0.1111111111111111,0.3333333333333333
digest,2026-07-22,jsw_steel,steel,2,27,0.07407407407407407,0.2222222222222222
digest,2026-07-22,tata_steel,steel,2,27,0.07407407407407407,0.2222222222222222
digest,2026-07-22,jindal_steel,steel,1,27,0.037037037037037035,0.1111111111111111
digest,2026-07-22,sail,steel,1,27,0.037037037037037035,0.1111111111111111
digest,2026-07-22,nmdc,mining,1,27,0.037037037037037035,1.0
digest,2026-07-22,hindalco,aluminium,2,27,0.07407407407407407,0.3333333333333333
digest,2026-07-22,nalco,aluminium,1,27,0.037037037037037035,0.16666666666666666
digest,2026-07-22,vedanta,aluminium,2,27,0.07407407407407407,0.3333333333333333
digest,2026-07-22,hindustan_zinc,aluminium,1,27,0.037037037037037035,0.16666666666666666
digest,2026-07-22,ultratech,cement,3,27,0.1111111111111111,0.5
digest,2026-07-22,jk_cement,cement,1,27,0.037037037037037035,0.16666666666666666
digest,2026-07-22,ambuja,cement,2,27,0.07407407407407407,0.3333333333333333
digest,2026-07-22,ltts,it,1,27,0.037037037037037035,0.2
digest,2026-07-22,hcl_tech,it,1,27,0.037037037037037035,0.2
digest,2026-07-22,tcs,it,1,27,0.037037037037037035,0.2
digest,2026-07-22,infosys,it,1,27,0.037037037037037035,0.2
digest,2026-07-22,wipro,it,1,27,0.037037037037037035,0.2
digest,2026-07-22,acc,cement,0,27,0.0,0.0
digest,2026-07-22,amber,ems,0,27,0.0,0.0
digest,2026-07-22,apl_apollo,steel,0,27,0.0,0.0
digest,2026-07-22,avalon,ems,0,27,0.0,0.0
digest,2026-07-22,coal_india,mining,0,27,0.0,0.0
digest,2026-07-22,coforge,it,0,27,0.0,0.0
digest,2026-07-22,dalmia,cement,0,27,0.0,0.0
digest,2026-07-22,dixon,ems,0,27,0.0,0.0
digest,2026-07-22,hindustan_copper,mining,0,27,0.0,0.0
digest,2026-07-22,jindal_stainless,steel,0,27,0.0,0.0
digest,2026-07-22,jsw_cement,cement,0,27,0.0,0.0
digest,2026-07-22,kaynes,ems,0,27,0.0,0.0
digest,2026-07-22,kpit,it,0,27,0.0,0.0
digest,2026-07-22,lloyds_metals,mining,0,27,0.0,0.0
digest,2026-07-22,ltimindtree,it,0,27,0.0,0.0
digest,2026-07-22,mphasis,it,0,27,0.0,0.0
digest,2026-07-22,nuvoco,cement,0,27,0.0,0.0
digest,2026-07-22,ofss,it,0,27,0.0,0.0
digest,2026-07-22,persistent,it,0,27,0.0,0.0
digest,2026-07-22,pg_electroplast,ems,0,27,0.0,0.0
digest,2026-07-22,ramco,cement,0,27,0.0,0.0
digest,2026-07-22,shree,cement,0,27,0.0,0.0
digest,2026-07-22,star_cement,cement,0,27,0.0,0.0
digest,2026-07-22,syrma_sgs,ems,0,27,0.0,0.0
digest,2026-07-22,tata_elxsi,it,0,27,0.0,0.0
digest,2026-07-22,tech_mahindra,it,0,27,0.0,0.0
digest,2026-07-22,vaml,aluminium,0,27,0.0,0.0
digest,2026-07-23,shyam_metalics,steel,3,30,0.1,0.2727272727272727
digest,2026-07-23,jsw_steel,steel,3,30,0.1,0.2727272727272727
digest,2026-07-23,tata_steel,steel,2,30,0.06666666666666667,0.18181818181818182
digest,2026-07-23,jindal_steel,steel,2,30,0.06666666666666667,0.18181818181818182
digest,2026-07-23,sail,steel,1,30,0.03333333333333333,0.09090909090909091
digest,2026-07-23,coal_india,mining,1,30,0.03333333333333333,1.0
digest,2026-07-23,vaml,aluminium,1,30,0.03333333333333333,0.14285714285714285
digest,2026-07-23,hindalco,aluminium,2,30,0.06666666666666667,0.2857142857142857
digest,2026-07-23,nalco,aluminium,1,30,0.03333333333333333,0.14285714285714285
digest,2026-07-23,vedanta,aluminium,2,30,0.06666666666666667,0.2857142857142857
digest,2026-07-23,hindustan_zinc,aluminium,1,30,0.03333333333333333,0.14285714285714285
digest,2026-07-23,ltts,it,2,30,0.06666666666666667,0.2857142857142857
digest,2026-07-23,ultratech,cement,1,30,0.03333333333333333,0.25
digest,2026-07-23,shree,cement,1,30,0.03333333333333333,0.25
digest,2026-07-23,dalmia,cement,1,30,0.03333333333333333,0.25
digest,2026-07-23,ambuja,cement,1,30,0.03333333333333333,0.25
digest,2026-07-23,tcs,it,1,30,0.03333333333333333,0.14285714285714285
digest,2026-07-23,infosys,it,1,30,0.03333333333333333,0.14285714285714285
digest,2026-07-23,kpit,it,1,30,0.03333333333333333,0.14285714285714285
digest,2026-07-23,persistent,it,1,30,0.03333333333333333,0.14285714285714285
digest,2026-07-23,coforge,it,1,30,0.03333333333333333,0.14285714285714285
digest,2026-07-23,acc,cement,0,30,0.0,0.0
digest,2026-07-23,amber,ems,0,30,0.0,0.0
digest,2026-07-23,apl_apollo,steel,0,30,0.0,0.0
digest,2026-07-23,avalon,ems,0,30,0.0,0.0
digest,2026-07-23,dixon,ems,0,30,0.0,0.0
digest,2026-07-23,hcl_tech,it,0,30,0.0,0.0
digest,2026-07-23,hindustan_copper,mining,0,30,0.0,0.0
digest,2026-07-23,jindal_stainless,steel,0,30,0.0,0.0
digest,2026-07-23,jk_cement,cement,0,30,0.0,0.0
digest,2026-07-23,jsw_cement,cement,0,30,0.0,0.0
digest,2026-07-23,kaynes,ems,0,30,0.0,0.0
digest,2026-07-23,lloyds_metals,mining,0,30,0.0,0.0
digest,2026-07-23,ltimindtree,it,0,30,0.0,0.0
digest,2026-07-23,mphasis,it,0,30,0.0,0.0
digest,2026-07-23,nmdc,mining,0,30,0.0,0.0
digest,2026-07-23,nuvoco,cement,0,30,0.0,0.0
digest,2026-07-23,ofss,it,0,30,0.0,0.0
digest,2026-07-23,pg_electroplast,ems,0,30,0.0,0.0
digest,2026-07-23,ramco,cement,0,30,0.0,0.0
digest,2026-07-23,star_cement,cement,0,30,0.0,0.0
digest,2026-07-23,syrma_sgs,ems,0,30,0.0,0.0
digest,2026-07-23,tata_elxsi,it,0,30,0.0,0.0
digest,2026-07-23,tech_mahindra,it,0,30,0.0,0.0
digest,2026-07-23,wipro,it,0,30,0.0,0.0
digest,2026-07-24,shyam_metalics,steel,1,11,0.09090909090909091,0.5
digest,2026-07-24,jsw_steel,steel,1,11,0.09090909090909091,0.5
digest,2026-07-24,dalmia,cement,1,11,0.09090909090909091,0.5
digest,2026-07-24,ultratech,cement,1,11,0.09090909090909091,0.5
digest,2026-07-24,kaynes,ems,1,11,0.09090909090909091,0.5
digest,2026-07-24,amber,ems,1,11,0.09090909090909091,0.5
digest,2026-07-24,infosys,it,1,11,0.09090909090909091,0.2
digest,2026-07-24,mphasis,it,1,11,0.09090909090909091,0.2
digest,2026-07-24,ltts,it,1,11,0.09090909090909091,0.2
digest,2026-07-24,coforge,it,1,11,0.09090909090909091,0.2
digest,2026-07-24,tcs,it,1,11,0.09090909090909091,0.2
digest,2026-07-24,acc,cement,0,11,0.0,0.0
digest,2026-07-24,ambuja,cement,0,11,0.0,0.0
digest,2026-07-24,apl_apollo,steel,0,11,0.0,0.0
digest,2026-07-24,avalon,ems,0,11,0.0,0.0
digest,2026-07-24,coal_india,mining,0,11,0.0,0.0
digest,2026-07-24,dixon,ems,0,11,0.0,0.0
digest,2026-07-24,hcl_tech,it,0,11,0.0,0.0
digest,2026-07-24,hindalco,aluminium,0,11,0.0,0.0
digest,2026-07-24,hindustan_copper,mining,0,11,0.0,0.0
digest,2026-07-24,hindustan_zinc,aluminium,0,11,0.0,0.0
digest,2026-07-24,jindal_stainless,steel,0,11,0.0,0.0
digest,2026-07-24,jindal_steel,steel,0,11,0.0,0.0
digest,2026-07-24,jk_cement,cement,0,11,0.0,0.0
digest,2026-07-24,jsw_cement,cement,0,11,0.0,0.0
digest,2026-07-24,kpit,it,0,11,0.0,0.0
digest,2026-07-24,lloyds_metals,mining,0,11,0.0,0.0
digest,2026-07-24,ltimindtree,it,0,11,0.0,0.0
digest,2026-07-24,nalco,aluminium,0,11,0.0,0.0
digest,2026-07-24,nmdc,mining,0,11,0.0,0.0
digest,2026-07-24,nuvoco,cement,0,11,0.0,0.0
digest,2026-07-24,ofss,it,0,11,0.0,0.0
digest,2026-07-24,persistent,it,0,11,0.0,0.0
digest,2026-07-24,pg_electroplast,ems,0,11,0.0,0.0
digest,2026-07-24,ramco,cement,0,11,0.0,0.0
digest,2026-07-24,sail,steel,0,11,0.0,0.0
digest,2026-07-24,shree,cement,0,11,0.0,0.0
digest,2026-07-24,star_cement,cement,0,11,0.0,0.0
digest,2026-07-24,syrma_sgs,ems,0,11,0.0,0.0
digest,2026-07-24,tata_elxsi,it,0,11,0.0,0.0
digest,2026-07-24,tata_steel,steel,0,11,0.0,0.0
digest,2026-07-24,tech_mahindra,it,0,11,0.0,0.0
digest,2026-07-24,vaml,aluminium,0,11,0.0,0.0
digest,2026-07-24,vedanta,aluminium,0,11,0.0,0.0
digest,2026-07-24,wipro,it,0,11,0.0,0.0
digest,2026-07-25,jindal_steel,steel,2,21,0.09523809523809523,0.4
digest,2026-07-25,sail,steel,3,21,0.14285714285714285,0.6
digest,2026-07-25,hindustan_zinc,aluminium,2,21,0.09523809523809523,0.5
digest,2026-07-25,vedanta,aluminium,1,21,0.047619047619047616,0.25
digest,2026-07-25,hindalco,aluminium,1,21,0.047619047619047616,0.25
digest,2026-07-25,dalmia,cement,4,21,0.19047619047619047,1.0
digest,2026-07-25,mphasis,it,4,21,0.19047619047619047,0.5
digest,2026-07-25,infosys,it,4,21,0.19047619047619047,0.5
digest,2026-07-25,acc,cement,0,21,0.0,0.0
digest,2026-07-25,amber,ems,0,21,0.0,0.0
digest,2026-07-25,ambuja,cement,0,21,0.0,0.0
digest,2026-07-25,apl_apollo,steel,0,21,0.0,0.0
digest,2026-07-25,avalon,ems,0,21,0.0,0.0
digest,2026-07-25,coal_india,mining,0,21,0.0,0.0
digest,2026-07-25,coforge,it,0,21,0.0,0.0
digest,2026-07-25,dixon,ems,0,21,0.0,0.0
digest,2026-07-25,hcl_tech,it,0,21,0.0,0.0
digest,2026-07-25,hindustan_copper,mining,0,21,0.0,0.0
digest,2026-07-25,jindal_stainless,steel,0,21,0.0,0.0
digest,2026-07-25,jk_cement,cement,0,21,0.0,0.0
digest,2026-07-25,jsw_cement,cement,0,21,0.0,0.0
digest,2026-07-25,jsw_steel,steel,0,21,0.0,0.0
digest,2026-07-25,kaynes,ems,0,21,0.0,0.0
digest,2026-07-25,kpit,it,0,21,0.0,0.0
digest,2026-07-25,lloyds_metals,mining,0,21,0.0,0.0
digest,2026-07-25,ltimindtree,it,0,21,0.0,0.0
digest,2026-07-25,ltts,it,0,21,0.0,0.0
digest,2026-07-25,nalco,aluminium,0,21,0.0,0.0
digest,2026-07-25,nmdc,mining,0,21,0.0,0.0
digest,2026-07-25,nuvoco,cement,0,21,0.0,0.0
digest,2026-07-25,ofss,it,0,21,0.0,0.0
digest,2026-07-25,persistent,it,0,21,0.0,0.0
digest,2026-07-25,pg_electroplast,ems,0,21,0.0,0.0
digest,2026-07-25,ramco,cement,0,21,0.0,0.0
digest,2026-07-25,shree,cement,0,21,0.0,0.0
digest,2026-07-25,shyam_metalics,steel,0,21,0.0,0.0
digest,2026-07-25,star_cement,cement,0,21,0.0,0.0
digest,2026-07-25,syrma_sgs,ems,0,21,0.0,0.0
digest,2026-07-25,tata_elxsi,it,0,21,0.0,0.0
digest,2026-07-25,tata_steel,steel,0,21,0.0,0.0
digest,2026-07-25,tcs,it,0,21,0.0,0.0
digest,2026-07-25,tech_mahindra,it,0,21,0.0,0.0
digest,2026-07-25,ultratech,cement,0,21,0.0,0.0
digest,2026-07-25,vaml,aluminium,0,21,0.0,0.0
digest,2026-07-25,wipro,it,0,21,0.0,0.0
digest,2026-07-26,jindal_steel,steel,3,12,0.25,0.5
digest,2026-07-26,sail,steel,1,12,0.08333333333333333,0.16666666666666666
digest,2026-07-26,tata_steel,steel,1,12,0.08333333333333333,0.16666666666666666
digest,2026-07-26,jsw_steel,steel,1,12,0.08333333333333333,0.16666666666666666
digest,2026-07-26,lloyds_metals,mining,1,12,0.08333333333333333,0.5
digest,2026-07-26,nmdc,mining,1,12,0.08333333333333333,0.5
digest,2026-07-26,hindustan_zinc,aluminium,1,12,0.08333333333333333,0.5
digest,2026-07-26,vedanta,aluminium,1,12,0.08333333333333333,0.5
digest,2026-07-26,dalmia,cement,2,12,0.16666666666666666,1.0
digest,2026-07-26,acc,cement,0,12,0.0,0.0
digest,2026-07-26,amber,ems,0,12,0.0,0.0
digest,2026-07-26,ambuja,cement,0,12,0.0,0.0
digest,2026-07-26,apl_apollo,steel,0,12,0.0,0.0
digest,2026-07-26,avalon,ems,0,12,0.0,0.0
digest,2026-07-26,coal_india,mining,0,12,0.0,0.0
digest,2026-07-26,coforge,it,0,12,0.0,0.0
digest,2026-07-26,dixon,ems,0,12,0.0,0.0
digest,2026-07-26,hcl_tech,it,0,12,0.0,0.0
digest,2026-07-26,hindalco,aluminium,0,12,0.0,0.0
digest,2026-07-26,hindustan_copper,mining,0,12,0.0,0.0
digest,2026-07-26,infosys,it,0,12,0.0,0.0
digest,2026-07-26,jindal_stainless,steel,0,12,0.0,0.0
digest,2026-07-26,jk_cement,cement,0,12,0.0,0.0
digest,2026-07-26,jsw_cement,cement,0,12,0.0,0.0
digest,2026-07-26,kaynes,ems,0,12,0.0,0.0
digest,2026-07-26,kpit,it,0,12,0.0,0.0
digest,2026-07-26,ltimindtree,it,0,12,0.0,0.0
digest,2026-07-26,ltts,it,0,12,0.0,0.0
digest,2026-07-26,mphasis,it,0,12,0.0,0.0
digest,2026-07-26,nalco,aluminium,0,12,0.0,0.0
digest,2026-07-26,nuvoco,cement,0,12,0.0,0.0
digest,2026-07-26,ofss,it,0,12,0.0,0.0
digest,2026-07-26,persistent,it,0,12,0.0,0.0
digest,2026-07-26,pg_electroplast,ems,0,12,0.0,0.0
digest,2026-07-26,ramco,cement,0,12,0.0,0.0
digest,2026-07-26,shree,cement,0,12,0.0,0.0
digest,2026-07-26,shyam_metalics,steel,0,12,0.0,0.0
digest,2026-07-26,star_cement,cement,0,12,0.0,0.0
digest,2026-07-26,syrma_sgs,ems,0,12,0.0,0.0
digest,2026-07-26,tata_elxsi,it,0,12,0.0,0.0
digest,2026-07-26,tcs,it,0,12,0.0,0.0
digest,2026-07-26,tech_mahindra,it,0,12,0.0,0.0
digest,2026-07-26,ultratech,cement,0,12,0.0,0.0
digest,2026-07-26,vaml,aluminium,0,12,0.0,0.0
digest,2026-07-26,wipro,it,0,12,0.0,0.0
digest,2026-07-27,jindal_steel,steel,9,40,0.225,0.75
digest,2026-07-27,sail,steel,1,40,0.025,0.08333333333333333
digest,2026-07-27,jsw_steel,steel,1,40,0.025,0.08333333333333333
digest,2026-07-27,tata_steel,steel,1,40,0.025,0.08333333333333333
digest,2026-07-27,nmdc,mining,1,40,0.025,0.5
digest,2026-07-27,hindustan_zinc,aluminium,4,40,0.1,1.0
digest,2026-07-27,dalmia,cement,10,40,0.25,0.5882352941176471
digest,2026-07-27,jk_cement,cement,2,40,0.05,0.11764705882352941
digest,2026-07-27,ultratech,cement,1,40,0.025,0.058823529411764705
digest,2026-07-27,nuvoco,cement,1,40,0.025,0.058823529411764705
digest,2026-07-27,acc,cement,3,40,0.075,0.17647058823529413
digest,2026-07-27,mphasis,it,5,40,0.125,1.0
digest,2026-07-27,coal_india,mining,1,40,0.025,0.5
digest,2026-07-27,amber,ems,0,40,0.0,0.0
digest,2026-07-27,ambuja,cement,0,40,0.0,0.0
digest,2026-07-27,apl_apollo,steel,0,40,0.0,0.0
digest,2026-07-27,avalon,ems,0,40,0.0,0.0
digest,2026-07-27,coforge,it,0,40,0.0,0.0
digest,2026-07-27,dixon,ems,0,40,0.0,0.0
digest,2026-07-27,hcl_tech,it,0,40,0.0,0.0
digest,2026-07-27,hindalco,aluminium,0,40,0.0,0.0
digest,2026-07-27,hindustan_copper,mining,0,40,0.0,0.0
digest,2026-07-27,infosys,it,0,40,0.0,0.0
digest,2026-07-27,jindal_stainless,steel,0,40,0.0,0.0
digest,2026-07-27,jsw_cement,cement,0,40,0.0,0.0
digest,2026-07-27,kaynes,ems,0,40,0.0,0.0
digest,2026-07-27,kpit,it,0,40,0.0,0.0
digest,2026-07-27,lloyds_metals,mining,0,40,0.0,0.0
digest,2026-07-27,ltimindtree,it,0,40,0.0,0.0
digest,2026-07-27,ltts,it,0,40,0.0,0.0
digest,2026-07-27,nalco,aluminium,0,40,0.0,0.0
digest,2026-07-27,ofss,it,0,40,0.0,0.0
digest,2026-07-27,persistent,it,0,40,0.0,0.0
digest,2026-07-27,pg_electroplast,ems,0,40,0.0,0.0
digest,2026-07-27,ramco,cement,0,40,0.0,0.0
digest,2026-07-27,shree,cement,0,40,0.0,0.0
digest,2026-07-27,shyam_metalics,steel,0,40,0.0,0.0
digest,2026-07-27,star_cement,cement,0,40,0.0,0.0
digest,2026-07-27,syrma_sgs,ems,0,40,0.0,0.0
digest,2026-07-27,tata_elxsi,it,0,40,0.0,0.0
digest,2026-07-27,tcs,it,0,40,0.0,0.0
digest,2026-07-27,tech_mahindra,it,0,40,0.0,0.0
digest,2026-07-27,vaml,aluminium,0,40,0.0,0.0
digest,2026-07-27,vedanta,aluminium,0,40,0.0,0.0
digest,2026-07-27,wipro,it,0,40,0.0,0.0
digest,2026-07-28,jindal_steel,steel,1,13,0.07692307692307693,0.5
digest,2026-07-28,apl_apollo,steel,1,13,0.07692307692307693,0.5
digest,2026-07-28,coal_india,mining,1,13,0.07692307692307693,1.0
digest,2026-07-28,vaml,aluminium,1,13,0.07692307692307693,0.5
digest,2026-07-28,hindustan_zinc,aluminium,1,13,0.07692307692307693,0.5
digest,2026-07-28,dalmia,cement,1,13,0.07692307692307693,0.16666666666666666
digest,2026-07-28,ultratech,cement,1,13,0.07692307692307693,0.16666666666666666
digest,2026-07-28,nuvoco,cement,1,13,0.07692307692307693,0.16666666666666666
digest,2026-07-28,jk_cement,cement,1,13,0.07692307692307693,0.16666666666666666
digest,2026-07-28,ambuja,cement,1,13,0.07692307692307693,0.16666666666666666
digest,2026-07-28,jsw_cement,cement,1,13,0.07692307692307693,0.16666666666666666
digest,2026-07-28,coforge,it,1,13,0.07692307692307693,0.5
digest,2026-07-28,mphasis,it,1,13,0.07692307692307693,0.5
digest,2026-07-28,acc,cement,0,13,0.0,0.0
digest,2026-07-28,amber,ems,0,13,0.0,0.0
digest,2026-07-28,avalon,ems,0,13,0.0,0.0
digest,2026-07-28,dixon,ems,0,13,0.0,0.0
digest,2026-07-28,hcl_tech,it,0,13,0.0,0.0
digest,2026-07-28,hindalco,aluminium,0,13,0.0,0.0
digest,2026-07-28,hindustan_copper,mining,0,13,0.0,0.0
digest,2026-07-28,infosys,it,0,13,0.0,0.0
digest,2026-07-28,jindal_stainless,steel,0,13,0.0,0.0
digest,2026-07-28,jsw_steel,steel,0,13,0.0,0.0
digest,2026-07-28,kaynes,ems,0,13,0.0,0.0
digest,2026-07-28,kpit,it,0,13,0.0,0.0
digest,2026-07-28,lloyds_metals,mining,0,13,0.0,0.0
digest,2026-07-28,ltimindtree,it,0,13,0.0,0.0
digest,2026-07-28,ltts,it,0,13,0.0,0.0
digest,2026-07-28,nalco,aluminium,0,13,0.0,0.0
digest,2026-07-28,nmdc,mining,0,13,0.0,0.0
digest,2026-07-28,ofss,it,0,13,0.0,0.0
digest,2026-07-28,persistent,it,0,13,0.0,0.0
digest,2026-07-28,pg_electroplast,ems,0,13,0.0,0.0
digest,2026-07-28,ramco,cement,0,13,0.0,0.0
digest,2026-07-28,sail,steel,0,13,0.0,0.0
digest,2026-07-28,shree,cement,0,13,0.0,0.0
digest,2026-07-28,shyam_metalics,steel,0,13,0.0,0.0
digest,2026-07-28,star_cement,cement,0,13,0.0,0.0
digest,2026-07-28,syrma_sgs,ems,0,13,0.0,0.0
digest,2026-07-28,tata_elxsi,it,0,13,0.0,0.0
digest,2026-07-28,tata_steel,steel,0,13,0.0,0.0
digest,2026-07-28,tcs,it,0,13,0.0,0.0
digest,2026-07-28,tech_mahindra,it,0,13,0.0,0.0
digest,2026-07-28,vedanta,aluminium,0,13,0.0,0.0
digest,2026-07-28,wipro,it,0,13,0.0,0.0
digest,2026-07-29,sail,steel,5,28,0.17857142857142858,0.625
digest,2026-07-29,tata_steel,steel,1,28,0.03571428571428571,0.125
digest,2026-07-29,jsw_steel,steel,1,28,0.03571428571428571,0.125
digest,2026-07-29,jindal_steel,steel,1,28,0.03571428571428571,0.125
digest,2026-07-29,coal_india,mining,2,28,0.07142857142857142,0.6666666666666666
digest,2026-07-29,nmdc,mining,1,28,0.03571428571428571,0.3333333333333333
digest,2026-07-29,vaml,aluminium,1,28,0.03571428571428571,0.3333333333333333
digest,2026-07-29,hindustan_zinc,aluminium,1,28,0.03571428571428571,0.3333333333333333
digest,2026-07-29,vedanta,aluminium,1,28,0.03571428571428571,0.3333333333333333
digest,2026-07-29,dalmia,cement,1,28,0.03571428571428571,0.16666666666666666
digest,2026-07-29,ambuja,cement,5,28,0.17857142857142858,0.8333333333333334
digest,2026-07-29,kaynes,ems,1,28,0.03571428571428571,0.5
digest,2026-07-29,syrma_sgs,ems,1,28,0.03571428571428571,0.5
digest,2026-07-29,coforge,it,6,28,0.21428571428571427,1.0
digest,2026-07-29,acc,cement,0,28,0.0,0.0
digest,2026-07-29,amber,ems,0,28,0.0,0.0
digest,2026-07-29,apl_apollo,steel,0,28,0.0,0.0
digest,2026-07-29,avalon,ems,0,28,0.0,0.0
digest,2026-07-29,dixon,ems,0,28,0.0,0.0
digest,2026-07-29,hcl_tech,it,0,28,0.0,0.0
digest,2026-07-29,hindalco,aluminium,0,28,0.0,0.0
digest,2026-07-29,hindustan_copper,mining,0,28,0.0,0.0
digest,2026-07-29,infosys,it,0,28,0.0,0.0
digest,2026-07-29,jindal_stainless,steel,0,28,0.0,0.0
digest,2026-07-29,jk_cement,cement,0,28,0.0,0.0
digest,2026-07-29,jsw_cement,cement,0,28,0.0,0.0
digest,2026-07-29,kpit,it,0,28,0.0,0.0
digest,2026-07-29,lloyds_metals,mining,0,28,0.0,0.0
digest,2026-07-29,ltimindtree,it,0,28,0.0,0.0
digest,2026-07-29,ltts,it,0,28,0.0,0.0
digest,2026-07-29,mphasis,it,0,28,0.0,0.0
digest,2026-07-29,nalco,aluminium,0,28,0.0,0.0
digest,2026-07-29,nuvoco,cement,0,28,0.0,0.0
digest,2026-07-29,ofss,it,0,28,0.0,0.0
digest,2026-07-29,persistent,it,0,28,0.0,0.0
digest,2026-07-29,pg_electroplast,ems,0,28,0.0,0.0
digest,2026-07-29,ramco,cement,0,28,0.0,0.0
digest,2026-07-29,shree,cement,0,28,0.0,0.0
digest,2026-07-29,shyam_metalics,steel,0,28,0.0,0.0
digest,2026-07-29,star_cement,cement,0,28,0.0,0.0
digest,2026-07-29,tata_elxsi,it,0,28,0.0,0.0
digest,2026-07-29,tcs,it,0,28,0.0,0.0
digest,2026-07-29,tech_mahindra,it,0,28,0.0,0.0
digest,2026-07-29,ultratech,cement,0,28,0.0,0.0
digest,2026-07-29,wipro,it,0,28,0.0,0.0
digest,2026-07-30,sail,steel,4,29,0.13793103448275862,0.5
digest,2026-07-30,jindal_steel,steel,2,29,0.06896551724137931,0.25
digest,2026-07-30,jsw_steel,steel,1,29,0.034482758620689655,0.125
digest,2026-07-30,tata_steel,steel,1,29,0.034482758620689655,0.125
digest,2026-07-30,coal_india,mining,1,29,0.034482758620689655,0.5
digest,2026-07-30,nmdc,mining,1,29,0.034482758620689655,0.5
digest,2026-07-30,hindustan_zinc,aluminium,1,29,0.034482758620689655,1.0
digest,2026-07-30,ambuja,cement,2,29,0.06896551724137931,0.6666666666666666
digest,2026-07-30,dalmia,cement,1,29,0.034482758620689655,0.3333333333333333
digest,2026-07-30,syrma_sgs,ems,1,29,0.034482758620689655,1.0
digest,2026-07-30,kpit,it,6,29,0.20689655172413793,0.42857142857142855
digest,2026-07-30,coforge,it,3,29,0.10344827586206896,0.21428571428571427
digest,2026-07-30,ltimindtree,it,1,29,0.034482758620689655,0.07142857142857142
digest,2026-07-30,tcs,it,2,29,0.06896551724137931,0.14285714285714285
digest,2026-07-30,infosys,it,1,29,0.034482758620689655,0.07142857142857142
digest,2026-07-30,hcl_tech,it,1,29,0.034482758620689655,0.07142857142857142
digest,2026-07-30,acc,cement,0,29,0.0,0.0
digest,2026-07-30,amber,ems,0,29,0.0,0.0
digest,2026-07-30,apl_apollo,steel,0,29,0.0,0.0
digest,2026-07-30,avalon,ems,0,29,0.0,0.0
digest,2026-07-30,dixon,ems,0,29,0.0,0.0
digest,2026-07-30,hindalco,aluminium,0,29,0.0,0.0
digest,2026-07-30,hindustan_copper,mining,0,29,0.0,0.0
digest,2026-07-30,jindal_stainless,steel,0,29,0.0,0.0
digest,2026-07-30,jk_cement,cement,0,29,0.0,0.0
digest,2026-07-30,jsw_cement,cement,0,29,0.0,0.0
digest,2026-07-30,kaynes,ems,0,29,0.0,0.0
digest,2026-07-30,lloyds_metals,mining,0,29,0.0,0.0
digest,2026-07-30,ltts,it,0,29,0.0,0.0
digest,2026-07-30,mphasis,it,0,29,0.0,0.0
digest,2026-07-30,nalco,aluminium,0,29,0.0,0.0
digest,2026-07-30,nuvoco,cement,0,29,0.0,0.0
digest,2026-07-30,ofss,it,0,29,0.0,0.0
digest,2026-07-30,persistent,it,0,29,0.0,0.0
digest,2026-07-30,pg_electroplast,ems,0,29,0.0,0.0
digest,2026-07-30,ramco,cement,0,29,0.0,0.0
digest,2026-07-30,shree,cement,0,29,0.0,0.0
digest,2026-07-30,shyam_metalics,steel,0,29,0.0,0.0
digest,2026-07-30,star_cement,cement,0,29,0.0,0.0
digest,2026-07-30,tata_elxsi,it,0,29,0.0,0.0
digest,2026-07-30,tech_mahindra,it,0,29,0.0,0.0
digest,2026-07-30,ultratech,cement,0,29,0.0,0.0
digest,2026-07-30,vaml,aluminium,0,29,0.0,0.0
digest,2026-07-30,vedanta,aluminium,0,29,0.0,0.0
digest,2026-07-30,wipro,it,0,29,0.0,0.0
digest,2026-07-31,tata_steel,steel,3,16,0.1875,0.75
digest,2026-07-31,sail,steel,1,16,0.0625,0.25
digest,2026-07-31,nalco,aluminium,1,16,0.0625,0.25
digest,2026-07-31,vaml,aluminium,1,16,0.0625,0.25
digest,2026-07-31,vedanta,aluminium,1,16,0.0625,0.25
digest,2026-07-31,hindustan_zinc,aluminium,1,16,0.0625,0.25
digest,2026-07-31,syrma_sgs,ems,1,16,0.0625,0.5
digest,2026-07-31,dixon,ems,1,16,0.0625,0.5
digest,2026-07-31,kpit,it,1,16,0.0625,0.16666666666666666
digest,2026-07-31,tcs,it,1,16,0.0625,0.16666666666666666
digest,2026-07-31,infosys,it,1,16,0.0625,0.16666666666666666
digest,2026-07-31,mphasis,it,1,16,0.0625,0.16666666666666666
digest,2026-07-31,ofss,it,1,16,0.0625,0.16666666666666666
digest,2026-07-31,ltimindtree,it,1,16,0.0625,0.16666666666666666
digest,2026-07-31,acc,cement,0,16,0.0,0.0
digest,2026-07-31,amber,ems,0,16,0.0,0.0
digest,2026-07-31,ambuja,cement,0,16,0.0,0.0
digest,2026-07-31,apl_apollo,steel,0,16,0.0,0.0
digest,2026-07-31,avalon,ems,0,16,0.0,0.0
digest,2026-07-31,coal_india,mining,0,16,0.0,0.0
digest,2026-07-31,coforge,it,0,16,0.0,0.0
digest,2026-07-31,dalmia,cement,0,16,0.0,0.0
digest,2026-07-31,hcl_tech,it,0,16,0.0,0.0
digest,2026-07-31,hindalco,aluminium,0,16,0.0,0.0
digest,2026-07-31,hindustan_copper,mining,0,16,0.0,0.0
digest,2026-07-31,jindal_stainless,steel,0,16,0.0,0.0
digest,2026-07-31,jindal_steel,steel,0,16,0.0,0.0
digest,2026-07-31,jk_cement,cement,0,16,0.0,0.0
digest,2026-07-31,jsw_cement,cement,0,16,0.0,0.0
digest,2026-07-31,jsw_steel,steel,0,16,0.0,0.0
digest,2026-07-31,kaynes,ems,0,16,0.0,0.0
digest,2026-07-31,lloyds_metals,mining,0,16,0.0,0.0
digest,2026-07-31,ltts,it,0,16,0.0,0.0
digest,2026-07-31,nmdc,mining,0,16,0.0,0.0
digest,2026-07-31,nuvoco,cement,0,16,0.0,0.0
digest,2026-07-31,persistent,it,0,16,0.0,0.0
digest,2026-07-31,pg_electroplast,ems,0,16,0.0,0.0
digest,2026-07-31,ramco,cement,0,16,0.0,0.0
digest,2026-07-31,shree,cement,0,16,0.0,0.0
digest,2026-07-31,shyam_metalics,steel,0,16,0.0,0.0
digest,2026-07-31,star_cement,cement,0,16,0.0,0.0
digest,2026-07-31,tata_elxsi,it,0,16,0.0,0.0
digest,2026-07-31,tech_mahindra,it,0,16,0.0,0.0
digest,2026-07-31,ultratech,cement,0,16,0.0,0.0
digest,2026-07-31,wipro,it,0,16,0.0,0.0
digest,2026-08-01,tata_steel,steel,4,19,0.21052631578947367,1.0
digest,2026-08-01,nalco,aluminium,1,19,0.05263157894736842,0.25
digest,2026-08-01,vaml,aluminium,1,19,0.05263157894736842,0.25
digest,2026-08-01,vedanta,aluminium,1,19,0.05263157894736842,0.25
digest,2026-08-01,hindustan_zinc,aluminium,1,19,0.05263157894736842,0.25
digest,2026-08-01,shree,cement,3,19,0.15789473684210525,0.5
digest,2026-08-01,ultratech,cement,1,19,0.05263157894736842,0.16666666666666666
digest,2026-08-01,dalmia,cement,1,19,0.05263157894736842,0.16666666666666666
digest,2026-08-01,ambuja,cement,1,19,0.05263157894736842,0.16666666666666666
digest,2026-08-01,dixon,ems,2,19,0.10526315789473684,0.6666666666666666
digest,2026-08-01,syrma_sgs,ems,1,19,0.05263157894736842,0.3333333333333333
digest,2026-08-01,coforge,it,1,19,0.05263157894736842,0.5
digest,2026-08-01,ltts,it,1,19,0.05263157894736842,0.5
digest,2026-08-01,acc,cement,0,19,0.0,0.0
digest,2026-08-01,amber,ems,0,19,0.0,0.0
digest,2026-08-01,apl_apollo,steel,0,19,0.0,0.0
digest,2026-08-01,avalon,ems,0,19,0.0,0.0
digest,2026-08-01,coal_india,mining,0,19,0.0,0.0
digest,2026-08-01,hcl_tech,it,0,19,0.0,0.0
digest,2026-08-01,hindalco,aluminium,0,19,0.0,0.0
digest,2026-08-01,hindustan_copper,mining,0,19,0.0,0.0
digest,2026-08-01,infosys,it,0,19,0.0,0.0
digest,2026-08-01,jindal_stainless,steel,0,19,0.0,0.0
digest,2026-08-01,jindal_steel,steel,0,19,0.0,0.0
digest,2026-08-01,jk_cement,cement,0,19,0.0,0.0
digest,2026-08-01,jsw_cement,cement,0,19,0.0,0.0
digest,2026-08-01,jsw_steel,steel,0,19,0.0,0.0
digest,2026-08-01,kaynes,ems,0,19,0.0,0.0
digest,2026-08-01,kpit,it,0,19,0.0,0.0
digest,2026-08-01,lloyds_metals,mining,0,19,0.0,0.0
digest,2026-08-01,ltimindtree,it,0,19,0.0,0.0
digest,2026-08-01,mphasis,it,0,19,0.0,0.0
digest,2026-08-01,nmdc,mining,0,19,0.0,0.0
digest,2026-08-01,nuvoco,cement,0,19,0.0,0.0
digest,2026-08-01,ofss,it,0,19,0.0,0.0
digest,2026-08-01,persistent,it,0,19,0.0,0.0
digest,2026-08-01,pg_electroplast,ems,0,19,0.0,0.0
digest,2026-08-01,ramco,cement,0,19,0.0,0.0
digest,2026-08-01,sail,steel,0,19,0.0,0.0
digest,2026-08-01,shyam_metalics,steel,0,19,0.0,0.0
digest,2026-08-01,star_cement,cement,0,19,0.0,0.0
digest,2026-08-01,tata_elxsi,it,0,19,0.0,0.0
digest,2026-08-01,tcs,it,0,19,0.0,0.0
digest,2026-08-01,tech_mahindra,it,0,19,0.0,0.0
digest,2026-08-01,wipro,it,0,19,0.0,0.0
digest,2026-08-02,apl_apollo,steel,1,4,0.25,1.0
digest,2026-08-02,nalco,aluminium,1,4,0.25,1.0
digest,2026-08-02,shree,cement,1,4,0.25,1.0
digest,2026-08-02,dixon,ems,1,4,0.25,1.0
digest,2026-08-02,acc,cement,0,4,0.0,0.0
digest,2026-08-02,amber,ems,0,4,0.0,0.0
digest,2026-08-02,ambuja,cement,0,4,0.0,0.0
digest,2026-08-02,avalon,ems,0,4,0.0,0.0
digest,2026-08-02,coal_india,mining,0,4,0.0,0.0
digest,2026-08-02,coforge,it,0,4,0.0,0.0
digest,2026-08-02,dalmia,cement,0,4,0.0,0.0
digest,2026-08-02,hcl_tech,it,0,4,0.0,0.0
digest,2026-08-02,hindalco,aluminium,0,4,0.0,0.0
digest,2026-08-02,hindustan_copper,mining,0,4,0.0,0.0
digest,2026-08-02,hindustan_zinc,aluminium,0,4,0.0,0.0
digest,2026-08-02,infosys,it,0,4,0.0,0.0
digest,2026-08-02,jindal_stainless,steel,0,4,0.0,0.0
digest,2026-08-02,jindal_steel,steel,0,4,0.0,0.0
digest,2026-08-02,jk_cement,cement,0,4,0.0,0.0
digest,2026-08-02,jsw_cement,cement,0,4,0.0,0.0
digest,2026-08-02,jsw_steel,steel,0,4,0.0,0.0
digest,2026-08-02,kaynes,ems,0,4,0.0,0.0
digest,2026-08-02,kpit,it,0,4,0.0,0.0
digest,2026-08-02,lloyds_metals,mining,0,4,0.0,0.0
digest,2026-08-02,ltimindtree,it,0,4,0.0,0.0
digest,2026-08-02,ltts,it,0,4,0.0,0.0
digest,2026-08-02,mphasis,it,0,4,0.0,0.0
digest,2026-08-02,nmdc,mining,0,4,0.0,0.0
digest,2026-08-02,nuvoco,cement,0,4,0.0,0.0
digest,2026-08-02,ofss,it,0,4,0.0,0.0
digest,2026-08-02,persistent,it,0,4,0.0,0.0
digest,2026-08-02,pg_electroplast,ems,0,4,0.0,0.0
digest,2026-08-02,ramco,cement,0,4,0.0,0.0
digest,2026-08-02,sail,steel,0,4,0.0,0.0
digest,2026-08-02,shyam_metalics,steel,0,4,0.0,0.0
digest,2026-08-02,star_cement,cement,0,4,0.0,0.0
digest,2026-08-02,syrma_sgs,ems,0,4,0.0,0.0
digest,2026-08-02,tata_elxsi,it,0,4,0.0,0.0
digest,2026-08-02,tata_steel,steel,0,4,0.0,0.0
digest,2026-08-02,tcs,it,0,4,0.0,0.0
digest,2026-08-02,tech_mahindra,it,0,4,0.0,0.0
digest,2026-08-02,ultratech,cement,0,4,0.0,0.0
digest,2026-08-02,vaml,aluminium,0,4,0.0,0.0
digest,2026-08-02,vedanta,aluminium,0,4,0.0,0.0
digest,2026-08-02,wipro,it,0,4,0.0,0.0
digest,2026-08-03,tata_steel,steel,7,18,0.3888888888888889,0.7
digest,2026-08-03,jsw_steel,steel,1,18,0.05555555555555555,0.1
digest,2026-08-03,jindal_steel,steel,1,18,0.05555555555555555,0.1
digest,2026-08-03,shyam_metalics,steel,1,18,0.05555555555555555,0.1
digest,2026-08-03,coal_india,mining,2,18,0.1111111111111111,0.6666666666666666
digest,2026-08-03,nmdc,mining,1,18,0.05555555555555555,0.3333333333333333
digest,2026-08-03,shree,cement,2,18,0.1111111111111111,1.0
digest,2026-08-03,dixon,ems,2,18,0.1111111111111111,1.0
digest,2026-08-03,persistent,it,1,18,0.05555555555555555,1.0
digest,2026-08-03,acc,cement,0,18,0.0,0.0
digest,2026-08-03,amber,ems,0,18,0.0,0.0
digest,2026-08-03,ambuja,cement,0,18,0.0,0.0
digest,2026-08-03,apl_apollo,steel,0,18,0.0,0.0
digest,2026-08-03,avalon,ems,0,18,0.0,0.0
digest,2026-08-03,coforge,it,0,18,0.0,0.0
digest,2026-08-03,dalmia,cement,0,18,0.0,0.0
digest,2026-08-03,hcl_tech,it,0,18,0.0,0.0
digest,2026-08-03,hindalco,aluminium,0,18,0.0,0.0
digest,2026-08-03,hindustan_copper,mining,0,18,0.0,0.0
digest,2026-08-03,hindustan_zinc,aluminium,0,18,0.0,0.0
digest,2026-08-03,infosys,it,0,18,0.0,0.0
digest,2026-08-03,jindal_stainless,steel,0,18,0.0,0.0
digest,2026-08-03,jk_cement,cement,0,18,0.0,0.0
digest,2026-08-03,jsw_cement,cement,0,18,0.0,0.0
digest,2026-08-03,kaynes,ems,0,18,0.0,0.0
digest,2026-08-03,kpit,it,0,18,0.0,0.0
digest,2026-08-03,lloyds_metals,mining,0,18,0.0,0.0
digest,2026-08-03,ltimindtree,it,0,18,0.0,0.0
digest,2026-08-03,ltts,it,0,18,0.0,0.0
digest,2026-08-03,mphasis,it,0,18,0.0,0.0
digest,2026-08-03,nalco,aluminium,0,18,0.0,0.0
digest,2026-08-03,nuvoco,cement,0,18,0.0,0.0
digest,2026-08-03,ofss,it,0,18,0.0,0.0
digest,2026-08-03,pg_electroplast,ems,0,18,0.0,0.0
digest,2026-08-03,ramco,cement,0,18,0.0,0.0
digest,2026-08-03,sail,steel,0,18,0.0,0.0
digest,2026-08-03,star_cement,cement,0,18,0.0,0.0
digest,2026-08-03,syrma_sgs,ems,0,18,0.0,0.0
digest,2026-08-03,tata_elxsi,it,0,18,0.0,0.0
digest,2026-08-03,tcs,it,0,18,0.0,0.0
digest,2026-08-03,tech_mahindra,it,0,18,0.0,0.0
digest,2026-08-03,ultratech,cement,0,18,0.0,0.0
digest,2026-08-03,vaml,aluminium,0,18,0.0,0.0
digest,2026-08-03,vedanta,aluminium,0,18,0.0,0.0
digest,2026-08-03,wipro,it,0,18,0.0,0.0
digest,2026-08-04,tata_steel,steel,3,23,0.13043478260869565,0.375
digest,2026-08-04,jsw_steel,steel,1,23,0.043478260869565216,0.125
digest,2026-08-04,jindal_steel,steel,1,23,0.043478260869565216,0.125
digest,2026-08-04,apl_apollo,steel,2,23,0.08695652173913043,0.25
digest,2026-08-04,jindal_stainless,steel,1,23,0.043478260869565216,0.125
digest,2026-08-04,nmdc,mining,1,23,0.043478260869565216,1.0
digest,2026-08-04,nalco,aluminium,2,23,0.08695652173913043,1.0
digest,2026-08-04,shree,cement,2,23,0.08695652173913043,1.0
digest,2026-08-04,dixon,ems,1,23,0.043478260869565216,1.0
digest,2026-08-04,persistent,it,1,23,0.043478260869565216,0.1111111111111111
digest,2026-08-04,wipro,it,2,23,0.08695652173913043,0.2222222222222222
digest,2026-08-04,hcl_tech,it,2,23,0.08695652173913043,0.2222222222222222
digest,2026-08-04,infosys,it,2,23,0.08695652173913043,0.2222222222222222
digest,2026-08-04,tcs,it,1,23,0.043478260869565216,0.1111111111111111
digest,2026-08-04,tech_mahindra,it,1,23,0.043478260869565216,0.1111111111111111
digest,2026-08-04,acc,cement,0,23,0.0,0.0
digest,2026-08-04,amber,ems,0,23,0.0,0.0
digest,2026-08-04,ambuja,cement,0,23,0.0,0.0
digest,2026-08-04,avalon,ems,0,23,0.0,0.0
digest,2026-08-04,coal_india,mining,0,23,0.0,0.0
digest,2026-08-04,coforge,it,0,23,0.0,0.0
digest,2026-08-04,dalmia,cement,0,23,0.0,0.0
digest,2026-08-04,hindalco,aluminium,0,23,0.0,0.0
digest,2026-08-04,hindustan_copper,mining,0,23,0.0,0.0
digest,2026-08-04,hindustan_zinc,aluminium,0,23,0.0,0.0
digest,2026-08-04,jk_cement,cement,0,23,0.0,0.0
digest,2026-08-04,jsw_cement,cement,0,23,0.0,0.0
digest,2026-08-04,kaynes,ems,0,23,0.0,0.0
digest,2026-08-04,kpit,it,0,23,0.0,0.0
digest,2026-08-04,lloyds_metals,mining,0,23,0.0,0.0
digest,2026-08-04,ltimindtree,it,0,23,0.0,0.0
digest,2026-08-04,ltts,it,0,23,0.0,0.0
digest,2026-08-04,mphasis,it,0,23,0.0,0.0
digest,2026-08-04,nuvoco,cement,0,23,0.0,0.0
digest,2026-08-04,ofss,it,0,23,0.0,0.0
digest,2026-08-04,pg_electroplast,ems,0,23,0.0,0.0
digest,2026-08-04,ramco,cement,0,23,0.0,0.0
digest,2026-08-04,sail,steel,0,23,0.0,0.0
digest,2026-08-04,shyam_metalics,steel,0,23,0.0,0.0
digest,2026-08-04,star_cement,cement,0,23,0.0,0.0
digest,2026-08-04,syrma_sgs,ems,0,23,0.0,0.0
digest,2026-08-04,tata_elxsi,it,0,23,0.0,0.0
digest,2026-08-04,ultratech,cement,0,23,0.0,0.0
digest,2026-08-04,vaml,aluminium,0,23,0.0,0.0
digest,2026-08-04,vedanta,aluminium,0,23,0.0,0.0
digest,2026-08-05,jindal_stainless,steel,1,23,0.043478260869565216,0.5
digest,2026-08-05,apl_apollo,steel,1,23,0.043478260869565216,0.5
digest,2026-08-05,nalco,aluminium,1,23,0.043478260869565216,0.5
digest,2026-08-05,hindustan_zinc,aluminium,1,23,0.043478260869565216,0.5
digest,2026-08-05,ultratech,cement,3,23,0.13043478260869565,0.375
digest,2026-08-05,dalmia,cement,2,23,0.08695652173913043,0.25
digest,2026-08-05,shree,cement,1,23,0.043478260869565216,0.125
digest,2026-08-05,jk_cement,cement,1,23,0.043478260869565216,0.125
digest,2026-08-05,ambuja,cement,1,23,0.043478260869565216,0.125
digest,2026-08-05,avalon,ems,3,23,0.13043478260869565,1.0
digest,2026-08-05,persistent,it,3,23,0.13043478260869565,0.375
digest,2026-08-05,ltts,it,1,23,0.043478260869565216,0.125
digest,2026-08-05,tata_elxsi,it,1,23,0.043478260869565216,0.125
digest,2026-08-05,kpit,it,1,23,0.043478260869565216,0.125
digest,2026-08-05,coforge,it,1,23,0.043478260869565216,0.125
digest,2026-08-05,mphasis,it,1,23,0.043478260869565216,0.125
digest,2026-08-05,acc,cement,0,23,0.0,0.0
digest,2026-08-05,amber,ems,0,23,0.0,0.0
digest,2026-08-05,coal_india,mining,0,23,0.0,0.0
digest,2026-08-05,dixon,ems,0,23,0.0,0.0
digest,2026-08-05,hcl_tech,it,0,23,0.0,0.0
digest,2026-08-05,hindalco,aluminium,0,23,0.0,0.0
digest,2026-08-05,hindustan_copper,mining,0,23,0.0,0.0
digest,2026-08-05,infosys,it,0,23,0.0,0.0
digest,2026-08-05,jindal_steel,steel,0,23,0.0,0.0
digest,2026-08-05,jsw_cement,cement,0,23,0.0,0.0
digest,2026-08-05,jsw_steel,steel,0,23,0.0,0.0
digest,2026-08-05,kaynes,ems,0,23,0.0,0.0
digest,2026-08-05,lloyds_metals,mining,0,23,0.0,0.0
digest,2026-08-05,ltimindtree,it,0,23,0.0,0.0
digest,2026-08-05,nmdc,mining,0,23,0.0,0.0
digest,2026-08-05,nuvoco,cement,0,23,0.0,0.0
digest,2026-08-05,ofss,it,0,23,0.0,0.0
digest,2026-08-05,pg_electroplast,ems,0,23,0.0,0.0
digest,2026-08-05,ramco,cement,0,23,0.0,0.0
digest,2026-08-05,sail,steel,0,23,0.0,0.0
digest,2026-08-05,shyam_metalics,steel,0,23,0.0,0.0
digest,2026-08-05,star_cement,cement,0,23,0.0,0.0
digest,2026-08-05,syrma_sgs,ems,0,23,0.0,0.0
digest,2026-08-05,tata_steel,steel,0,23,0.0,0.0
digest,2026-08-05,tcs,it,0,23,0.0,0.0
digest,2026-08-05,tech_mahindra,it,0,23,0.0,0.0
digest,2026-08-05,vaml,aluminium,0,23,0.0,0.0
digest,2026-08-05,vedanta,aluminium,0,23,0.0,0.0
digest,2026-08-05,wipro,it,0,23,0.0,0.0
digest,2026-08-06,jindal_stainless,steel,3,41,0.07317073170731707,0.375
digest,2026-08-06,tata_steel,steel,2,41,0.04878048780487805,0.25
digest,2026-08-06,jsw_steel,steel,1,41,0.024390243902439025,0.125
digest,2026-08-06,sail,steel,1,41,0.024390243902439025,0.125
digest,2026-08-06,jindal_steel,steel,1,41,0.024390243902439025,0.125
digest,2026-08-06,nmdc,mining,1,41,0.024390243902439025,1.0
digest,2026-08-06,hindalco,aluminium,4,41,0.0975609756097561,0.5
digest,2026-08-06,nalco,aluminium,1,41,0.024390243902439025,0.125
digest,2026-08-06,vedanta,aluminium,1,41,0.024390243902439025,0.125
digest,2026-08-06,vaml,aluminium,1,41,0.024390243902439025,0.125
digest,2026-08-06,hindustan_zinc,aluminium,1,41,0.024390243902439025,0.125
digest,2026-08-06,ultratech,cement,1,41,0.024390243902439025,0.125
digest,2026-08-06,dalmia,cement,1,41,0.024390243902439025,0.125
digest,2026-08-06,shree,cement,1,41,0.024390243902439025,0.125
digest,2026-08-06,ambuja,cement,1,41,0.024390243902439025,0.125
digest,2026-08-06,jk_cement,cement,1,41,0.024390243902439025,0.125
digest,2026-08-06,nuvoco,cement,1,41,0.024390243902439025,0.125
digest,2026-08-06,ramco,cement,1,41,0.024390243902439025,0.125
digest,2026-08-06,star_cement,cement,1,41,0.024390243902439025,0.125
digest,2026-08-06,avalon,ems,2,41,0.04878048780487805,1.0
digest,2026-08-06,tcs,it,1,41,0.024390243902439025,0.07142857142857142
digest,2026-08-06,infosys,it,2,41,0.04878048780487805,0.14285714285714285
digest,2026-08-06,hcl_tech,it,2,41,0.04878048780487805,0.14285714285714285
digest,2026-08-06,wipro,it,1,41,0.024390243902439025,0.07142857142857142
digest,2026-08-06,tech_mahindra,it,2,41,0.04878048780487805,0.14285714285714285
digest,2026-08-06,coforge,it,2,41,0.04878048780487805,0.14285714285714285
digest,2026-08-06,persistent,it,2,41,0.04878048780487805,0.14285714285714285
digest,2026-08-06,mphasis,it,1,41,0.024390243902439025,0.07142857142857142
digest,2026-08-06,ltimindtree,it,1,41,0.024390243902439025,0.07142857142857142
digest,2026-08-06,acc,cement,0,41,0.0,0.0
digest,2026-08-06,amber,ems,0,41,0.0,0.0
digest,2026-08-06,apl_apollo,steel,0,41,0.0,0.0
digest,2026-08-06,coal_india,mining,0,41,0.0,0.0
digest,2026-08-06,dixon,ems,0,41,0.0,0.0
digest,2026-08-06,hindustan_copper,mining,0,41,0.0,0.0
digest,2026-08-06,jsw_cement,cement,0,41,0.0,0.0
digest,2026-08-06,kaynes,ems,0,41,0.0,0.0
digest,2026-08-06,kpit,it,0,41,0.0,0.0
digest,2026-08-06,lloyds_metals,mining,0,41,0.0,0.0
digest,2026-08-06,ltts,it,0,41,0.0,0.0
digest,2026-08-06,ofss,it,0,41,0.0,0.0
digest,2026-08-06,pg_electroplast,ems,0,41,0.0,0.0
digest,2026-08-06,shyam_metalics,steel,0,41,0.0,0.0
digest,2026-08-06,syrma_sgs,ems,0,41,0.0,0.0
digest,2026-08-06,tata_elxsi,it,0,41,0.0,0.0
digest,2026-08-07,hindalco,aluminium,1,18,0.05555555555555555,0.25
digest,2026-08-07,hindustan_zinc,aluminium,1,18,0.05555555555555555,0.25
digest,2026-08-07,vaml,aluminium,1,18,0.05555555555555555,0.25
digest,2026-08-07,vedanta,aluminium,1,18,0.05555555555555555,0.25
digest,2026-08-07,jsw_steel,steel,1,18,0.05555555555555555,1.0
digest,2026-08-07,coal_india,mining,1,18,0.05555555555555555,0.3333333333333333
digest,2026-08-07,hindustan_copper,mining,2,18,0.1111111111111111,0.6666666666666666
digest,2026-08-07,ultratech,cement,1,18,0.05555555555555555,0.14285714285714285
digest,2026-08-07,nuvoco,cement,1,18,0.05555555555555555,0.14285714285714285
digest,2026-08-07,dalmia,cement,1,18,0.05555555555555555,0.14285714285714285
digest,2026-08-07,shree,cement,1,18,0.05555555555555555,0.14285714285714285
digest,2026-08-07,jk_cement,cement,2,18,0.1111111111111111,0.2857142857142857
digest,2026-08-07,ambuja,cement,1,18,0.05555555555555555,0.14285714285714285
digest,2026-08-07,avalon,ems,1,18,0.05555555555555555,1.0
digest,2026-08-07,infosys,it,1,18,0.05555555555555555,0.5
digest,2026-08-07,tech_mahindra,it,1,18,0.05555555555555555,0.5
digest,2026-08-07,acc,cement,0,18,0.0,0.0
digest,2026-08-07,amber,ems,0,18,0.0,0.0
digest,2026-08-07,apl_apollo,steel,0,18,0.0,0.0
digest,2026-08-07,coforge,it,0,18,0.0,0.0
digest,2026-08-07,dixon,ems,0,18,0.0,0.0
digest,2026-08-07,hcl_tech,it,0,18,0.0,0.0
digest,2026-08-07,jindal_stainless,steel,0,18,0.0,0.0
digest,2026-08-07,jindal_steel,steel,0,18,0.0,0.0
digest,2026-08-07,jsw_cement,cement,0,18,0.0,0.0
digest,2026-08-07,kaynes,ems,0,18,0.0,0.0
digest,2026-08-07,kpit,it,0,18,0.0,0.0
digest,2026-08-07,lloyds_metals,mining,0,18,0.0,0.0
digest,2026-08-07,ltimindtree,it,0,18,0.0,0.0
digest,2026-08-07,ltts,it,0,18,0.0,0.0
digest,2026-08-07,mphasis,it,0,18,0.0,0.0
digest,2026-08-07,nalco,aluminium,0,18,0.0,0.0
digest,2026-08-07,nmdc,mining,0,18,0.0,0.0
digest,2026-08-07,ofss,it,0,18,0.0,0.0
digest,2026-08-07,persistent,it,0,18,0.0,0.0
digest,2026-08-07,pg_electroplast,ems,0,18,0.0,0.0
digest,2026-08-07,ramco,cement,0,18,0.0,0.0
digest,2026-08-07,sail,steel,0,18,0.0,0.0
digest,2026-08-07,shyam_metalics,steel,0,18,0.0,0.0
digest,2026-08-07,star_cement,cement,0,18,0.0,0.0
digest,2026-08-07,syrma_sgs,ems,0,18,0.0,0.0
digest,2026-08-07,tata_elxsi,it,0,18,0.0,0.0
digest,2026-08-07,tata_steel,steel,0,18,0.0,0.0
digest,2026-08-07,tcs,it,0,18,0.0,0.0
digest,2026-08-07,wipro,it,0,18,0.0,0.0
digest,2026-08-08,hindalco,aluminium,1,9,0.1111111111111111,1.0
digest,2026-08-08,jindal_steel,steel,1,9,0.1111111111111111,1.0
digest,2026-08-08,coal_india,mining,1,9,0.1111111111111111,0.5
digest,2026-08-08,nmdc,mining,1,9,0.1111111111111111,0.5
digest,2026-08-08,ramco,cement,1,9,0.1111111111111111,0.5
digest,2026-08-08,star_cement,cement,1,9,0.1111111111111111,0.5
digest,2026-08-08,kaynes,ems,1,9,0.1111111111111111,1.0
digest,2026-08-08,coforge,it,1,9,0.1111111111111111,0.5
digest,2026-08-08,mphasis,it,1,9,0.1111111111111111,0.5
digest,2026-08-08,acc,cement,0,9,0.0,0.0
digest,2026-08-08,amber,ems,0,9,0.0,0.0
digest,2026-08-08,ambuja,cement,0,9,0.0,0.0
digest,2026-08-08,apl_apollo,steel,0,9,0.0,0.0
digest,2026-08-08,avalon,ems,0,9,0.0,0.0
digest,2026-08-08,dalmia,cement,0,9,0.0,0.0
digest,2026-08-08,dixon,ems,0,9,0.0,0.0
digest,2026-08-08,hcl_tech,it,0,9,0.0,0.0
digest,2026-08-08,hindustan_copper,mining,0,9,0.0,0.0
digest,2026-08-08,hindustan_zinc,aluminium,0,9,0.0,0.0
digest,2026-08-08,infosys,it,0,9,0.0,0.0
digest,2026-08-08,jindal_stainless,steel,0,9,0.0,0.0
digest,2026-08-08,jk_cement,cement,0,9,0.0,0.0
digest,2026-08-08,jsw_cement,cement,0,9,0.0,0.0
digest,2026-08-08,jsw_steel,steel,0,9,0.0,0.0
digest,2026-08-08,kpit,it,0,9,0.0,0.0
digest,2026-08-08,lloyds_metals,mining,0,9,0.0,0.0
digest,2026-08-08,ltimindtree,it,0,9,0.0,0.0
digest,2026-08-08,ltts,it,0,9,0.0,0.0
digest,2026-08-08,nalco,aluminium,0,9,0.0,0.0
digest,2026-08-08,nuvoco,cement,0,9,0.0,0.0
digest,2026-08-08,ofss,it,0,9,0.0,0.0
digest,2026-08-08,persistent,it,0,9,0.0,0.0
digest,2026-08-08,pg_electroplast,ems,0,9,0.0,0.0
digest,2026-08-08,sail,steel,0,9,0.0,0.0
digest,2026-08-08,shree,cement,0,9,0.0,0.0
digest,2026-08-08,shyam_metalics,steel,0,9,0.0,0.0
digest,2026-08-08,syrma_sgs,ems,0,9,0.0,0.0
digest,2026-08-08,tata_elxsi,it,0,9,0.0,0.0
digest,2026-08-08,tata_steel,steel,0,9,0.0,0.0
digest,2026-08-08,tcs,it,0,9,0.0,0.0
digest,2026-08-08,tech_mahindra,it,0,9,0.0,0.0
digest,2026-08-08,ultratech,cement,0,9,0.0,0.0
digest,2026-08-08,vaml,aluminium,0,9,0.0,0.0
digest,2026-08-08,vedanta,aluminium,0,9,0.0,0.0
digest,2026-08-08,wipro,it,0,9,0.0,0.0
digest,2026-08-09,ramco,cement,1,12,0.08333333333333333,1.0
digest,2026-08-09,kaynes,ems,1,12,0.08333333333333333,0.2
digest,2026-08-09,coforge,it,1,12,0.08333333333333333,1.0
digest,2026-08-09,hindustan_copper,mining,1,12,0.08333333333333333,1.0
digest,2026-08-09,hindalco,aluminium,1,12,0.08333333333333333,0.25
digest,2026-08-09,nalco,aluminium,1,12,0.08333333333333333,0.25
digest,2026-08-09,vedanta,aluminium,1,12,0.08333333333333333,0.25
digest,2026-08-09,vaml,aluminium,1,12,0.08333333333333333,0.25
digest,2026-08-09,amber,ems,1,12,0.08333333333333333,0.2
digest,2026-08-09,dixon,ems,1,12,0.08333333333333333,0.2
digest,2026-08-09,pg_electroplast,ems,1,12,0.08333333333333333,0.2
digest,2026-08-09,syrma_sgs,ems,1,12,0.08333333333333333,0.2
digest,2026-08-09,acc,cement,0,12,0.0,0.0
digest,2026-08-09,ambuja,cement,0,12,0.0,0.0
digest,2026-08-09,apl_apollo,steel,0,12,0.0,0.0
digest,2026-08-09,avalon,ems,0,12,0.0,0.0
digest,2026-08-09,coal_india,mining,0,12,0.0,0.0
digest,2026-08-09,dalmia,cement,0,12,0.0,0.0
digest,2026-08-09,hcl_tech,it,0,12,0.0,0.0
digest,2026-08-09,hindustan_zinc,aluminium,0,12,0.0,0.0
digest,2026-08-09,infosys,it,0,12,0.0,0.0
digest,2026-08-09,jindal_stainless,steel,0,12,0.0,0.0
digest,2026-08-09,jindal_steel,steel,0,12,0.0,0.0
digest,2026-08-09,jk_cement,cement,0,12,0.0,0.0
digest,2026-08-09,jsw_cement,cement,0,12,0.0,0.0
digest,2026-08-09,jsw_steel,steel,0,12,0.0,0.0
digest,2026-08-09,kpit,it,0,12,0.0,0.0
digest,2026-08-09,lloyds_metals,mining,0,12,0.0,0.0
digest,2026-08-09,ltimindtree,it,0,12,0.0,0.0
digest,2026-08-09,ltts,it,0,12,0.0,0.0
digest,2026-08-09,mphasis,it,0,12,0.0,0.0
digest,2026-08-09,nmdc,mining,0,12,0.0,0.0
digest,2026-08-09,nuvoco,cement,0,12,0.0,0.0
digest,2026-08-09,ofss,it,0,12,0.0,0.0
digest,2026-08-09,persistent,it,0,12,0.0,0.0
digest,2026-08-09,sail,steel,0,12,0.0,0.0
digest,2026-08-09,shree,cement,0,12,0.0,0.0
digest,2026-08-09,shyam_metalics,steel,0,12,0.0,0.0
digest,2026-08-09,star_cement,cement,0,12,0.0,0.0
digest,2026-08-09,tata_elxsi,it,0,12,0.0,0.0
digest,2026-08-09,tata_steel,steel,0,12,0.0,0.0
digest,2026-08-09,tcs,it,0,12,0.0,0.0
digest,2026-08-09,tech_mahindra,it,0,12,0.0,0.0
digest,2026-08-09,ultratech,cement,0,12,0.0,0.0
digest,2026-08-09,wipro,it,0,12,0.0,0.0
digest,2026-08-10,tata_steel,steel,1,16,0.0625,0.2
digest,2026-08-10,jsw_steel,steel,2,16,0.125,0.4
digest,2026-08-10,jindal_steel,steel,2,16,0.125,0.4
digest,2026-08-10,nmdc,mining,1,16,0.0625,1.0
digest,2026-08-10,hindalco,aluminium,1,16,0.0625,1.0
digest,2026-08-10,ramco,cement,1,16,0.0625,0.5
digest,2026-08-10,star_cement,cement,1,16,0.0625,0.5
digest,2026-08-10,kaynes,ems,1,16,0.0625,0.25
digest,2026-08-10,avalon,ems,2,16,0.125,0.5
digest,2026-08-10,pg_electroplast,ems,1,16,0.0625,0.25
digest,2026-08-10,coforge,it,1,16,0.0625,0.3333333333333333
digest,2026-08-10,infosys,it,1,16,0.0625,0.3333333333333333
digest,2026-08-10,tcs,it,1,16,0.0625,0.3333333333333333
digest,2026-08-10,acc,cement,0,16,0.0,0.0
digest,2026-08-10,amber,ems,0,16,0.0,0.0
digest,2026-08-10,ambuja,cement,0,16,0.0,0.0
digest,2026-08-10,apl_apollo,steel,0,16,0.0,0.0
digest,2026-08-10,coal_india,mining,0,16,0.0,0.0
digest,2026-08-10,dalmia,cement,0,16,0.0,0.0
digest,2026-08-10,dixon,ems,0,16,0.0,0.0
digest,2026-08-10,hcl_tech,it,0,16,0.0,0.0
digest,2026-08-10,hindustan_copper,mining,0,16,0.0,0.0
digest,2026-08-10,hindustan_zinc,aluminium,0,16,0.0,0.0
digest,2026-08-10,jindal_stainless,steel,0,16,0.0,0.0
digest,2026-08-10,jk_cement,cement,0,16,0.0,0.0
digest,2026-08-10,jsw_cement,cement,0,16,0.0,0.0
digest,2026-08-10,kpit,it,0,16,0.0,0.0
digest,2026-08-10,lloyds_metals,mining,0,16,0.0,0.0
digest,2026-08-10,ltimindtree,it,0,16,0.0,0.0
digest,2026-08-10,ltts,it,0,16,0.0,0.0
digest,2026-08-10,mphasis,it,0,16,0.0,0.0
digest,2026-08-10,nalco,aluminium,0,16,0.0,0.0
digest,2026-08-10,nuvoco,cement,0,16,0.0,0.0
digest,2026-08-10,ofss,it,0,16,0.0,0.0
digest,2026-08-10,persistent,it,0,16,0.0,0.0
digest,2026-08-10,sail,steel,0,16,0.0,0.0
digest,2026-08-10,shree,cement,0,16,0.0,0.0
digest,2026-08-10,shyam_metalics,steel,0,16,0.0,0.0
digest,2026-08-10,syrma_sgs,ems,0,16,0.0,0.0
digest,2026-08-10,tata_elxsi,it,0,16,0.0,0.0
digest,2026-08-10,tech_mahindra,it,0,16,0.0,0.0
digest,2026-08-10,ultratech,cement,0,16,0.0,0.0
digest,2026-08-10,vaml,aluminium,0,16,0.0,0.0
digest,2026-08-10,vedanta,aluminium,0,16,0.0,0.0
digest,2026-08-10,wipro,it,0,16,0.0,0.0
digest,2026-08-11,apl_apollo,steel,2,77,0.025974025974025976,0.13333333333333333
digest,2026-08-11,jsw_steel,steel,4,77,0.05194805194805195,0.26666666666666666
digest,2026-08-11,tata_steel,steel,2,77,0.025974025974025976,0.13333333333333333
digest,2026-08-11,jindal_steel,steel,3,77,0.03896103896103896,0.2
digest,2026-08-11,sail,steel,2,77,0.025974025974025976,0.13333333333333333
digest,2026-08-11,jindal_stainless,steel,2,77,0.025974025974025976,0.13333333333333333
digest,2026-08-11,nmdc,mining,3,77,0.03896103896103896,0.375
digest,2026-08-11,coal_india,mining,2,77,0.025974025974025976,0.25
digest,2026-08-11,lloyds_metals,mining,1,77,0.012987012987012988,0.125
digest,2026-08-11,hindustan_copper,mining,2,77,0.025974025974025976,0.25
digest,2026-08-11,hindalco,aluminium,5,77,0.06493506493506493,0.45454545454545453
digest,2026-08-11,nalco,aluminium,3,77,0.03896103896103896,0.2727272727272727
digest,2026-08-11,vedanta,aluminium,2,77,0.025974025974025976,0.18181818181818182
digest,2026-08-11,vaml,aluminium,1,77,0.012987012987012988,0.09090909090909091
digest,2026-08-11,star_cement,cement,3,77,0.03896103896103896,0.13636363636363635
digest,2026-08-11,ultratech,cement,3,77,0.03896103896103896,0.13636363636363635
digest,2026-08-11,nuvoco,cement,2,77,0.025974025974025976,0.09090909090909091
digest,2026-08-11,dalmia,cement,2,77,0.025974025974025976,0.09090909090909091
digest,2026-08-11,shree,cement,3,77,0.03896103896103896,0.13636363636363635
digest,2026-08-11,jk_cement,cement,2,77,0.025974025974025976,0.09090909090909091
digest,2026-08-11,ambuja,cement,3,77,0.03896103896103896,0.13636363636363635
digest,2026-08-11,ramco,cement,3,77,0.03896103896103896,0.13636363636363635
digest,2026-08-11,jsw_cement,cement,1,77,0.012987012987012988,0.045454545454545456
digest,2026-08-11,kaynes,ems,1,77,0.012987012987012988,0.14285714285714285
digest,2026-08-11,dixon,ems,2,77,0.025974025974025976,0.2857142857142857
digest,2026-08-11,syrma_sgs,ems,1,77,0.012987012987012988,0.14285714285714285
digest,2026-08-11,pg_electroplast,ems,2,77,0.025974025974025976,0.2857142857142857
digest,2026-08-11,amber,ems,1,77,0.012987012987012988,0.14285714285714285
digest,2026-08-11,tcs,it,2,77,0.025974025974025976,0.14285714285714285
digest,2026-08-11,infosys,it,1,77,0.012987012987012988,0.07142857142857142
digest,2026-08-11,wipro,it,2,77,0.025974025974025976,0.14285714285714285
digest,2026-08-11,hcl_tech,it,1,77,0.012987012987012988,0.07142857142857142
digest,2026-08-11,tech_mahindra,it,1,77,0.012987012987012988,0.07142857142857142
digest,2026-08-11,coforge,it,3,77,0.03896103896103896,0.21428571428571427
digest,2026-08-11,persistent,it,1,77,0.012987012987012988,0.07142857142857142
digest,2026-08-11,ltimindtree,it,1,77,0.012987012987012988,0.07142857142857142
digest,2026-08-11,mphasis,it,1,77,0.012987012987012988,0.07142857142857142
digest,2026-08-11,tata_elxsi,it,1,77,0.012987012987012988,0.07142857142857142
digest,2026-08-11,acc,cement,0,77,0.0,0.0
digest,2026-08-11,avalon,ems,0,77,0.0,0.0
digest,2026-08-11,hindustan_zinc,aluminium,0,77,0.0,0.0
digest,2026-08-11,kpit,it,0,77,0.0,0.0
digest,2026-08-11,ltts,it,0,77,0.0,0.0
digest,2026-08-11,ofss,it,0,77,0.0,0.0
digest,2026-08-11,shyam_metalics,steel,0,77,0.0,0.0
digest,2026-08-12,lloyds_metals,mining,1,25,0.04,0.5
digest,2026-08-12,hindustan_copper,mining,1,25,0.04,0.5
digest,2026-08-12,hindalco,aluminium,1,25,0.04,0.5
digest,2026-08-12,nalco,aluminium,1,25,0.04,0.5
digest,2026-08-12,ultratech,cement,2,25,0.08,0.3333333333333333
digest,2026-08-12,shree,cement,1,25,0.04,0.16666666666666666
digest,2026-08-12,dalmia,cement,1,25,0.04,0.16666666666666666
digest,2026-08-12,ambuja,cement,1,25,0.04,0.16666666666666666
digest,2026-08-12,star_cement,cement,1,25,0.04,0.16666666666666666
digest,2026-08-12,syrma_sgs,ems,1,25,0.04,0.5
digest,2026-08-12,avalon,ems,1,25,0.04,0.5
digest,2026-08-12,tcs,it,2,25,0.08,0.16666666666666666
digest,2026-08-12,infosys,it,1,25,0.04,0.08333333333333333
digest,2026-08-12,hcl_tech,it,2,25,0.08,0.16666666666666666
digest,2026-08-12,wipro,it,1,25,0.04,0.08333333333333333
digest,2026-08-12,tech_mahindra,it,2,25,0.08,0.16666666666666666
digest,2026-08-12,jindal_steel,steel,1,25,0.04,1.0
digest,2026-08-12,coforge,it,1,25,0.04,0.08333333333333333
digest,2026-08-12,mphasis,it,1,25,0.04,0.08333333333333333
digest,2026-08-12,kpit,it,1,25,0.04,0.08333333333333333
digest,2026-08-12,ltts,it,1,25,0.04,0.08333333333333333
digest,2026-08-12,acc,cement,0,25,0.0,0.0
digest,2026-08-12,amber,ems,0,25,0.0,0.0
digest,2026-08-12,apl_apollo,steel,0,25,0.0,0.0
digest,2026-08-12,coal_india,mining,0,25,0.0,0.0
digest,2026-08-12,dixon,ems,0,25,0.0,0.0
digest,2026-08-12,hindustan_zinc,aluminium,0,25,0.0,0.0
digest,2026-08-12,jindal_stainless,steel,0,25,0.0,0.0
digest,2026-08-12,jk_cement,cement,0,25,0.0,0.0
digest,2026-08-12,jsw_cement,cement,0,25,0.0,0.0
digest,2026-08-12,jsw_steel,steel,0,25,0.0,0.0
digest,2026-08-12,kaynes,ems,0,25,0.0,0.0
digest,2026-08-12,ltimindtree,it,0,25,0.0,0.0
digest,2026-08-12,nmdc,mining,0,25,0.0,0.0
digest,2026-08-12,nuvoco,cement,0,25,0.0,0.0
digest,2026-08-12,ofss,it,0,25,0.0,0.0
digest,2026-08-12,persistent,it,0,25,0.0,0.0
digest,2026-08-12,pg_electroplast,ems,0,25,0.0,0.0
digest,2026-08-12,ramco,cement,0,25,0.0,0.0
digest,2026-08-12,sail,steel,0,25,0.0,0.0
digest,2026-08-12,shyam_metalics,steel,0,25,0.0,0.0
digest,2026-08-12,tata_elxsi,it,0,25,0.0,0.0
digest,2026-08-12,tata_steel,steel,0,25,0.0,0.0
digest,2026-08-12,vaml,aluminium,0,25,0.0,0.0
digest,2026-08-12,vedanta,aluminium,0,25,0.0,0.0
digest,2026-08-13,jsw_steel,steel,2,45,0.044444444444444446,1.0
digest,2026-08-13,ultratech,cement,3,45,0.06666666666666667,0.3
digest,2026-08-13,lloyds_metals,mining,2,45,0.044444444444444446,0.5
digest,2026-08-13,coal_india,mining,1,45,0.022222222222222223,0.25
digest,2026-08-13,hindustan_copper,mining,1,45,0.022222222222222223,0.25
digest,2026-08-13,nalco,aluminium,3,45,0.06666666666666667,0.375
digest,2026-08-13,hindalco,aluminium,3,45,0.06666666666666667,0.375
digest,2026-08-13,vedanta,aluminium,2,45,0.044444444444444446,0.25
digest,2026-08-13,ambuja,cement,1,45,0.022222222222222223,0.1
digest,2026-08-13,shree,cement,1,45,0.022222222222222223,0.1
digest,2026-08-13,dalmia,cement,1,45,0.022222222222222223,0.1
digest,2026-08-13,star_cement,cement,1,45,0.022222222222222223,0.1
digest,2026-08-13,jk_cement,cement,2,45,0.044444444444444446,0.2
digest,2026-08-13,jsw_cement,cement,1,45,0.022222222222222223,0.1
digest,2026-08-13,syrma_sgs,ems,1,45,0.022222222222222223,0.16666666666666666
digest,2026-08-13,avalon,ems,1,45,0.022222222222222223,0.16666666666666666
digest,2026-08-13,amber,ems,2,45,0.044444444444444446,0.3333333333333333
digest,2026-08-13,dixon,ems,2,45,0.044444444444444446,0.3333333333333333
digest,2026-08-13,mphasis,it,2,45,0.044444444444444446,0.13333333333333333
digest,2026-08-13,coforge,it,2,45,0.044444444444444446,0.13333333333333333
digest,2026-08-13,persistent,it,2,45,0.044444444444444446,0.13333333333333333
digest,2026-08-13,tcs,it,3,45,0.06666666666666667,0.2
digest,2026-08-13,hcl_tech,it,1,45,0.022222222222222223,0.06666666666666667
digest,2026-08-13,infosys,it,1,45,0.022222222222222223,0.06666666666666667
digest,2026-08-13,ltimindtree,it,1,45,0.022222222222222223,0.06666666666666667
digest,2026-08-13,ltts,it,1,45,0.022222222222222223,0.06666666666666667
digest,2026-08-13,tata_elxsi,it,1,45,0.022222222222222223,0.06666666666666667
digest,2026-08-13,kpit,it,1,45,0.022222222222222223,0.06666666666666667
digest,2026-08-13,acc,cement,0,45,0.0,0.0
digest,2026-08-13,apl_apollo,steel,0,45,0.0,0.0
digest,2026-08-13,hindustan_zinc,aluminium,0,45,0.0,0.0
digest,2026-08-13,jindal_stainless,steel,0,45,0.0,0.0
digest,2026-08-13,jindal_steel,steel,0,45,0.0,0.0
digest,2026-08-13,kaynes,ems,0,45,0.0,0.0
digest,2026-08-13,nmdc,mining,0,45,0.0,0.0
digest,2026-08-13,nuvoco,cement,0,45,0.0,0.0
digest,2026-08-13,ofss,it,0,45,0.0,0.0
digest,2026-08-13,pg_electroplast,ems,0,45,0.0,0.0
digest,2026-08-13,ramco,cement,0,45,0.0,0.0
digest,2026-08-13,sail,steel,0,45,0.0,0.0
digest,2026-08-13,shyam_metalics,steel,0,45,0.0,0.0
digest,2026-08-13,tata_steel,steel,0,45,0.0,0.0
digest,2026-08-13,tech_mahindra,it,0,45,0.0,0.0
digest,2026-08-13,vaml,aluminium,0,45,0.0,0.0
digest,2026-08-13,wipro,it,0,45,0.0,0.0
digest,2026-08-14,tata_steel,steel,2,41,0.04878048780487805,0.25
digest,2026-08-14,jindal_steel,steel,2,41,0.04878048780487805,0.25
digest,2026-08-14,jsw_steel,steel,2,41,0.04878048780487805,0.25
digest,2026-08-14,sail,steel,2,41,0.04878048780487805,0.25
digest,2026-08-14,coal_india,mining,1,41,0.024390243902439025,0.3333333333333333
digest,2026-08-14,nmdc,mining,1,41,0.024390243902439025,0.3333333333333333
digest,2026-08-14,hindustan_copper,mining,1,41,0.024390243902439025,0.3333333333333333
digest,2026-08-14,hindalco,aluminium,1,41,0.024390243902439025,0.2
digest,2026-08-14,nalco,aluminium,1,41,0.024390243902439025,0.2
digest,2026-08-14,vaml,aluminium,1,41,0.024390243902439025,0.2
digest,2026-08-14,vedanta,aluminium,1,41,0.024390243902439025,0.2
digest,2026-08-14,hindustan_zinc,aluminium,1,41,0.024390243902439025,0.2
digest,2026-08-14,jsw_cement,cement,2,41,0.04878048780487805,0.5
digest,2026-08-14,ramco,cement,1,41,0.024390243902439025,0.25
digest,2026-08-14,ultratech,cement,1,41,0.024390243902439025,0.25
digest,2026-08-14,amber,ems,4,41,0.0975609756097561,0.36363636363636365
digest,2026-08-14,dixon,ems,2,41,0.04878048780487805,0.18181818181818182
digest,2026-08-14,pg_electroplast,ems,2,41,0.04878048780487805,0.18181818181818182
digest,2026-08-14,kaynes,ems,1,41,0.024390243902439025,0.09090909090909091
digest,2026-08-14,syrma_sgs,ems,1,41,0.024390243902439025,0.09090909090909091
digest,2026-08-14,avalon,ems,1,41,0.024390243902439025,0.09090909090909091
digest,2026-08-14,tcs,it,2,41,0.04878048780487805,0.2
digest,2026-08-14,infosys,it,2,41,0.04878048780487805,0.2
digest,2026-08-14,hcl_tech,it,2,41,0.04878048780487805,0.2
digest,2026-08-14,wipro,it,2,41,0.04878048780487805,0.2
digest,2026-08-14,tech_mahindra,it,1,41,0.024390243902439025,0.1
digest,2026-08-14,ltimindtree,it,1,41,0.024390243902439025,0.1
digest,2026-08-14,acc,cement,0,41,0.0,0.0
digest,2026-08-14,ambuja,cement,0,41,0.0,0.0
digest,2026-08-14,apl_apollo,steel,0,41,0.0,0.0
digest,2026-08-14,coforge,it,0,41,0.0,0.0
digest,2026-08-14,dalmia,cement,0,41,0.0,0.0
digest,2026-08-14,jindal_stainless,steel,0,41,0.0,0.0
digest,2026-08-14,jk_cement,cement,0,41,0.0,0.0
digest,2026-08-14,kpit,it,0,41,0.0,0.0
digest,2026-08-14,lloyds_metals,mining,0,41,0.0,0.0
digest,2026-08-14,ltts,it,0,41,0.0,0.0
digest,2026-08-14,mphasis,it,0,41,0.0,0.0
digest,2026-08-14,nuvoco,cement,0,41,0.0,0.0
digest,2026-08-14,ofss,it,0,41,0.0,0.0
digest,2026-08-14,persistent,it,0,41,0.0,0.0
digest,2026-08-14,shree,cement,0,41,0.0,0.0
digest,2026-08-14,shyam_metalics,steel,0,41,0.0,0.0
digest,2026-08-14,star_cement,cement,0,41,0.0,0.0
digest,2026-08-14,tata_elxsi,it,0,41,0.0,0.0
digest,2026-08-15,nmdc,mining,1,5,0.2,1.0
digest,2026-08-15,jsw_cement,cement,1,5,0.2,1.0
digest,2026-08-15,amber,ems,3,5,0.6,1.0
digest,2026-08-15,acc,cement,0,5,0.0,0.0
digest,2026-08-15,ambuja,cement,0,5,0.0,0.0
digest,2026-08-15,apl_apollo,steel,0,5,0.0,0.0
digest,2026-08-15,avalon,ems,0,5,0.0,0.0
digest,2026-08-15,coal_india,mining,0,5,0.0,0.0
digest,2026-08-15,coforge,it,0,5,0.0,0.0
digest,2026-08-15,dalmia,cement,0,5,0.0,0.0
digest,2026-08-15,dixon,ems,0,5,0.0,0.0
digest,2026-08-15,hcl_tech,it,0,5,0.0,0.0
digest,2026-08-15,hindalco,aluminium,0,5,0.0,0.0
digest,2026-08-15,hindustan_copper,mining,0,5,0.0,0.0
digest,2026-08-15,hindustan_zinc,aluminium,0,5,0.0,0.0
digest,2026-08-15,infosys,it,0,5,0.0,0.0
digest,2026-08-15,jindal_stainless,steel,0,5,0.0,0.0
digest,2026-08-15,jindal_steel,steel,0,5,0.0,0.0
digest,2026-08-15,jk_cement,cement,0,5,0.0,0.0
digest,2026-08-15,jsw_steel,steel,0,5,0.0,0.0
digest,2026-08-15,kaynes,ems,0,5,0.0,0.0
digest,2026-08-15,kpit,it,0,5,0.0,0.0
digest,2026-08-15,lloyds_metals,mining,0,5,0.0,0.0
digest,2026-08-15,ltimindtree,it,0,5,0.0,0.0
digest,2026-08-15,ltts,it,0,5,0.0,0.0
digest,2026-08-15,mphasis,it,0,5,0.0,0.0
digest,2026-08-15,nalco,aluminium,0,5,0.0,0.0
digest,2026-08-15,nuvoco,cement,0,5,0.0,0.0
digest,2026-08-15,ofss,it,0,5,0.0,0.0
digest,2026-08-15,persistent,it,0,5,0.0,0.0
digest,2026-08-15,pg_electroplast,ems,0,5,0.0,0.0
digest,2026-08-15,ramco,cement,0,5,0.0,0.0
digest,2026-08-15,sail,steel,0,5,0.0,0.0
digest,2026-08-15,shree,cement,0,5,0.0,0.0
digest,2026-08-15,shyam_metalics,steel,0,5,0.0,0.0
digest,2026-08-15,star_cement,cement,0,5,0.0,0.0
digest,2026-08-15,syrma_sgs,ems,0,5,0.0,0.0
digest,2026-08-15,tata_elxsi,it,0,5,0.0,0.0
digest,2026-08-15,tata_steel,steel,0,5,0.0,0.0
digest,2026-08-15,tcs,it,0,5,0.0,0.0
digest,2026-08-15,tech_mahindra,it,0,5,0.0,0.0
digest,2026-08-15,ultratech,cement,0,5,0.0,0.0
digest,2026-08-15,vaml,aluminium,0,5,0.0,0.0
digest,2026-08-15,vedanta,aluminium,0,5,0.0,0.0
digest,2026-08-15,wipro,it,0,5,0.0,0.0
digest,2026-08-16,jsw_cement,cement,1,3,0.3333333333333333,1.0
digest,2026-08-16,amber,ems,1,3,0.3333333333333333,1.0
digest,2026-08-16,kpit,it,1,3,0.3333333333333333,1.0
digest,2026-08-16,acc,cement,0,3,0.0,0.0
digest,2026-08-16,ambuja,cement,0,3,0.0,0.0
digest,2026-08-16,apl_apollo,steel,0,3,0.0,0.0
digest,2026-08-16,avalon,ems,0,3,0.0,0.0
digest,2026-08-16,coal_india,mining,0,3,0.0,0.0
digest,2026-08-16,coforge,it,0,3,0.0,0.0
digest,2026-08-16,dalmia,cement,0,3,0.0,0.0
digest,2026-08-16,dixon,ems,0,3,0.0,0.0
digest,2026-08-16,hcl_tech,it,0,3,0.0,0.0
digest,2026-08-16,hindalco,aluminium,0,3,0.0,0.0
digest,2026-08-16,hindustan_copper,mining,0,3,0.0,0.0
digest,2026-08-16,hindustan_zinc,aluminium,0,3,0.0,0.0
digest,2026-08-16,infosys,it,0,3,0.0,0.0
digest,2026-08-16,jindal_stainless,steel,0,3,0.0,0.0
digest,2026-08-16,jindal_steel,steel,0,3,0.0,0.0
digest,2026-08-16,jk_cement,cement,0,3,0.0,0.0
digest,2026-08-16,jsw_steel,steel,0,3,0.0,0.0
digest,2026-08-16,kaynes,ems,0,3,0.0,0.0
digest,2026-08-16,lloyds_metals,mining,0,3,0.0,0.0
digest,2026-08-16,ltimindtree,it,0,3,0.0,0.0
digest,2026-08-16,ltts,it,0,3,0.0,0.0
digest,2026-08-16,mphasis,it,0,3,0.0,0.0
digest,2026-08-16,nalco,aluminium,0,3,0.0,0.0
digest,2026-08-16,nmdc,mining,0,3,0.0,0.0
digest,2026-08-16,nuvoco,cement,0,3,0.0,0.0
digest,2026-08-16,ofss,it,0,3,0.0,0.0
digest,2026-08-16,persistent,it,0,3,0.0,0.0
digest,2026-08-16,pg_electroplast,ems,0,3,0.0,0.0
digest,2026-08-16,ramco,cement,0,3,0.0,0.0
digest,2026-08-16,sail,steel,0,3,0.0,0.0
digest,2026-08-16,shree,cement,0,3,0.0,0.0
digest,2026-08-16,shyam_metalics,steel,0,3,0.0,0.0
digest,2026-08-16,star_cement,cement,0,3,0.0,0.0
digest,2026-08-16,syrma_sgs,ems,0,3,0.0,0.0
digest,2026-08-16,tata_elxsi,it,0,3,0.0,0.0
digest,2026-08-16,tata_steel,steel,0,3,0.0,0.0
digest,2026-08-16,tcs,it,0,3,0.0,0.0
digest,2026-08-16,tech_mahindra,it,0,3,0.0,0.0
digest,2026-08-16,ultratech,cement,0,3,0.0,0.0
digest,2026-08-16,vaml,aluminium,0,3,0.0,0.0
digest,2026-08-16,vedanta,aluminium,0,3,0.0,0.0
digest,2026-08-16,wipro,it,0,3,0.0,0.0
digest,2026-08-17,jsw_cement,cement,2,31,0.06451612903225806,1.0
digest,2026-08-17,nmdc,mining,2,31,0.06451612903225806,1.0
digest,2026-08-17,amber,ems,4,31,0.12903225806451613,0.5
digest,2026-08-17,syrma_sgs,ems,3,31,0.0967741935483871,0.375
digest,2026-08-17,pg_electroplast,ems,1,31,0.03225806451612903,0.125
digest,2026-08-17,tcs,it,2,31,0.06451612903225806,0.10526315789473684
digest,2026-08-17,infosys,it,2,31,0.06451612903225806,0.10526315789473684
digest,2026-08-17,wipro,it,1,31,0.03225806451612903,0.05263157894736842
digest,2026-08-17,hcl_tech,it,2,31,0.06451612903225806,0.10526315789473684
digest,2026-08-17,tech_mahindra,it,2,31,0.06451612903225806,0.10526315789473684
digest,2026-08-17,ltimindtree,it,1,31,0.03225806451612903,0.05263157894736842
digest,2026-08-17,ltts,it,1,31,0.03225806451612903,0.05263157894736842
digest,2026-08-17,coforge,it,2,31,0.06451612903225806,0.10526315789473684
digest,2026-08-17,persistent,it,3,31,0.0967741935483871,0.15789473684210525
digest,2026-08-17,mphasis,it,2,31,0.06451612903225806,0.10526315789473684
digest,2026-08-17,kpit,it,1,31,0.03225806451612903,0.05263157894736842
digest,2026-08-17,acc,cement,0,31,0.0,0.0
digest,2026-08-17,ambuja,cement,0,31,0.0,0.0
digest,2026-08-17,apl_apollo,steel,0,31,0.0,0.0
digest,2026-08-17,avalon,ems,0,31,0.0,0.0
digest,2026-08-17,coal_india,mining,0,31,0.0,0.0
digest,2026-08-17,dalmia,cement,0,31,0.0,0.0
digest,2026-08-17,dixon,ems,0,31,0.0,0.0
digest,2026-08-17,hindalco,aluminium,0,31,0.0,0.0
digest,2026-08-17,hindustan_copper,mining,0,31,0.0,0.0
digest,2026-08-17,hindustan_zinc,aluminium,0,31,0.0,0.0
digest,2026-08-17,jindal_stainless,steel,0,31,0.0,0.0
digest,2026-08-17,jindal_steel,steel,0,31,0.0,0.0
digest,2026-08-17,jk_cement,cement,0,31,0.0,0.0
digest,2026-08-17,jsw_steel,steel,0,31,0.0,0.0
digest,2026-08-17,kaynes,ems,0,31,0.0,0.0
digest,2026-08-17,lloyds_metals,mining,0,31,0.0,0.0
digest,2026-08-17,nalco,aluminium,0,31,0.0,0.0
digest,2026-08-17,nuvoco,cement,0,31,0.0,0.0
digest,2026-08-17,ofss,it,0,31,0.0,0.0
digest,2026-08-17,ramco,cement,0,31,0.0,0.0
digest,2026-08-17,sail,steel,0,31,0.0,0.0
digest,2026-08-17,shree,cement,0,31,0.0,0.0
digest,2026-08-17,shyam_metalics,steel,0,31,0.0,0.0
digest,2026-08-17,star_cement,cement,0,31,0.0,0.0
digest,2026-08-17,tata_elxsi,it,0,31,0.0,0.0
digest,2026-08-17,tata_steel,steel,0,31,0.0,0.0
digest,2026-08-17,ultratech,cement,0,31,0.0,0.0
digest,2026-08-17,vaml,aluminium,0,31,0.0,0.0
digest,2026-08-17,vedanta,aluminium,0,31,0.0,0.0
digest,2026-08-18,tata_steel,steel,5,59,0.0847457627118644,0.38461538461538464
digest,2026-08-18,jsw_steel,steel,4,59,0.06779661016949153,0.3076923076923077
digest,2026-08-18,jindal_steel,steel,3,59,0.05084745762711865,0.23076923076923078
digest,2026-08-18,nmdc,mining,5,59,0.0847457627118644,0.7142857142857143
digest,2026-08-18,coal_india,mining,2,59,0.03389830508474576,0.2857142857142857
digest,2026-08-18,apl_apollo,steel,1,59,0.01694915254237288,0.07692307692307693
digest,2026-08-18,vedanta,aluminium,1,59,0.01694915254237288,0.5
digest,2026-08-18,hindustan_zinc,aluminium,1,59,0.01694915254237288,0.5
digest,2026-08-18,jsw_cement,cement,4,59,0.06779661016949153,0.3333333333333333
digest,2026-08-18,ultratech,cement,1,59,0.01694915254237288,0.08333333333333333
digest,2026-08-18,shree,cement,1,59,0.01694915254237288,0.08333333333333333
digest,2026-08-18,dalmia,cement,1,59,0.01694915254237288,0.08333333333333333
digest,2026-08-18,ambuja,cement,1,59,0.01694915254237288,0.08333333333333333
digest,2026-08-18,jk_cement,cement,1,59,0.01694915254237288,0.08333333333333333
digest,2026-08-18,nuvoco,cement,1,59,0.01694915254237288,0.08333333333333333
digest,2026-08-18,ramco,cement,1,59,0.01694915254237288,0.08333333333333333
digest,2026-08-18,star_cement,cement,1,59,0.01694915254237288,0.08333333333333333
digest,2026-08-18,syrma_sgs,ems,2,59,0.03389830508474576,0.18181818181818182
digest,2026-08-18,kaynes,ems,2,59,0.03389830508474576,0.18181818181818182
digest,2026-08-18,dixon,ems,2,59,0.03389830508474576,0.18181818181818182
digest,2026-08-18,amber,ems,3,59,0.05084745762711865,0.2727272727272727
digest,2026-08-18,pg_electroplast,ems,1,59,0.01694915254237288,0.09090909090909091
digest,2026-08-18,avalon,ems,1,59,0.01694915254237288,0.09090909090909091
digest,2026-08-18,tcs,it,1,59,0.01694915254237288,0.07142857142857142
digest,2026-08-18,infosys,it,1,59,0.01694915254237288,0.07142857142857142
digest,2026-08-18,wipro,it,1,59,0.01694915254237288,0.07142857142857142
digest,2026-08-18,hcl_tech,it,1,59,0.01694915254237288,0.07142857142857142
digest,2026-08-18,tech_mahindra,it,1,59,0.01694915254237288,0.07142857142857142
digest,2026-08-18,ltimindtree,it,1,59,0.01694915254237288,0.07142857142857142
digest,2026-08-18,ltts,it,1,59,0.01694915254237288,0.07142857142857142
digest,2026-08-18,coforge,it,1,59,0.01694915254237288,0.07142857142857142
digest,2026-08-18,persistent,it,2,59,0.03389830508474576,0.14285714285714285
digest,2026-08-18,mphasis,it,1,59,0.01694915254237288,0.07142857142857142
digest,2026-08-18,kpit,it,2,59,0.03389830508474576,0.14285714285714285
digest,2026-08-18,tata_elxsi,it,1,59,0.01694915254237288,0.07142857142857142
digest,2026-08-18,acc,cement,0,59,0.0,0.0
digest,2026-08-18,hindalco,aluminium,0,59,0.0,0.0
digest,2026-08-18,hindustan_copper,mining,0,59,0.0,0.0
digest,2026-08-18,jindal_stainless,steel,0,59,0.0,0.0
digest,2026-08-18,lloyds_metals,mining,0,59,0.0,0.0
digest,2026-08-18,nalco,aluminium,0,59,0.0,0.0
digest,2026-08-18,ofss,it,0,59,0.0,0.0
digest,2026-08-18,sail,steel,0,59,0.0,0.0
digest,2026-08-18,shyam_metalics,steel,0,59,0.0,0.0
digest,2026-08-18,vaml,aluminium,0,59,0.0,0.0
staging,2026-08-24,amber,ems,0,5,0.0,0.0
staging,2026-08-24,ambuja,cement,0,5,0.0,0.0
staging,2026-08-24,apl_apollo,steel,0,5,0.0,0.0
staging,2026-08-24,coal_india,mining,0,5,0.0,0.0
staging,2026-08-24,dalmia,cement,0,5,0.0,0.0
staging,2026-08-24,dixon,ems,0,5,0.0,0.0
staging,2026-08-24,hindalco,aluminium,3,5,0.6,0.75
staging,2026-08-24,hindustan_copper,mining,0,5,0.0,0.0
staging,2026-08-24,hindustan_zinc,aluminium,0,5,0.0,0.0
staging,2026-08-24,jindal_steel,steel,0,5,0.0,0.0
staging,2026-08-24,jsw_steel,steel,0,5,0.0,0.0
staging,2026-08-24,kaynes,ems,0,5,0.0,0.0
staging,2026-08-24,nalco,aluminium,0,5,0.0,0.0
staging,2026-08-24,nmdc,mining,0,5,0.0,0.0
staging,2026-08-24,pg_electroplast,ems,0,5,0.0,0.0
staging,2026-08-24,sail,steel,0,5,0.0,0.0
staging,2026-08-24,shree,cement,0,5,0.0,0.0
staging,2026-08-24,tata_steel,steel,0,5,0.0,0.0
staging,2026-08-24,ultratech,cement,1,5,0.2,1.0
staging,2026-08-24,vaml,aluminium,0,5,0.0,0.0
staging,2026-08-24,vedanta,aluminium,1,5,0.2,0.25
staging,2026-09-01,amber,ems,0,19,0.0,0.0
staging,2026-09-01,ambuja,cement,2,19,0.10526315789473684,0.4
staging,2026-09-01,apl_apollo,steel,0,19,0.0,0.0
staging,2026-09-01,coal_india,mining,3,19,0.15789473684210525,0.75
staging,2026-09-01,dalmia,cement,0,19,0.0,0.0
staging,2026-09-01,dixon,ems,1,19,0.05263157894736842,0.3333333333333333
staging,2026-09-01,hindalco,aluminium,2,19,0.10526315789473684,0.6666666666666666
staging,2026-09-01,hindustan_copper,mining,0,19,0.0,0.0
staging,2026-09-01,hindustan_zinc,aluminium,0,19,0.0,0.0
staging,2026-09-01,jindal_steel,steel,0,19,0.0,0.0
staging,2026-09-01,jsw_steel,steel,1,19,0.05263157894736842,0.25
staging,2026-09-01,kaynes,ems,2,19,0.10526315789473684,0.6666666666666666
staging,2026-09-01,nalco,aluminium,0,19,0.0,0.0
staging,2026-09-01,nmdc,mining,1,19,0.05263157894736842,0.25
staging,2026-09-01,pg_electroplast,ems,0,19,0.0,0.0
staging,2026-09-01,sail,steel,1,19,0.05263157894736842,0.25
staging,2026-09-01,shree,cement,0,19,0.0,0.0
staging,2026-09-01,tata_steel,steel,2,19,0.10526315789473684,0.5
staging,2026-09-01,ultratech,cement,3,19,0.15789473684210525,0.6
staging,2026-09-01,vaml,aluminium,0,19,0.0,0.0
staging,2026-09-01,vedanta,aluminium,1,19,0.05263157894736842,0.3333333333333333
staging,2026-09-04,amber,ems,1,22,0.045454545454545456,0.16666666666666666
staging,2026-09-04,ambuja,cement,0,22,0.0,0.0
staging,2026-09-04,apl_apollo,steel,0,22,0.0,0.0
staging,2026-09-04,coal_india,mining,0,22,0.0,0.0
staging,2026-09-04,dalmia,cement,0,22,0.0,0.0
staging,2026-09-04,dixon,ems,2,22,0.09090909090909091,0.3333333333333333
staging,2026-09-04,hindalco,aluminium,0,22,0.0,0.0
staging,2026-09-04,hindustan_copper,mining,0,22,0.0,0.0
staging,2026-09-04,hindustan_zinc,aluminium,1,22,0.045454545454545456,1.0
staging,2026-09-04,jindal_steel,steel,0,22,0.0,0.0
staging,2026-09-04,jsw_steel,steel,1,22,0.045454545454545456,0.5
staging,2026-09-04,kaynes,ems,1,22,0.045454545454545456,0.16666666666666666
staging,2026-09-04,nalco,aluminium,0,22,0.0,0.0
staging,2026-09-04,nmdc,mining,1,22,0.045454545454545456,1.0
staging,2026-09-04,pg_electroplast,ems,2,22,0.09090909090909091,0.3333333333333333
staging,2026-09-04,sail,steel,1,22,0.045454545454545456,0.5
staging,2026-09-04,shree,cement,0,22,0.0,0.0
staging,2026-09-04,tata_steel,steel,0,22,0.0,0.0
staging,2026-09-04,ultratech,cement,12,22,0.5454545454545454,1.0
staging,2026-09-04,vaml,aluminium,0,22,0.0,0.0
staging,2026-09-04,vedanta,aluminium,0,22,0.0,0.0
staging,2026-09-07,amber,ems,0,10,0.0,0.0
staging,2026-09-07,ambuja,cement,1,10,0.1,0.14285714285714285
staging,2026-09-07,apl_apollo,steel,0,10,0.0,0.0
staging,2026-09-07,coal_india,mining,0,10,0.0,0.0
staging,2026-09-07,dalmia,cement,0,10,0.0,0.0
staging,2026-09-07,dixon,ems,0,10,0.0,0.0
staging,2026-09-07,hindalco,aluminium,0,10,0.0,0.0
staging,2026-09-07,hindustan_copper,mining,0,10,0.0,0.0
staging,2026-09-07,hindustan_zinc,aluminium,0,10,0.0,0.0
staging,2026-09-07,jindal_steel,steel,0,10,0.0,0.0
staging,2026-09-07,jsw_steel,steel,0,10,0.0,0.0
staging,2026-09-07,kaynes,ems,0,10,0.0,0.0
staging,2026-09-07,nalco,aluminium,0,10,0.0,0.0
staging,2026-09-07,nmdc,mining,3,10,0.3,1.0
staging,2026-09-07,pg_electroplast,ems,0,10,0.0,0.0
staging,2026-09-07,sail,steel,0,10,0.0,0.0
staging,2026-09-07,shree,cement,0,10,0.0,0.0
staging,2026-09-07,tata_steel,steel,0,10,0.0,0.0
staging,2026-09-07,ultratech,cement,6,10,0.6,0.8571428571428571
staging,2026-09-07,vaml,aluminium,0,10,0.0,0.0
staging,2026-09-07,vedanta,aluminium,0,10,0.0,0.0
staging,2026-09-08,amber,ems,0,9,0.0,0.0
staging,2026-09-08,ambuja,cement,0,9,0.0,0.0
staging,2026-09-08,apl_apollo,steel,0,9,0.0,0.0
staging,2026-09-08,coal_india,mining,0,9,0.0,0.0
staging,2026-09-08,dalmia,cement,0,9,0.0,0.0
staging,2026-09-08,dixon,ems,0,9,0.0,0.0
staging,2026-09-08,hindalco,aluminium,0,9,0.0,0.0
staging,2026-09-08,hindustan_copper,mining,0,9,0.0,0.0
staging,2026-09-08,hindustan_zinc,aluminium,0,9,0.0,0.0
staging,2026-09-08,jindal_steel,steel,0,9,0.0,0.0
staging,2026-09-08,jsw_steel,steel,0,9,0.0,0.0
staging,2026-09-08,kaynes,ems,0,9,0.0,0.0
staging,2026-09-08,nalco,aluminium,1,9,0.1111111111111111,1.0
staging,2026-09-08,nmdc,mining,2,9,0.2222222222222222,1.0
staging,2026-09-08,pg_electroplast,ems,1,9,0.1111111111111111,1.0
staging,2026-09-08,sail,steel,0,9,0.0,0.0
staging,2026-09-08,shree,cement,0,9,0.0,0.0
staging,2026-09-08,tata_steel,steel,0,9,0.0,0.0
staging,2026-09-08,ultratech,cement,5,9,0.5555555555555556,1.0
staging,2026-09-08,vaml,aluminium,0,9,0.0,0.0
staging,2026-09-08,vedanta,aluminium,0,9,0.0,0.0
staging,2026-09-09,amber,ems,0,21,0.0,0.0
staging,2026-09-09,ambuja,cement,1,21,0.047619047619047616,0.125
staging,2026-09-09,apl_apollo,steel,0,21,0.0,0.0
staging,2026-09-09,coal_india,mining,0,21,0.0,0.0
staging,2026-09-09,dalmia,cement,2,21,0.09523809523809523,0.25
staging,2026-09-09,dixon,ems,0,21,0.0,0.0
staging,2026-09-09,hindalco,aluminium,0,21,0.0,0.0
staging,2026-09-09,hindustan_copper,mining,0,21,0.0,0.0
staging,2026-09-09,hindustan_zinc,aluminium,0,21,0.0,0.0
staging,2026-09-09,jindal_steel,steel,1,21,0.047619047619047616,0.3333333333333333
staging,2026-09-09,jsw_steel,steel,1,21,0.047619047619047616,0.3333333333333333
staging,2026-09-09,kaynes,ems,1,21,0.047619047619047616,0.5
staging,2026-09-09,nalco,aluminium,1,21,0.047619047619047616,0.16666666666666666
staging,2026-09-09,nmdc,mining,2,21,0.09523809523809523,1.0
staging,2026-09-09,pg_electroplast,ems,1,21,0.047619047619047616,0.5
staging,2026-09-09,sail,steel,0,21,0.0,0.0
staging,2026-09-09,shree,cement,1,21,0.047619047619047616,0.125
staging,2026-09-09,tata_steel,steel,1,21,0.047619047619047616,0.3333333333333333
staging,2026-09-09,ultratech,cement,4,21,0.19047619047619047,0.5
staging,2026-09-09,vaml,aluminium,5,21,0.23809523809523808,0.8333333333333334
staging,2026-09-09,vedanta,aluminium,0,21,0.0,0.0
staging,2026-09-10,amber,ems,0,20,0.0,0.0
staging,2026-09-10,ambuja,cement,3,20,0.15,0.42857142857142855
staging,2026-09-10,apl_apollo,steel,0,20,0.0,0.0
staging,2026-09-10,coal_india,mining,0,20,0.0,0.0
staging,2026-09-10,dalmia,cement,1,20,0.05,0.14285714285714285
staging,2026-09-10,dixon,ems,1,20,0.05,0.5
staging,2026-09-10,hindalco,aluminium,0,20,0.0,0.0
staging,2026-09-10,hindustan_copper,mining,0,20,0.0,0.0
staging,2026-09-10,hindustan_zinc,aluminium,0,20,0.0,0.0
staging,2026-09-10,jindal_steel,steel,1,20,0.05,0.3333333333333333
staging,2026-09-10,jsw_steel,steel,1,20,0.05,0.3333333333333333
staging,2026-09-10,kaynes,ems,1,20,0.05,0.5
staging,2026-09-10,nalco,aluminium,0,20,0.0,0.0
staging,2026-09-10,nmdc,mining,3,20,0.15,1.0
staging,2026-09-10,pg_electroplast,ems,0,20,0.0,0.0
staging,2026-09-10,sail,steel,0,20,0.0,0.0
staging,2026-09-10,shree,cement,0,20,0.0,0.0
staging,2026-09-10,tata_steel,steel,1,20,0.05,0.3333333333333333
staging,2026-09-10,ultratech,cement,3,20,0.15,0.42857142857142855
staging,2026-09-10,vaml,aluminium,4,20,0.2,0.8
staging,2026-09-10,vedanta,aluminium,1,20,0.05,0.2
staging,2026-09-11,amber,ems,0,11,0.0,0.0
staging,2026-09-11,ambuja,cement,1,11,0.09090909090909091,0.25
staging,2026-09-11,apl_apollo,steel,0,11,0.0,0.0
staging,2026-09-11,coal_india,mining,1,11,0.09090909090909091,0.5
staging,2026-09-11,dalmia,cement,0,11,0.0,0.0
staging,2026-09-11,dixon,ems,0,11,0.0,0.0
staging,2026-09-11,hindalco,aluminium,1,11,0.09090909090909091,0.5
staging,2026-09-11,hindustan_copper,mining,1,11,0.09090909090909091,0.5
staging,2026-09-11,hindustan_zinc,aluminium,0,11,0.0,0.0
staging,2026-09-11,jindal_steel,steel,0,11,0.0,0.0
staging,2026-09-11,jsw_steel,steel,0,11,0.0,0.0
staging,2026-09-11,kaynes,ems,2,11,0.18181818181818182,1.0
staging,2026-09-11,nalco,aluminium,0,11,0.0,0.0
staging,2026-09-11,nmdc,mining,0,11,0.0,0.0
staging,2026-09-11,pg_electroplast,ems,0,11,0.0,0.0
staging,2026-09-11,sail,steel,0,11,0.0,0.0
staging,2026-09-11,shree,cement,2,11,0.18181818181818182,0.5
staging,2026-09-11,tata_steel,steel,1,11,0.09090909090909091,1.0
staging,2026-09-11,ultratech,cement,1,11,0.09090909090909091,0.25
staging,2026-09-11,vaml,aluminium,1,11,0.09090909090909091,0.5
staging,2026-09-11,vedanta,aluminium,0,11,0.0,0.0
staging,2026-09-12,amber,ems,0,0,0.0,0.0
staging,2026-09-12,ambuja,cement,0,0,0.0,0.0
staging,2026-09-12,apl_apollo,steel,0,0,0.0,0.0
staging,2026-09-12,coal_india,mining,0,0,0.0,0.0
staging,2026-09-12,dalmia,cement,0,0,0.0,0.0
staging,2026-09-12,dixon,ems,0,0,0.0,0.0
staging,2026-09-12,hindalco,aluminium,0,0,0.0,0.0
staging,2026-09-12,hindustan_copper,mining,0,0,0.0,0.0
staging,2026-09-12,hindustan_zinc,aluminium,0,0,0.0,0.0
staging,2026-09-12,jindal_steel,steel,0,0,0.0,0.0
staging,2026-09-12,jsw_steel,steel,0,0,0.0,0.0
staging,2026-09-12,kaynes,ems,0,0,0.0,0.0
staging,2026-09-12,nalco,aluminium,0,0,0.0,0.0
staging,2026-09-12,nmdc,mining,0,0,0.0,0.0
staging,2026-09-12,pg_electroplast,ems,0,0,0.0,0.0
staging,2026-09-12,sail,steel,0,0,0.0,0.0
staging,2026-09-12,shree,cement,0,0,0.0,0.0
staging,2026-09-12,tata_steel,steel,0,0,0.0,0.0
staging,2026-09-12,ultratech,cement,0,0,0.0,0.0
staging,2026-09-12,vaml,aluminium,0,0,0.0,0.0
staging,2026-09-12,vedanta,aluminium,0,0,0.0,0.0
staging,2026-09-13,amber,ems,0,2,0.0,0.0
staging,2026-09-13,ambuja,cement,0,2,0.0,0.0
staging,2026-09-13,apl_apollo,steel,0,2,0.0,0.0
staging,2026-09-13,coal_india,mining,1,2,0.5,1.0
staging,2026-09-13,dalmia,cement,0,2,0.0,0.0
staging,2026-09-13,dixon,ems,0,2,0.0,0.0
staging,2026-09-13,hindalco,aluminium,0,2,0.0,0.0
staging,2026-09-13,hindustan_copper,mining,0,2,0.0,0.0
staging,2026-09-13,hindustan_zinc,aluminium,0,2,0.0,0.0
staging,2026-09-13,jindal_steel,steel,0,2,0.0,0.0
staging,2026-09-13,jsw_steel,steel,0,2,0.0,0.0
staging,2026-09-13,kaynes,ems,0,2,0.0,0.0
staging,2026-09-13,nalco,aluminium,0,2,0.0,0.0
staging,2026-09-13,nmdc,mining,0,2,0.0,0.0
staging,2026-09-13,pg_electroplast,ems,0,2,0.0,0.0
staging,2026-09-13,sail,steel,1,2,0.5,1.0
staging,2026-09-13,shree,cement,0,2,0.0,0.0
staging,2026-09-13,tata_steel,steel,0,2,0.0,0.0
staging,2026-09-13,ultratech,cement,0,2,0.0,0.0
staging,2026-09-13,vaml,aluminium,0,2,0.0,0.0
staging,2026-09-13,vedanta,aluminium,0,2,0.0,0.0
staging,2026-09-14,amber,ems,0,1,0.0,0.0
staging,2026-09-14,ambuja,cement,0,1,0.0,0.0
staging,2026-09-14,apl_apollo,steel,0,1,0.0,0.0
staging,2026-09-14,coal_india,mining,0,1,0.0,0.0
staging,2026-09-14,dalmia,cement,0,1,0.0,0.0
staging,2026-09-14,dixon,ems,0,1,0.0,0.0
staging,2026-09-14,hindalco,aluminium,0,1,0.0,0.0
staging,2026-09-14,hindustan_copper,mining,0,1,0.0,0.0
staging,2026-09-14,hindustan_zinc,aluminium,0,1,0.0,0.0
staging,2026-09-14,jindal_steel,steel,0,1,0.0,0.0
staging,2026-09-14,jsw_steel,steel,0,1,0.0,0.0
staging,2026-09-14,kaynes,ems,0,1,0.0,0.0
staging,2026-09-14,nalco,aluminium,0,1,0.0,0.0
staging,2026-09-14,nmdc,mining,1,1,1.0,1.0
staging,2026-09-14,pg_electroplast,ems,0,1,0.0,0.0
staging,2026-09-14,sail,steel,0,1,0.0,0.0
staging,2026-09-14,shree,cement,0,1,0.0,0.0
staging,2026-09-14,tata_steel,steel,0,1,0.0,0.0
staging,2026-09-14,ultratech,cement,0,1,0.0,0.0
staging,2026-09-14,vaml,aluminium,0,1,0.0,0.0
staging,2026-09-14,vedanta,aluminium,0,1,0.0,0.0
staging,2026-09-15,amber,ems,0,0,0.0,0.0
staging,2026-09-15,ambuja,cement,0,0,0.0,0.0
staging,2026-09-15,apl_apollo,steel,0,0,0.0,0.0
staging,2026-09-15,coal_india,mining,0,0,0.0,0.0
staging,2026-09-15,dalmia,cement,0,0,0.0,0.0
staging,2026-09-15,dixon,ems,0,0,0.0,0.0
staging,2026-09-15,hindalco,aluminium,0,0,0.0,0.0
staging,2026-09-15,hindustan_copper,mining,0,0,0.0,0.0
staging,2026-09-15,hindustan_zinc,aluminium,0,0,0.0,0.0
staging,2026-09-15,jindal_steel,steel,0,0,0.0,0.0
staging,2026-09-15,jsw_steel,steel,0,0,0.0,0.0
staging,2026-09-15,kaynes,ems,0,0,0.0,0.0
staging,2026-09-15,nalco,aluminium,0,0,0.0,0.0
staging,2026-09-15,nmdc,mining,0,0,0.0,0.0
staging,2026-09-15,pg_electroplast,ems,0,0,0.0,0.0
staging,2026-09-15,sail,steel,0,0,0.0,0.0
staging,2026-09-15,shree,cement,0,0,0.0,0.0
staging,2026-09-15,tata_steel,steel,0,0,0.0,0.0
staging,2026-09-15,ultratech,cement,0,0,0.0,0.0
staging,2026-09-15,vaml,aluminium,0,0,0.0,0.0
staging,2026-09-15,vedanta,aluminium,0,0,0.0,0.0
staging,2026-09-16,amber,ems,0,1,0.0,0.0
staging,2026-09-16,ambuja,cement,0,1,0.0,0.0
staging,2026-09-16,apl_apollo,steel,0,1,0.0,0.0
staging,2026-09-16,coal_india,mining,0,1,0.0,0.0
staging,2026-09-16,dalmia,cement,0,1,0.0,0.0
staging,2026-09-16,dixon,ems,0,1,0.0,0.0
staging,2026-09-16,hindalco,aluminium,0,1,0.0,0.0
staging,2026-09-16,hindustan_copper,mining,0,1,0.0,0.0
staging,2026-09-16,hindustan_zinc,aluminium,0,1,0.0,0.0
staging,2026-09-16,jindal_steel,steel,0,1,0.0,0.0
staging,2026-09-16,jsw_steel,steel,0,1,0.0,0.0
staging,2026-09-16,kaynes,ems,1,1,1.0,1.0
staging,2026-09-16,nalco,aluminium,0,1,0.0,0.0
staging,2026-09-16,nmdc,mining,0,1,0.0,0.0
staging,2026-09-16,pg_electroplast,ems,0,1,0.0,0.0
staging,2026-09-16,sail,steel,0,1,0.0,0.0
staging,2026-09-16,shree,cement,0,1,0.0,0.0
staging,2026-09-16,tata_steel,steel,0,1,0.0,0.0
staging,2026-09-16,ultratech,cement,0,1,0.0,0.0
staging,2026-09-16,vaml,aluminium,0,1,0.0,0.0
staging,2026-09-16,vedanta,aluminium,0,1,0.0,0.0
staging,2026-09-17,amber,ems,1,4,0.25,0.5
staging,2026-09-17,ambuja,cement,0,4,0.0,0.0
staging,2026-09-17,apl_apollo,steel,0,4,0.0,0.0
staging,2026-09-17,coal_india,mining,0,4,0.0,0.0
staging,2026-09-17,dalmia,cement,1,4,0.25,1.0
staging,2026-09-17,dixon,ems,0,4,0.0,0.0
staging,2026-09-17,hindalco,aluminium,1,4,0.25,1.0
staging,2026-09-17,hindustan_copper,mining,0,4,0.0,0.0
staging,2026-09-17,hindustan_zinc,aluminium,0,4,0.0,0.0
staging,2026-09-17,jindal_steel,steel,0,4,0.0,0.0
staging,2026-09-17,jsw_steel,steel,0,4,0.0,0.0
staging,2026-09-17,kaynes,ems,1,4,0.25,0.5
staging,2026-09-17,nalco,aluminium,0,4,0.0,0.0
staging,2026-09-17,nmdc,mining,0,4,0.0,0.0
staging,2026-09-17,pg_electroplast,ems,0,4,0.0,0.0
staging,2026-09-17,sail,steel,0,4,0.0,0.0
staging,2026-09-17,shree,cement,0,4,0.0,0.0
staging,2026-09-17,tata_steel,steel,0,4,0.0,0.0
staging,2026-09-17,ultratech,cement,0,4,0.0,0.0
staging,2026-09-17,vaml,aluminium,0,4,0.0,0.0
staging,2026-09-17,vedanta,aluminium,0,4,0.0,0.0
staging,2026-09-18,amber,ems,0,13,0.0,0.0
staging,2026-09-18,ambuja,cement,0,13,0.0,0.0
staging,2026-09-18,apl_apollo,steel,0,13,0.0,0.0
staging,2026-09-18,coal_india,mining,0,13,0.0,0.0
staging,2026-09-18,dalmia,cement,0,13,0.0,0.0
staging,2026-09-18,dixon,ems,1,13,0.07692307692307693,0.2
staging,2026-09-18,hindalco,aluminium,0,13,0.0,0.0
staging,2026-09-18,hindustan_copper,mining,0,13,0.0,0.0
staging,2026-09-18,hindustan_zinc,aluminium,0,13,0.0,0.0
staging,2026-09-18,jindal_steel,steel,1,13,0.07692307692307693,0.2
staging,2026-09-18,jsw_steel,steel,1,13,0.07692307692307693,0.2
staging,2026-09-18,kaynes,ems,4,13,0.3076923076923077,0.8
staging,2026-09-18,nalco,aluminium,0,13,0.0,0.0
staging,2026-09-18,nmdc,mining,0,13,0.0,0.0
staging,2026-09-18,pg_electroplast,ems,0,13,0.0,0.0
staging,2026-09-18,sail,steel,2,13,0.15384615384615385,0.4
staging,2026-09-18,shree,cement,0,13,0.0,0.0
staging,2026-09-18,tata_steel,steel,1,13,0.07692307692307693,0.2
staging,2026-09-18,ultratech,cement,0,13,0.0,0.0
staging,2026-09-18,vaml,aluminium,2,13,0.15384615384615385,1.0
staging,2026-09-18,vedanta,aluminium,0,13,0.0,0.0
staging,2026-09-18,_broad,?,1,13,0.07692307692307693,1.0
staging,2026-09-19,amber,ems,0,1,0.0,0.0
staging,2026-09-19,ambuja,cement,0,1,0.0,0.0
staging,2026-09-19,apl_apollo,steel,0,1,0.0,0.0
staging,2026-09-19,coal_india,mining,0,1,0.0,0.0
staging,2026-09-19,dalmia,cement,0,1,0.0,0.0
staging,2026-09-19,dixon,ems,0,1,0.0,0.0
staging,2026-09-19,hindalco,aluminium,0,1,0.0,0.0
staging,2026-09-19,hindustan_copper,mining,0,1,0.0,0.0
staging,2026-09-19,hindustan_zinc,aluminium,0,1,0.0,0.0
staging,2026-09-19,jindal_steel,steel,0,1,0.0,0.0
staging,2026-09-19,jsw_steel,steel,0,1,0.0,0.0
staging,2026-09-19,nalco,aluminium,0,1,0.0,0.0
staging,2026-09-19,nmdc,mining,0,1,0.0,0.0
staging,2026-09-19,pg_electroplast,ems,0,1,0.0,0.0
staging,2026-09-19,sail,steel,0,1,0.0,0.0
staging,2026-09-19,shree,cement,0,1,0.0,0.0
staging,2026-09-19,tata_steel,steel,0,1,0.0,0.0
staging,2026-09-19,ultratech,cement,0,1,0.0,0.0
staging,2026-09-19,vaml,aluminium,0,1,0.0,0.0
staging,2026-09-19,vedanta,aluminium,0,1,0.0,0.0
staging,2026-09-19,kaynes,ems,1,1,1.0,1.0
